time_s,gyro_pitch_rad_s
0.0,0.05185406460138893
0.01,0.07130940423677914
0.02,-0.008874040248938772
0.03,-0.010070594184029343
0.04,-0.03167077058773436
0.05,-0.05237655928020751
0.06,-0.05555135888586518
0.07,-0.0843620365077649
0.08,-0.1200739195525218
0.09,-0.13591721608905066
0.1,-0.17429281883150932
0.11,-0.2053630993534556
0.12,-0.2324184263353761
0.13,-0.2914704657889453
0.14,-0.33079371248265993
0.15,-0.3644535906982979
0.16,-0.4187373076213476
0.17,-0.4515866589147983
0.18,-0.5053212521644004
0.19,-0.5474384617587639
0.2,-0.5514547533461048
0.21,-0.5970877166272592
0.22,-0.6190070482298441
0.23,-0.6551103691596936
0.24,-0.6640192926439386
0.25,-0.6719336149965635
0.26,-0.6959860793991098
0.27,-0.6893074396298686
0.28,-0.7050334375242696
0.29,-0.7054965632952899
0.3,-0.7099782787135063
0.31,-0.6846095466809903
0.32,-0.7001043793993801
0.33,-0.7051888922001328
0.34,-0.6789775054247704
0.35,-0.6900958987193149
0.36,-0.6647216272497324
0.37,-0.6737128510914238
0.38,-0.6532310534485395
0.39,-0.6224835980447585
0.4,-0.600381595726052
0.41,-0.5883164847796445
0.42,-0.5725365417171906
0.43,-0.5549599860615293
0.44,-0.5466515574236873
0.45,-0.5184562818899776
0.46,-0.4948512356217165
0.47,-0.45837299740510823
0.48,-0.4440318156718695
0.49,-0.4435535656849958
0.5,-0.4011705733979519
0.51,-0.3868797943658274
0.52,-0.36863565816544397
0.53,-0.3348918950733366
0.54,-0.31022463167767544
0.55,-0.2912046250615153
0.56,-0.2894163616770742
0.5700000000000001,-0.26520820328500433
0.58,-0.24053570497232749
0.59,-0.2165148567183184
0.6,-0.2142172508983137
0.61,-0.19520833037718227
0.62,-0.1891445494771824
0.63,-0.175602683394419
0.64,-0.14192616124989213
0.65,-0.12376750584975417
0.66,-0.12620754425060365
0.67,-0.10449534160692936
0.68,-0.10084536418690244
0.6900000000000001,-0.10172966462251454
0.7000000000000001,-0.08336077250045747
0.71,-0.0641601889373421
0.72,-0.07332072079476631
0.73,-0.05157725185143583
0.74,-0.08850191958294085
0.75,-0.04996325423833696
0.76,-0.05396163748246728
0.77,-0.055216783807977066
0.78,-0.04941925588121848
0.79,-0.06900730891729162
0.8,-0.05077526798004542
0.81,-0.04507285383692004
0.8200000000000001,-0.03451428723890024
0.8300000000000001,-0.05567352377271237
0.84,-0.06028565077884336
0.85,-0.059404060772623654
0.86,-0.04785753420391545
0.87,-0.056751813330224346
0.88,-0.06873099437836809
0.89,-0.06202502170161224
0.9,-0.0702058894423869
0.91,-0.065768910254813
0.92,-0.08698013325195952
0.93,-0.08793270950865027
0.94,-0.09343357694906138
0.95,-0.10913272780236959
0.96,-0.09662004730205763
0.97,-0.1021241038296123
0.98,-0.10987910455060419
0.99,-0.11748765900620466
1.0,-0.13449819165212906
1.01,-0.1297213906123358
1.02,-0.13405835323641338
1.03,-0.14369559977998508
1.04,-0.1422336618863155
1.05,-0.1414171247235264
1.06,-0.131305423030313
1.07,-0.15298940839699712
1.08,-0.1565727273337711
1.09,-0.16413918616017456
1.1,-0.18665209528295623
1.11,-0.17161341371909217
1.12,-0.17443650503453415
1.13,-0.15389725186511735
1.14,-0.18373942027904433
1.15,-0.18187788248470207
1.16,-0.18810671049386893
1.17,-0.20209968189257255
1.18,-0.1814244765994416
1.19,-0.18756008195262078
1.2,-0.18918404500340763
1.21,-0.2079936493050791
1.22,-0.18647072843416013
1.23,-0.21591335043676893
1.24,-0.19722419166640762
1.25,-0.18219300650159043
1.26,-0.2148203082620874
1.27,-0.2112141160721039
1.28,-0.2050163281346695
1.29,-0.21134192129612192
1.3,-0.22194821159231692
1.31,-0.20573822537579123
1.32,-0.21688506614846476
1.33,-0.201228410813883
1.34,-0.21473340967683244
1.35,-0.18949568734565603
1.36,-0.21217303396336126
1.37,-0.20680479135905447
1.38,-0.19459947115038861
1.39,-0.21410908109161925
1.4,-0.1985154099694279
1.41,-0.18664026007709414
1.42,-0.2146484854466779
1.43,-0.19553756916870507
1.44,-0.19355142127172978
1.45,-0.1870620182371021
1.46,-0.20595072786812083
1.47,-0.20546478757290726
1.48,-0.18570459812836643
1.49,-0.18660921491211555
1.5,-0.18572658668604006
1.51,-0.18342271810561486
1.52,-0.19235185659890872
1.53,-0.18190735864814378
1.54,-0.1799961423596608
1.55,-0.1887904983795263
1.56,-0.16173661306996212
1.57,-0.17443442217502483
1.58,-0.18989861403011218
1.59,-0.1702703765301054
1.6,-0.18547330095834272
1.61,-0.1667888468131529
1.62,-0.16205165523248527
1.63,-0.180868816485029
1.64,-0.16210052398159408
1.65,-0.16672782436391462
1.66,-0.16180629543539532
1.67,-0.15028072784502625
1.68,-0.17097511462716
1.69,-0.17538205246173802
1.7,-0.17611400207805986
1.71,-0.17480144048570037
1.72,-0.16688853982296495
1.73,-0.16222908879063636
1.74,-0.16244469988007434
1.75,-0.15655753264233147
1.76,-0.16436255165324395
1.77,-0.14966443372670585
1.78,-0.16659596967264018
1.79,-0.1365380718700486
1.8,-0.15731240170631236
1.81,-0.17200704097445563
1.82,-0.17404591638570494
1.83,-0.15844692693604825
1.84,-0.1654720232211915
1.85,-0.15609213501294597
1.86,-0.15852140045792287
1.87,-0.16402847359473233
1.88,-0.17183717659907227
1.89,-0.17860729708036766
1.9,-0.16803198985555912
1.91,-0.15512722261081066
1.92,-0.1616889557844242
1.93,-0.1764382744874298
1.94,-0.1624104276141595
1.95,-0.16045886973013845
1.96,-0.17332704046511394
1.97,-0.1631324778207884
1.98,-0.1642720384163321
1.99,-0.17646972650652903
2.0,-0.16164799335644428
2.01,-0.15980233494148366
2.02,-0.15476105761184486
2.03,-0.15523070716055878
2.04,-0.17971712389900263
2.05,-0.17548379206202513
2.06,-0.161112660803208
2.07,-0.1612740252063225
2.08,-0.16140080490524425
2.09,-0.1281531027897809
2.1,-0.16108968612644353
2.11,-0.1555495290429085
2.12,-0.15745964844177857
2.13,-0.16056766710689513
2.14,-0.17030324355601045
2.15,-0.15961658948174814
2.16,-0.17497679808909763
2.17,-0.16964537514558198
2.18,-0.17214575935461535
2.19,-0.16647458615624117
2.2,-0.14413425278220052
2.21,-0.1859274045935799
2.22,-0.16035252552254908
2.23,-0.18328912868239614
2.24,-0.17181489352174883
2.25,-0.15612677810963815
2.26,-0.16628167752726328
2.27,-0.17759801800990077
2.28,-0.1738580437939074
2.29,-0.15978228170284814
2.3000000000000003,-0.17374448947124077
2.31,-0.16412862802489175
2.32,-0.16568024489763977
2.33,-0.1724856197254361
2.34,-0.14435528682171175
2.35,-0.1592726693033966
2.36,-0.1856730033390458
2.37,-0.16335990534294065
2.38,-0.1716389026531999
2.39,-0.15628757406358187
2.4,-0.17252281909161601
2.41,-0.16552602104900838
2.42,-0.15910541749901755
2.43,-0.15527046643008502
2.44,-0.17570030516308627
2.45,-0.1668087576851774
2.46,-0.16797715618318168
2.47,-0.16952296240252904
2.48,-0.14509554222016893
2.49,-0.15845954933403636
2.5,-0.17487675533265068
2.51,-0.15284749315968243
2.52,-0.14056275402434976
2.53,-0.15121821083153464
2.54,-0.17649577029555294
2.5500000000000003,-0.16590457183944274
2.56,-0.14815450456562917
2.57,-0.16766316895249023
2.58,-0.15591283804343264
2.59,-0.15237115393833173
2.6,-0.16915534786503794
2.61,-0.16025209274294272
2.62,-0.19184269563764306
2.63,-0.1694495877252835
2.64,-0.1615096868198049
2.65,-0.1712428154666612
2.66,-0.14222459394144854
2.67,-0.17263663168816074
2.68,-0.16252498663899223
2.69,-0.15660928170370628
2.7,-0.14329891545770415
2.71,-0.1718680245309552
2.72,-0.14567827881171772
2.73,-0.15701080966121883
2.74,-0.16673410139674083
2.75,-0.1521064345019738
2.76,-0.15454782541582612
2.77,-0.16235395296374663
2.78,-0.15546943561624732
2.79,-0.15983846968054702
2.8000000000000003,-0.15467013066337731
2.81,-0.14900594367839953
2.82,-0.13959088264826278
2.83,-0.16765473471165981
2.84,-0.13377337496026506
2.85,-0.1744531851794093
2.86,-0.15628009416920274
2.87,-0.14871021217223085
2.88,-0.15161567903901457
2.89,-0.16048574703528515
2.9,-0.15617393859978937
2.91,-0.15885737122891805
2.92,-0.15965621058035392
2.93,-0.14510217524953986
2.94,-0.14986398676432752
2.95,-0.16019937908335374
2.96,-0.14411051005931308
2.97,-0.14986971603839672
2.98,-0.1446501666132927
2.99,-0.14631835248040498
3.0,-0.16074012834286514
3.01,-0.1578871233494352
3.02,-0.1446470277297608
3.03,-0.14585035252596196
3.04,-0.1519965333137312
3.0500000000000003,-0.1504470125848865
3.06,-0.13867565525002867
3.0700000000000003,-0.1571992323528263
3.08,-0.14564290887769382
3.09,-0.15296528262056874
3.1,-0.1529487155488387
3.11,-0.1396117267638432
3.12,-0.1421719436056161
3.13,-0.1421166234979024
3.14,-0.13702153143987222
3.15,-0.14968985842527383
3.16,-0.1429029175629722
3.17,-0.15264663823419397
3.18,-0.1461228075480801
3.19,-0.15048538705370365
3.2,-0.1480324790730571
3.21,-0.14286836267675737
3.22,-0.15681866440983624
3.23,-0.12752816131732023
3.24,-0.15832686036113142
3.25,-0.160222327703044
3.26,-0.13631221920996314
3.27,-0.13978874944902345
3.28,-0.14127542116934177
3.29,-0.1410436355957381
3.3000000000000003,-0.14725929326982096
3.31,-0.15591840370579232
3.3200000000000003,-0.14599618530727446
3.33,-0.15333359274623243
3.34,-0.1366179346118049
3.35,-0.1476463115134541
3.36,-0.15423680266685133
3.37,-0.14900130694111724
3.38,-0.14146331380781715
3.39,-0.15103465232035335
3.4,-0.1534240237145073
3.41,-0.1425690302024704
3.42,-0.14236002285823057
3.43,-0.1496826432911708
3.44,-0.14912688612100014
3.45,-0.14189909435098164
3.46,-0.15850335615615124
3.47,-0.15789992566641417
3.48,-0.1508123878158596
3.49,-0.1455649821145327
3.5,-0.14012393050651048
3.51,-0.12828189180357819
3.52,-0.13426127787152412
3.53,-0.14423967031984358
3.54,-0.1426328656610513
3.5500000000000003,-0.15227043869591228
3.56,-0.14223275446149292
3.5700000000000003,-0.1447367362484161
3.58,-0.13842555031318382
3.59,-0.14972769981327724
3.6,-0.13606465575735208
3.61,-0.12573354461046415
3.62,-0.141951435296129
3.63,-0.1366497075144028
3.64,-0.13356846898887179
3.65,-0.14428529227179487
3.66,-0.13783543599013084
3.67,-0.13975380376745716
3.68,-0.13870642561421478
3.69,-0.14721683238014988
3.7,-0.13904526630595937
3.71,-0.1341140999168088
3.72,-0.12438643784925958
3.73,-0.12910902753316025
3.74,-0.11697383778705663
3.75,-0.1459831227456887
3.76,-0.12939047679887744
3.77,-0.1360843432526539
3.78,-0.11582385077535547
3.79,-0.14560900879464514
3.8,-0.1457274115012009
3.81,-0.14312830019162692
3.82,-0.1581775173756242
3.83,-0.14200029475789522
3.84,-0.1441382459630229
3.85,-0.13484713922869773
3.86,-0.13273765076507282
3.87,-0.11719760423109744
3.88,-0.1262591382825879
3.89,-0.14133643278992744
3.9,-0.14435551197893798
3.91,-0.13025608635848057
3.92,-0.1481814614423599
3.93,-0.11646832664086705
3.94,-0.12279222722817533
3.95,-0.13908202433835468
3.96,-0.15132517424257166
3.97,-0.12045858508169326
3.98,-0.13494610335441967
3.99,-0.1212258520252003
4.0,-0.14935151458696358
4.01,-0.13920412262744214
4.0200000000000005,-0.13296098076128
4.03,-0.1323465680367057
4.04,-0.13711989612239836
4.05,-0.1261935215547755
4.0600000000000005,-0.14290091794599488
4.07,-0.13345111627752415
4.08,-0.13062689000131422
4.09,-0.12648790249992561
4.1,-0.12431850911011079
4.11,-0.1424833716494252
4.12,-0.14638031467323903
4.13,-0.1180645603054797
4.14,-0.12732028151876018
4.15,-0.13793032218693754
4.16,-0.11473591909070109
4.17,-0.12889262638027643
4.18,-0.11805829183965712
4.19,-0.12897793232448332
4.2,-0.10884745944331824
4.21,-0.11170332566193696
4.22,-0.13154815068187514
4.23,-0.11914456050046783
4.24,-0.12220826310502501
4.25,-0.11477745754079731
4.26,-0.13791476236011746
4.2700000000000005,-0.12120677814836141
4.28,-0.11728482947990372
4.29,-0.14525827367006994
4.3,-0.13930529748461856
4.3100000000000005,-0.14766690299130372
4.32,-0.12977055988475458
4.33,-0.11970302689302088
4.34,-0.1116568904725599
4.3500000000000005,-0.12574158433578336
4.36,-0.10999851332160578
4.37,-0.13988789128119034
4.38,-0.14292298599140427
4.39,-0.1262470060482326
4.4,-0.12165333006678543
4.41,-0.12562348092531142
4.42,-0.14577360195931427
4.43,-0.12579313260658778
4.44,-0.13774948719339056
4.45,-0.1178110402612099
4.46,-0.12064487516723561
4.47,-0.13351287029462655
4.48,-0.12905608381401645
4.49,-0.13431302383313984
4.5,-0.12415128956179163
4.51,-0.11377682547853542
4.5200000000000005,-0.13298940336440584
4.53,-0.11789571997833125
4.54,-0.1280429553493243
4.55,-0.13047345700181476
4.5600000000000005,-0.12341954085765268
4.57,-0.13250633161731665
4.58,-0.12749523854063263
4.59,-0.13374253078652898
4.6000000000000005,-0.1019216794277671
4.61,-0.12102164982815701
4.62,-0.12817707381925475
4.63,-0.11884573486935927
4.64,-0.1219147145473345
4.65,-0.12280721789669051
4.66,-0.11426213342561505
4.67,-0.11263519538139803
4.68,-0.12532195236806967
4.69,-0.1255819908564301
4.7,-0.12238139489612902
4.71,-0.14245736371119286
4.72,-0.13439754422092995
4.73,-0.10538458257380064
4.74,-0.10241155258548505
4.75,-0.12115971011358116
4.76,-0.11271211830892054
4.7700000000000005,-0.11517374553694636
4.78,-0.08730622176064631
4.79,-0.10670828981483234
4.8,-0.11899245295462756
4.8100000000000005,-0.12707815129402325
4.82,-0.13339691439345164
4.83,-0.11510775631351107
4.84,-0.12451608151543693
4.8500000000000005,-0.13098553519545333
4.86,-0.12303939636889537
4.87,-0.12720006512889084
4.88,-0.09932433720126806
4.89,-0.10719077809163328
4.9,-0.11589858059192558
4.91,-0.10083135047451225
4.92,-0.11466930839504912
4.93,-0.12386829776852344
4.94,-0.0998369466873092
4.95,-0.1094920888851501
4.96,-0.12506692560865207
4.97,-0.11641140118031178
4.98,-0.12307802554953647
4.99,-0.12796394989412638
5.0,-0.10468857027683859
5.01,-0.0946708587328822
5.0200000000000005,-0.1275656690671093
5.03,-0.10776556051332227
5.04,-0.11971723199935426
5.05,-0.11789790992608866
5.0600000000000005,-0.11876674389514859
5.07,-0.12129916208198215
5.08,-0.11199079133954142
5.09,-0.12060256779750088
5.1000000000000005,-0.10940586539256521
5.11,-0.11243049192604397
5.12,-0.114135580743926
5.13,-0.12064004063396906
5.14,-0.1171507373151361
5.15,-0.10364804989602314
5.16,-0.10601204838886678
5.17,-0.1206163525303514
5.18,-0.10966738021326934
5.19,-0.10296706016747752
5.2,-0.12699553879201073
5.21,-0.10468876649533844
5.22,-0.11656981763206377
5.23,-0.10405913540381428
5.24,-0.11721958727540487
5.25,-0.12745802296913147
5.26,-0.12550716619409732
5.2700000000000005,-0.10857376667775999
5.28,-0.10628060071611649
5.29,-0.11774453752375129
5.3,-0.10213932877210256
5.3100000000000005,-0.1249646731216353
5.32,-0.10883482708732366
5.33,-0.12010908548124126
5.34,-0.11434251695080848
5.3500000000000005,-0.10717573968884174
5.36,-0.11607976876659991
5.37,-0.11114743740257156
5.38,-0.0970655387123986
5.39,-0.11272430811675808
5.4,-0.09842572837880796
5.41,-0.11790731518788296
5.42,-0.10114013858719197
5.43,-0.09185076390528019
5.44,-0.13081150023623542
5.45,-0.11389294756922376
5.46,-0.0999825473813703
5.47,-0.10761332913991824
5.48,-0.10170135521642899
5.49,-0.11128293551941411
5.5,-0.10420778543103859
5.51,-0.1064613841198135
5.5200000000000005,-0.09305804720905113
5.53,-0.10202324178543416
5.54,-0.10102333099997488
5.55,-0.10835035831588556
5.5600000000000005,-0.10894020413160584
5.57,-0.1082225977294539
5.58,-0.09978568758792412
5.59,-0.10777356461322703
5.6000000000000005,-0.10049979805477567
5.61,-0.08247767983653541
5.62,-0.09435489468908297
5.63,-0.10616114193565242
5.64,-0.09072384153334345
5.65,-0.106652116111066
5.66,-0.12278829505480963
5.67,-0.11232390402204685
5.68,-0.12078725339472425
5.69,-0.10543106251787789
5.7,-0.10156863574799609
5.71,-0.08482563478814896
5.72,-0.09815821718588197
5.73,-0.10345627199544405
5.74,-0.0928092775793909
5.75,-0.12305304219588555
5.76,-0.09842418640509734
5.7700000000000005,-0.09291060823549942
5.78,-0.1152443342795731
5.79,-0.088860424659543
5.8,-0.09675277408630725
5.8100000000000005,-0.10413066836351301
5.82,-0.09349029783279725
5.83,-0.07695178962459413
5.84,-0.09768093005650774
5.8500000000000005,-0.09685853212543213
5.86,-0.10377576165019474
5.87,-0.10752227863773643
5.88,-0.09056242505541753
5.89,-0.10726883414707998
5.9,-0.09783480900618167
5.91,-0.10316978262915276
5.92,-0.09344640648649657
5.93,-0.09474283861800811
5.94,-0.0875475720846851
5.95,-0.10286690292783847
5.96,-0.10030950992841811
5.97,-0.10724267230566596
5.98,-0.10174249401363622
5.99,-0.09337133324211208
6.0,-0.08941947810877778
6.01,-0.10605629185815336
6.0200000000000005,-0.08798410093831699
6.03,-0.0829695492480861
6.04,-0.09223759171545708
6.05,-0.07745023983911954
6.0600000000000005,-0.10380259061889294
6.07,-0.10835798896139327
6.08,-0.11354562959682378
6.09,-0.08064521034420925
6.1000000000000005,-0.08890946376251362
6.11,-0.09585667381272454
6.12,-0.0923490869747721
6.13,-0.10625184869941647
6.140000000000001,-0.07038786182122572
6.15,-0.09340183119039501
6.16,-0.09344899410863357
6.17,-0.08713441221243617
6.18,-0.08943135963354586
6.19,-0.0918522221106609
6.2,-0.10184565406313811
6.21,-0.08907630974378744
6.22,-0.07482106875501586
6.23,-0.08003767025577242
6.24,-0.07741079808347863
6.25,-0.09830585147045125
6.26,-0.1029410101234494
6.2700000000000005,-0.09415433537512358
6.28,-0.09219095856775895
6.29,-0.08165827155432742
6.3,-0.10937704992820628
6.3100000000000005,-0.07700935552622115
6.32,-0.09373763138980878
6.33,-0.0962792958165145
6.34,-0.10198470108879597
6.3500000000000005,-0.1082656362954789
6.36,-0.08333901655281155
6.37,-0.09069143670193586
6.38,-0.10417836114559013
6.390000000000001,-0.10408391809882746
6.4,-0.09434559875401809
6.41,-0.07415240177498518
6.42,-0.09329364045577354
6.43,-0.10558451183053887
6.44,-0.09286611456673693
6.45,-0.09299176837544351
6.46,-0.1170894958703035
6.47,-0.09051992379312741
6.48,-0.09214291598164667
6.49,-0.08272835341414461
6.5,-0.07105795431841135
6.51,-0.07813921601684543
6.5200000000000005,-0.0919513581404985
6.53,-0.1001855901847931
6.54,-0.06324484895010758
6.55,-0.08824463565391041
6.5600000000000005,-0.08855615833545442
6.57,-0.08879559277662913
6.58,-0.08643264549805024
6.59,-0.08971651014978362
6.6000000000000005,-0.09386920193967696
6.61,-0.09346111124457013
6.62,-0.08818025983557419
6.63,-0.09314744671749504
6.640000000000001,-0.09470239652023414
6.65,-0.08637064517198023
6.66,-0.08984599870971455
6.67,-0.07211784733891641
6.68,-0.11352929887936501
6.69,-0.07596663001347127
6.7,-0.07428321980187161
6.71,-0.1073406239963982
6.72,-0.08989652560732449
6.73,-0.0900472656686935
6.74,-0.1002714619461256
6.75,-0.09383828181259775
6.76,-0.09702992657451388
6.7700000000000005,-0.06826580140926987
6.78,-0.07629634546716889
6.79,-0.0728024891210359
6.8,-0.07816651849923795
6.8100000000000005,-0.09653924558823629
6.82,-0.09035971020518534
6.83,-0.08008683377816982
6.84,-0.09706822274922736
6.8500000000000005,-0.07758362027720851
6.86,-0.08698381434042304
6.87,-0.08819602127222467
6.88,-0.07720576459003908
6.890000000000001,-0.07974058163088239
6.9,-0.08766102741676249
6.91,-0.07232652039630191
6.92,-0.09459920713235836
6.93,-0.07749827704054636
6.94,-0.07759598465755085
6.95,-0.0864921316504166
6.96,-0.08000531393820301
6.97,-0.09564806467151822
6.98,-0.07376725223515099
6.99,-0.08472744697952889
7.0,-0.08797686953785999
7.01,-0.07213107214706471
7.0200000000000005,-0.0895364385270438
7.03,-0.0964497646944095
7.04,-0.09780390717765733
7.05,-0.0760502939112076
7.0600000000000005,-0.09478777982786282
7.07,-0.06430895283864554
7.08,-0.10254991310633511
7.09,-0.06464009621656171
7.1000000000000005,-0.07936884304416052
7.11,-0.08232082398929222
7.12,-0.08667787657366859
7.13,-0.07711263536947659
7.140000000000001,-0.08135597255683698
7.15,-0.06982255413087098
7.16,-0.0795895624144305
7.17,-0.07910540584589591
7.18,-0.08412144877382625
7.19,-0.08093200467768907
7.2,-0.07716207104685881
7.21,-0.09721963131543736
7.22,-0.09347797841395633
7.23,-0.07244197794219495
7.24,-0.07804477675175599
7.25,-0.08147239392460039
7.26,-0.07932766739273588
7.27,-0.07591595206360048
7.28,-0.0846694439832063
7.29,-0.08693528754400592
7.3,-0.07707449521421868
7.31,-0.08869769664092632
7.32,-0.07471277523154538
7.33,-0.0957027847205909
7.34,-0.06826734924312626
7.35,-0.07371519780441838
7.36,-0.07576345133985674
7.37,-0.06837972285220616
7.38,-0.061435079066314735
7.390000000000001,-0.0678296192923874
7.4,-0.09626586304791186
7.41,-0.0905369942497933
7.42,-0.08387381590696728
7.43,-0.07724942546884565
7.44,-0.07221875044522276
7.45,-0.08453808079545234
7.46,-0.07529857281904521
7.47,-0.08460596177933032
7.48,-0.08305349503289068
7.49,-0.09089140339550061
7.5,-0.08594388947101254
7.51,-0.09011545505181033
7.52,-0.08624467912192882
7.53,-0.06583715000702821
7.54,-0.08575546016819903
7.55,-0.049825833975164185
7.56,-0.07110493707804161
7.57,-0.07407849248940646
7.58,-0.08439944337626654
7.59,-0.06870205084745368
7.6,-0.08135108218054464
7.61,-0.07426442823074209
7.62,-0.04977376959333765
7.63,-0.0762255666560354
7.640000000000001,-0.06366284909572203
7.65,-0.08207822125093667
7.66,-0.07528747440475972
7.67,-0.057120971415918306
7.68,-0.08099029030623957
7.69,-0.05648802769941441
7.7,-0.06742713698440554
7.71,-0.08002171458413487
7.72,-0.06796560527226618
7.73,-0.06445701728910071
7.74,-0.06785758251506722
7.75,-0.08967128887471205
7.76,-0.08113401013169838
7.77,-0.07623165657506495
7.78,-0.07439486951346046
7.79,-0.0673381104359067
7.8,-0.07166234682906095
7.81,-0.0866875531670503
7.82,-0.06942710922889947
7.83,-0.06701843199349937
7.84,-0.0674218083833778
7.85,-0.06210754892434327
7.86,-0.06447199607713847
7.87,-0.06811549465757463
7.88,-0.07330524507079937
7.890000000000001,-0.089109702808483
7.9,-0.06810062817977014
7.91,-0.07021686018727769
7.92,-0.06947508361478487
7.930000000000001,-0.0848556994044237
7.94,-0.08279632597572043
7.95,-0.06135198280750956
7.96,-0.07217701611465044
7.97,-0.06486461197109696
7.98,-0.07129478939909509
7.99,-0.07117896458772864
8.0,-0.06199243815888812
8.01,-0.07643467000501414
8.02,-0.07021215662842437
8.03,-0.07569545308162422
8.040000000000001,-0.07531719138699225
8.05,-0.07396367143530778
8.06,-0.06855052483964526
8.07,-0.07545945154208807
8.08,-0.05801469644917999
8.09,-0.07941881196160164
8.1,-0.07224212476464759
8.11,-0.07467157578156994
8.120000000000001,-0.055705530115005564
8.13,-0.06811099127728285
8.14,-0.05965950954408655
8.15,-0.08473515991420841
8.16,-0.0671108397024604
8.17,-0.06078700514496112
8.18,-0.06876262818810876
8.19,-0.05883300327226337
8.2,-0.07456321419639092
8.21,-0.0551995615090797
8.22,-0.04620694428998419
8.23,-0.07272738404535978
8.24,-0.07345727981163862
8.25,-0.054371849209032874
8.26,-0.05301359515629478
8.27,-0.07394172283425739
8.28,-0.07281898010258238
8.290000000000001,-0.07133913095116126
8.3,-0.08187014664538676
8.31,-0.07751670162974349
8.32,-0.07827631467075717
8.33,-0.07581779198646578
8.34,-0.06839175935392941
8.35,-0.06560804246252629
8.36,-0.05235064971257282
8.370000000000001,-0.07774484585765382
8.38,-0.057823918672327154
8.39,-0.06971305517164478
8.4,-0.06797401525835284
8.41,-0.060637582552702865
8.42,-0.07851958542667298
8.43,-0.06337504447692359
8.44,-0.06544158616388783
8.45,-0.0620887521015972
8.46,-0.06402892561461972
8.47,-0.042275149428724845
8.48,-0.07311328156886246
8.49,-0.07195377497672158
8.5,-0.07278332788447395
8.51,-0.07201500520238834
8.52,-0.07274261158650647
8.53,-0.05438727694201127
8.540000000000001,-0.05198129808318644
8.55,-0.07180289892138546
8.56,-0.07432828499270959
8.57,-0.06120006558303026
8.58,-0.0713461428357777
8.59,-0.059404485577240485
8.6,-0.0636146657788714
8.61,-0.08071163099439842
8.620000000000001,-0.04998963406357729
8.63,-0.04741660870058527
8.64,-0.07141417555447867
8.65,-0.06907441206473913
8.66,-0.062250055697316745
8.67,-0.06167566088327105
8.68,-0.05834651197906039
8.69,-0.0447418426768533
8.700000000000001,-0.0665255018121949
8.71,-0.07265135223183683
8.72,-0.07837413173784137
8.73,-0.07180300957774889
8.74,-0.06473795928483037
8.75,-0.04637430254259023
8.76,-0.06940939759821842
8.77,-0.06190902087086951
8.78,-0.06422495799271001
8.790000000000001,-0.052090838297396455
8.8,-0.03861970259064869
8.81,-0.0691121846475257
8.82,-0.06861257606787581
8.83,-0.05319147262483817
8.84,-0.056729281621498484
8.85,-0.04499645405977627
8.86,-0.05753979221389985
8.870000000000001,-0.06688775791395349
8.88,-0.0573042680290131
8.89,-0.05203997641576842
8.9,-0.054838602977941756
8.91,-0.05788731381780071
8.92,-0.05221015339091735
8.93,-0.05110100736722607
8.94,-0.04888965314002733
8.950000000000001,-0.05614164067230598
8.96,-0.06421763345124763
8.97,-0.06099724532595667
8.98,-0.05031743830682503
8.99,-0.07047024645631886
9.0,-0.05853273413480409
9.01,-0.0660716481919405
9.02,-0.06176981967367973
9.03,-0.049191971677289406
9.04,-0.059984936121729365
9.05,-0.061351211404955905
9.06,-0.07533400141033869
9.07,-0.0541929798829119
9.08,-0.05512096105823415
9.09,-0.03986375405836509
9.1,-0.0644947924262084
9.11,-0.05914642517406281
9.12,-0.05876521875928305
9.13,-0.045405857857207146
9.14,-0.06205488804986592
9.15,-0.0582334656116498
9.16,-0.054866669007586605
9.17,-0.05900170018165453
9.18,-0.06525448788338098
9.19,-0.05877181405593991
9.2,-0.049899159526070366
9.21,-0.0708235926867334
9.22,-0.059151904049192336
9.23,-0.06740616723761653
9.24,-0.04837804703434068
9.25,-0.07548413125301334
9.26,-0.06576542288563308
9.27,-0.05632821984902239
9.28,-0.0443694231003116
9.29,-0.06060668000570617
9.3,-0.06542587445406288
9.31,-0.04098719663418281
9.32,-0.07420397936355223
9.33,-0.08163715636797421
9.34,-0.05517439066130078
9.35,-0.06452069617472551
9.36,-0.06963827976003552
9.37,-0.05226836212923146
9.38,-0.05684007029245401
9.39,-0.06484518883080367
9.4,-0.07193394431378304
9.41,-0.05033299599921455
9.42,-0.052482396047256186
9.43,-0.05990317303731722
9.44,-0.04037221747867484
9.45,-0.06946677305093192
9.46,-0.07394867840083459
9.47,-0.06554017050248244
9.48,-0.05900477334817997
9.49,-0.05604350081152798
9.5,-0.06081739522415229
9.51,-0.054812775736342315
9.52,-0.07077717322310993
9.53,-0.0437527349687232
9.54,-0.058940646112315184
9.55,-0.046875079183194224
9.56,-0.05454983563914906
9.57,-0.05333875555154126
9.58,-0.052137959243417256
9.59,-0.05328803506130024
9.6,-0.05126752466778106
9.61,-0.04433300026234288
9.62,-0.05558922758701869
9.63,-0.05039445461164167
9.64,-0.05831204000707277
9.65,-0.042943838580679475
9.66,-0.06403939707415529
9.67,-0.03919666757623824
9.68,-0.05753838271663063
9.69,-0.07137541794336288
9.7,-0.05571761788145621
9.71,-0.06374030413508561
9.72,-0.04845460708296816
9.73,-0.0633186659593697
9.74,-0.06118577180851269
9.75,-0.07555098298565781
9.76,-0.06111040316971317
9.77,-0.08075802289543467
9.78,-0.07229027215512923
9.79,-0.048779235616208824
9.8,-0.04845764218068298
9.81,-0.05199345247585466
9.82,-0.06585029603220252
9.83,-0.0565902763327939
9.84,-0.05608193751729727
9.85,-0.06756242911774882
9.86,-0.04087778965020249
9.87,-0.04707126018306339
9.88,-0.05798775490098544
9.89,-0.05544260421094199
9.9,-0.05356110307230588
9.91,-0.0759958672844717
9.92,-0.057983998592273864
9.93,-0.06226589198853648
9.94,-0.06539619281473215
9.95,-0.05812505724286214
9.96,-0.037271368993479076
9.97,-0.04877410393855709
9.98,-0.06082873910313007
9.99,-0.04932565646539182
10.0,-0.040992583491455375
10.01,-0.045674573225907206
10.02,0.5399581372143409
10.03,0.4765364997308016
10.04,0.4255741757430325
10.05,0.3578629385213074
10.06,0.2988814661137604
10.07,0.23366999517438858
10.08,0.17722776287653405
10.09,0.10337491311701912
10.1,0.06695209944152267
10.11,0.0042565287232858955
10.12,-0.02469389952045124
10.13,-0.09604893568940208
10.14,-0.1113149293396317
10.15,-0.16190848401265293
10.16,-0.2012593897664606
10.17,-0.2260910721020888
10.18,-0.24666761473240192
10.19,-0.2572405558513594
10.2,-0.2702198915801553
10.21,-0.29127655950168596
10.22,-0.2922075223500674
10.23,-0.27353220051056565
10.24,-0.2774911261612989
10.25,-0.28730611769474373
10.26,-0.28556546626285717
10.27,-0.27668449403582224
10.28,-0.2616455609150398
10.29,-0.2661546722402424
10.3,-0.24518661536939265
10.31,-0.2448083925567263
10.32,-0.2087378015497568
10.33,-0.1902257129180662
10.34,-0.18510575279762295
10.35,-0.14795143103292457
10.36,-0.15942286317134902
10.37,-0.1455361488920046
10.38,-0.11280574573273626
10.39,-0.08932520579720886
10.4,-0.0684279903631121
10.41,-0.0761691010394577
10.42,-0.048044995670528334
10.43,-0.04748395969357587
10.44,-0.0381656993192636
10.45,-0.018056637211629475
10.46,-0.011959679542625803
10.47,-0.02697892545571869
10.48,0.009684111406828259
10.49,0.013740832517346518
10.5,-0.0023732399151209956
10.51,0.010748537370054791
10.52,0.013658136265163389
10.53,0.012332425407581771
10.54,0.0043786209449032994
10.55,0.0025420848576742823
10.56,0.007676201023525949
10.57,0.017707667003109547
10.58,0.008919789603797024
10.59,-0.003184576804637858
10.6,0.004889307843154549
10.61,-0.03497265999144865
10.62,0.001104573837750835
10.63,-0.0318417578026671
10.64,-0.02222965391467172
10.65,-0.033999561806877035
10.66,-0.039927100603626864
10.67,-0.019477262815275804
10.68,-0.03974904311547661
10.69,-0.03543372181156794
10.7,-0.04299948106232353
10.71,-0.041166273599857986
10.72,-0.048325320102709346
10.73,-0.0648116198250964
10.74,-0.044624419942525084
10.75,-0.06183802817055063
10.76,-0.0744829146388109
10.77,-0.06491760992961733
10.78,-0.047054263558390694
10.79,-0.054697867435004766
10.8,-0.06754751390832849
10.81,-0.06814971938198108
10.82,-0.06821974465097962
10.83,-0.044349042957015194
10.84,-0.06119548477903866
10.85,-0.0604174083447907
10.86,-0.05394294629329577
10.87,-0.06123160705482367
10.88,-0.06545037207492184
10.89,-0.06395150384809448
10.9,-0.06174018098763524
10.91,-0.06036057187262171
10.92,-0.051623362028825295
10.93,-0.05725676360325131
10.94,-0.0493086454583615
10.95,-0.056299045228098615
10.96,-0.05357477366004819
10.97,-0.07323777736193407
10.98,-0.04302405962255798
10.99,-0.04770097337696727
11.0,-0.04021978065481577
11.01,-0.07825903536212518
11.02,-0.02757754847979702
11.03,-0.04909447216807493
11.04,-0.03592942569510134
11.05,-0.056800075092104205
11.06,-0.03974065020636271
11.07,-0.05594699217629047
11.08,-0.05127054418317846
11.09,-0.025585764952808333
11.1,-0.046396211791637956
11.11,-0.04214468446155557
11.12,-0.03550996560269806
11.13,-0.03920270787302785
11.14,-0.04265638807734924
11.15,-0.04055885568268244
11.16,-0.02026355906070625
11.17,-0.04499897143771825
11.18,-0.04256715489390582
11.19,-0.03425181781832537
11.2,-0.03390288629719167
11.21,-0.033302115397919996
11.22,-0.039009057431264954
11.23,-0.05705549709260392
11.24,-0.029521180087083442
11.25,-0.05754612773907698
11.26,-0.04327717957825536
11.27,-0.05405777818494817
11.28,-0.04735585495091722
11.29,-0.043612005642091084
11.3,-0.04385505635236826
11.31,-0.043000778486690955
11.32,-0.031215478095546634
11.33,-0.042930340719218196
11.34,-0.05000040375813339
11.35,-0.03799106069795423
11.36,-0.0357904268032523
11.37,-0.059994931816863425
11.38,-0.041759743010170325
11.39,-0.040718918095709225
11.4,-0.05068620717087932
11.41,-0.03391760912746131
11.42,-0.049124783039312364
11.43,-0.04630480906261718
11.44,-0.04921584607463149
11.45,-0.04724354579976732
11.46,-0.058267408554678005
11.47,-0.06160305106915874
11.48,-0.03114936194789628
11.49,-0.05545126033354007
11.5,-0.05677948738960267
11.51,-0.06828131165803064
11.52,-0.053017968363867116
11.53,-0.05974035587215079
11.54,-0.029971555258154207
11.55,-0.03617779953600056
11.56,-0.05304451963948503
11.57,-0.02352914724089761
11.58,-0.03613033807589146
11.59,-0.04909524404263532
11.6,-0.07074472426207833
11.61,-0.022750031152179984
11.62,-0.05946918573623315
11.63,-0.061946743046926905
11.64,-0.035191632926581604
11.65,-0.02094960693160647
11.66,-0.03143926911803821
11.67,-0.03958264872516849
11.68,-0.03921857028469815
11.69,-0.036580676757975925
11.7,-0.03747829022290346
11.71,-0.04221208504495334
11.72,-0.04394172620051254
11.73,-0.04557234458570643
11.74,-0.052451290947448256
11.75,-0.04768580094528303
11.76,-0.061777819917233356
11.77,-0.04580227944955509
11.78,-0.054676503213765174
11.79,-0.05579893762667171
11.8,-0.042936985508846906
11.81,-0.0307889274689755
11.82,-0.035498684347030365
11.83,-0.06035939622351637
11.84,-0.05452264180804137
11.85,-0.03518986831637275
11.86,-0.054392770656683895
11.87,-0.04678351663491455
11.88,-0.03900482665105798
11.89,-0.05415575700797616
11.9,-0.04338427741927539
11.91,-0.05774273864958765
11.92,-0.05037933990149743
11.93,-0.04112976921807973
11.94,-0.06021823057016659
11.95,-0.03984307972894381
11.96,-0.04440263106834581
11.97,-0.038638745679028225
11.98,-0.04188094538625618
11.99,-0.030434263573831156
12.0,-0.04277823908623313
12.01,-0.04827868964073302
12.02,-0.04271524360157915
12.03,-0.038458357479274424
12.04,-0.04335548999170105
12.05,-0.043390656861606466
12.06,-0.05076879642883035
12.07,-0.05033010494903828
12.08,-0.057679357289137534
12.09,-0.026109814357285006
12.1,-0.05599662882794794
12.11,-0.05043966247970168
12.12,-0.050647550998398974
12.13,-0.03446740318483239
12.14,-0.046319652573618975
12.15,-0.030846616193152866
12.16,-0.05001322147813618
12.17,-0.04044306713172838
12.18,-0.05154159951320107
12.19,-0.021692190062092612
12.2,-0.05497564984127673
12.21,-0.039957869540403534
12.22,-0.03667513568407661
12.23,-0.03883214441395842
12.24,-0.04478062867252418
12.25,-0.04418394146462806
12.26,-0.0424059453913736
12.27,-0.04427272482237449
12.28,-0.033122851904973105
12.29,-0.020615618629606595
12.3,-0.04825521277071193
12.31,-0.05633798516706548
12.32,-0.04348262440437063
12.33,-0.01676272189970562
12.34,-0.05055671089830331
12.35,-0.026089062797176824
12.36,-0.02566358266664039
12.37,-0.047936907828016045
12.38,-0.03667168601249944
12.39,-0.026038082801751215
12.4,-0.04607388550555186
12.41,-0.04427898556190511
12.42,-0.04802056969265443
12.43,-0.05231190301827626
12.44,-0.04861767657310216
12.45,-0.05432485490198917
12.46,-0.041705151468015136
12.47,-0.049706233820703924
12.48,-0.03962913923765532
12.49,-0.05748643445497667
12.5,-0.038579140523306535
12.51,-0.033513106688235955
12.52,-0.06174619900481035
12.53,-0.03802872085112828
12.54,-0.029453043697049378
12.55,-0.053786599775925856
12.56,-0.02492493663225376
12.57,-0.03742096244519774
12.58,-0.04862179046284838
12.59,-0.042089915494121555
12.6,-0.03590954779201487
12.61,-0.040693400274597585
12.62,-0.03602658196530531
12.63,-0.050581620924257054
12.64,-0.03964207980113002
12.65,-0.055433700077393996
12.66,-0.0423697503895135
12.67,-0.05025757153330079
12.68,-0.04853487312217926
12.69,-0.028779795805114822
12.7,-0.03018885704204211
12.71,-0.034971885621016024
12.72,-0.05194778154946239
12.73,-0.04415020412754361
12.74,-0.028816686775916363
12.75,-0.03949211659633145
12.76,-0.01767768916681176
12.77,-0.03689958065811888
12.78,-0.038874116548793775
12.79,-0.04384769350876451
12.8,-0.03938311160930197
12.81,-0.042205279464488946
12.82,-0.0335616213539985
12.83,-0.03103787641672186
12.84,-0.048427047941092094
12.85,-0.05384179676252489
12.86,-0.05885389287679606
12.87,-0.03537435377314366
12.88,-0.05145041501171334
12.89,-0.06190818893467473
12.9,-0.03645608141745696
12.91,-0.015374505535031394
12.92,-0.040327890388301826
12.93,-0.03184500008531038
12.94,-0.03937438562385555
12.95,-0.04114439092708942
12.96,-0.030927587695291917
12.97,-0.042983998330421005
12.98,-0.037370271780726674
12.99,-0.03679020013896396
13.0,-0.04665110697377958
13.01,-0.03001284397046657
13.02,-0.04164597080362989
13.03,-0.04741697140008315
13.04,-0.034457608885116064
13.05,-0.04877061583445656
13.06,-0.039467394623797114
13.07,-0.03980370819657994
13.08,-0.028816916873302918
13.09,-0.03489228723056037
13.1,-0.03985297938871614
13.11,-0.031388530774466225
13.12,-0.025627646486598963
13.13,-0.033915191895276184
13.14,-0.039353387038480694
13.15,-0.05253893965050599
13.16,-0.05003542436173643
13.17,-0.04240029197572247
13.18,-0.04540697141307773
13.19,-0.04114541457417366
13.2,-0.03867310254930263
13.21,-0.03390662298793029
13.22,-0.03987253587230452
13.23,-0.03426657835756049
13.24,-0.038450946781938306
13.25,-0.058814502414041
13.26,-0.04841738642247044
13.27,-0.04042915388795566
13.28,-0.05104952189156298
13.29,-0.032917633730608756
13.3,-0.023573809836391426
13.31,-0.02665814744067863
13.32,-0.04094469322213179
13.33,-0.023867552529880782
13.34,-0.03725273960166488
13.35,-0.04207492509772759
13.36,-0.04480279421053969
13.37,-0.04165821763465878
13.38,-0.04248009318006789
13.39,-0.036859018045473924
13.4,-0.03692234679904195
13.41,-0.038462583827762256
13.42,-0.0340886708432795
13.43,-0.02651664940748189
13.44,-0.02889268152984546
13.45,-0.05320236442311363
13.46,-0.06385780907863424
13.47,-0.028940662756063263
13.48,-0.05191796415025171
13.49,-0.04046219765180743
13.5,-0.049881091538615294
13.51,-0.05616523448480079
13.52,-0.03269632284880182
13.53,-0.03048496974234843
13.54,-0.04380724775758049
13.55,-0.06391824025991179
13.56,-0.043435986579302824
13.57,-0.034021277951444634
13.58,-0.05269426072484909
13.59,-0.036037423957954645
13.6,-0.03799005080781866
13.61,-0.032010017466684915
13.62,-0.03657315984510767
13.63,-0.047465734846696445
13.64,-0.025735463081927482
13.65,-0.039252657138899194
13.66,-0.037906640647340714
13.67,-0.04693255909084866
13.68,-0.0419990365211257
13.69,-0.04638062576279911
13.7,-0.039228493768264525
13.71,-0.020348432662163563
13.72,-0.05115106273636376
13.73,-0.0535342484651458
13.74,-0.022653563499901514
13.75,-0.03942518470379466
13.76,-0.04398940509205307
13.77,-0.026866408954478536
13.78,-0.04328843742041884
13.79,-0.018939058863873436
13.8,-0.030386818742755613
13.81,-0.04201216016309292
13.82,-0.015526979421259569
13.83,-0.043124272771684985
13.84,-0.029613277984627828
13.85,-0.03400845989079228
13.86,-0.023951172262338418
13.87,-0.021320717759335975
13.88,-0.03658307754639353
13.89,-0.04440463141705753
13.9,-0.03223810894801464
13.91,-0.043582405343084454
13.92,-0.016638843656453076
13.93,-0.035374870135923026
13.94,-0.04036098871251549
13.95,-0.03482856193822602
13.96,-0.05011426134081416
13.97,-0.04632681353644261
13.98,-0.024574249641177843
13.99,-0.04311508755021516
14.0,-0.04698305070630289
14.01,-0.031115249162718735
14.02,-0.02459261025224303
14.03,-0.029228032721249037
14.04,-0.02642504153618654
14.05,-0.043921460006642904
14.06,-0.05053964430278393
14.07,-0.021276267050041032
14.08,-0.039484504949324456
14.09,-0.03873417641666477
14.1,-0.02291208087351562
14.11,-0.030599934241671598
14.12,-0.031571604324088426
14.13,-0.01444874163946996
14.14,-0.04250226544634772
14.15,-0.026757034610084624
14.16,-0.03543369177631245
14.17,-0.033286321457056026
14.18,-0.02065601499647168
14.19,-0.030830830224345563
14.2,-0.030494748761343973
14.21,-0.025121190916711073
14.22,-0.039464379041395756
14.23,-0.04417556834810586
14.24,-0.046200215780417234
14.25,-0.055384373910249515
14.26,-0.015127452688234181
14.27,-0.046690355205077125
14.28,-0.03783958673745132
14.29,-0.0383639936624625
14.3,-0.032490634880792
14.31,-0.027376201797595732
14.32,-0.026897741818151747
14.33,-0.041302184437093784
14.34,-0.03711159097641631
14.35,-0.032583568435208904
14.36,-0.037865303504993175
14.37,-0.019273990884824666
14.38,-0.030406781536620287
14.39,-0.027936867523800927
14.4,-0.028625976879198375
14.41,-0.023489224959408552
14.42,-0.03338295164835893
14.43,-0.048130720103946756
14.44,-0.03113478414778308
14.45,-0.04161452526886389
14.46,-0.04035644542003507
14.47,-0.02917599028195657
14.48,-0.02262618121482964
14.49,-0.03476570721904729
14.5,-0.03185953352740237
14.51,-0.017895184502858024
14.52,-0.03247930210465612
14.53,-0.008839532394496152
14.54,-0.029170826440949957
14.55,-0.052403139617268474
14.56,-0.027231714758970575
14.57,-0.03092319593445472
14.58,-0.02180693098210294
14.59,-0.02794235373759781
14.6,-0.03602846587006954
14.61,-0.04685665729357426
14.62,-0.03667370659513755
14.63,-0.04305850792001739
14.64,-0.040328397570425834
14.65,-0.028607269137627404
14.66,-0.017763928739991035
14.67,-0.030486209656988787
14.68,-0.04636173739534884
14.69,-0.029926892638453394
14.7,-0.022376647802940793
14.71,-0.04041086594061623
14.72,-0.03562331374625888
14.73,-0.03410639634144744
14.74,-0.0420724287267354
14.75,-0.02771083973094991
14.76,-0.03537335526069721
14.77,-0.02993881033475992
14.78,-0.04297934890369519
14.79,-0.038449333888145906
14.8,-0.026821292523812785
14.81,-0.03774382434416228
14.82,-0.01671627257727275
14.83,-0.03795272279347682
14.84,-0.03167999513970925
14.85,-0.024571447175789202
14.86,-0.04805155757793811
14.87,-0.05144656479265736
14.88,-0.04906564792006185
14.89,-0.021153883519555678
14.9,-0.039268977464258975
14.91,-0.008139106259530876
14.92,-0.039334309853475885
14.93,-0.03181708719885783
14.94,-0.01821229864862264
14.95,-0.013543298774836971
14.96,-0.012960052862679514
14.97,-0.02146231873072588
14.98,-0.023276279558305375
14.99,-0.027562590406092668
15.0,-0.02567523544243752
15.01,-0.038941720812736225
15.02,-0.041582900976069676
15.03,-0.03340573615582282
15.04,-0.035044948087509686
15.05,-0.037846523362835144
15.06,-0.02632154000809535
15.07,-0.023703564487978588
15.08,-0.03234378014503762
15.09,-0.018423810833610384
15.1,-0.04458729547583244
15.11,-0.03507832151763128
15.12,-0.04028130246094355
15.13,-0.051749827329280296
15.14,-0.03388267932224849
15.15,-0.03424478807714654
15.16,-0.01786428513191979
15.17,-0.026662164143649327
15.18,-0.04318367631869624
15.19,-0.014372437962638113
15.2,-0.02067461048445667
15.21,-0.027035582276743342
15.22,-0.03509304002080382
15.23,-0.042394258757370504
15.24,-0.03649362893035943
15.25,-0.021855796955765342
15.26,-0.013869169059772913
15.27,-0.01725437256322741
15.28,-0.03754710432670094
15.29,-0.04382661301470721
15.3,-0.031193430868619063
15.31,-0.05025856750418441
15.32,-0.029314402843873887
15.33,-0.033994037383416886
15.34,-0.03715033324265772
15.35,-0.04840898054072215
15.36,-0.027297955159387734
15.37,-0.03773299546513062
15.38,-0.04407721053021478
15.39,-0.061072743448112296
15.4,-0.03259737332390557
15.41,-0.014571834861274353
15.42,-0.015653908616579896
15.43,-0.036809636427334716
15.44,-0.0382329905186749
15.45,-0.02749534615420046
15.46,-0.042139184448708816
15.47,-0.029109674741937642
15.48,-0.024439076784474992
15.49,-0.01980285511022532
15.5,-0.03304605765927332
15.51,-0.03405360552303055
15.52,-0.040769066418525304
15.53,-0.040230437850475795
15.54,-0.03419883804927347
15.55,-0.028232829780269923
15.56,-0.02274309504461251
15.57,-0.039883207860487546
15.58,-0.016897030152587884
15.59,-0.03450766964214359
15.6,-0.031982644530872364
15.61,-0.039213646371663524
15.62,-0.055956510089778214
15.63,-0.022846251227294303
15.64,-0.024290883609770667
15.65,-0.03444523512257393
15.66,-0.03093470883175108
15.67,-0.02641789966850001
15.68,-0.047175445557899126
15.69,-0.03681322812691455
15.7,-0.023552788067456327
15.71,-0.04401108168211859
15.72,-0.02850537972853111
15.73,-0.044979567651394145
15.74,-0.026722259238733035
15.75,-0.031715802200123835
15.76,-0.04748355266503569
15.77,-0.019657706868788986
15.78,-0.03862390083614739
15.79,-0.03935341281434751
15.8,-0.029218118547732267
15.81,-0.019710377784561143
15.82,-0.041327928897996274
15.83,-0.03052589030147358
15.84,-0.02682752054662597
15.85,-0.024157644885216257
15.86,-0.029297319474263447
15.87,-0.03470506615508223
15.88,-0.039283761385932495
15.89,-0.030119510455095557
15.9,-0.04167544821813597
15.91,-0.06014069047076287
15.92,-0.026534733877092122
15.93,-0.02183414855852295
15.94,-0.05447600516774498
15.95,-0.040917190520526475
15.96,-0.024601562369900926
15.97,-0.010191390663140908
15.98,-0.030531667566791817
15.99,-0.03799291227192035
16.0,-0.03251514444973559
16.01,-0.01691073201955105
16.02,-0.03709247319811916
16.03,-0.03859810572258543
16.04,-0.03540699420978763
16.05,-0.04008623751363202
16.06,-0.029299659852874648
16.07,-0.014253009174886293
16.080000000000002,-0.02724245096500631
16.09,-0.032970247867044875
16.1,-0.033338313918945345
16.11,-0.046025616954487966
16.12,-0.021536138004619707
16.13,-0.031119153940345517
16.14,-0.03211914659795945
16.15,0.0016431434174228078
16.16,-0.02727400729002204
16.17,-0.03775307030448374
16.18,-0.03447237851299513
16.19,-0.01869800752099995
16.2,-0.029023441877895056
16.21,-0.04451262643516926
16.22,-0.020911277259908965
16.23,-0.03675874668248033
16.240000000000002,-0.011318086533145744
16.25,-0.019224361328393214
16.26,-0.03447185782560941
16.27,-0.01716229129573257
16.28,-0.029267734975769972
16.29,-0.0213924075809739
16.3,-0.02504668944884555
16.31,-0.03833147645093414
16.32,-0.03627731944022722
16.330000000000002,-0.019516143037176793
16.34,-0.033137453449000306
16.35,-0.03380015242943027
16.36,-0.039288879944892136
16.37,-0.025475668462457985
16.38,-0.009060433429026748
16.39,-0.04033505372284592
16.4,-0.029391590344226514
16.41,-0.015485657971690606
16.42,-0.03037837424636985
16.43,-0.025032357278199555
16.44,-0.04015414342992149
16.45,-0.02522128798419301
16.46,-0.03134997021023779
16.47,-0.019595413896557574
16.48,-0.01755305721047439
16.490000000000002,-0.0035055026460334635
16.5,-0.023579046026763143
16.51,-0.026091670521258336
16.52,-0.02738006371574264
16.53,-0.03282985969905729
16.54,-0.025887665247670884
16.55,-0.0322008414421526
16.56,-0.027536557857412453
16.57,-0.016019549036660304
16.580000000000002,-0.039235323182719106
16.59,-0.017745501290665742
16.6,-0.015947541704952443
16.61,-0.030273799097922886
16.62,-0.05028610010950345
16.63,-0.03512022399174372
16.64,-0.0160465272347115
16.65,-0.029219637349254323
16.66,-0.038958478390145115
16.67,-0.03398771980443087
16.68,-0.02050829990574977
16.69,-0.0234217089916029
16.7,-0.03125292496376794
16.71,-0.03250642205690278
16.72,-0.03273034793800822
16.73,-0.038011471218851525
16.740000000000002,-0.01260822969991188
16.75,-0.0319598226806186
16.76,-0.01653967822791903
16.77,-0.013472762301030488
16.78,-0.0186774870440715
16.79,-0.03295148606633269
16.8,-0.024572682547184605
16.81,-0.028826653515663363
16.82,-0.03759644344469308
16.830000000000002,-0.02529057268759347
16.84,-0.040299317265761025
16.85,-0.01660689240388476
16.86,-0.03310463918682413
16.87,-0.026421662480510807
16.88,-0.025575185961392775
16.89,-0.03097193277903647
16.9,-0.02249077603842165
16.91,-0.03308159419836465
16.92,-0.019594440729339257
16.93,-0.04174207899927028
16.94,-0.026993367246969085
16.95,-0.008842766185155549
16.96,-0.03821027478102765
16.97,-0.03495932876694091
16.98,-0.02301773020416575
16.990000000000002,-0.02633593258088782
17.0,-0.024600403118910406
17.01,-0.023189798487937067
17.02,-0.021709432705702598
17.03,-0.016934638458647264
17.04,-0.023908451644696075
17.05,-0.030394227911709624
17.06,-0.021230939290622686
17.07,-0.008932893649063647
17.080000000000002,-0.02923309889086934
17.09,-0.03762711461453912
17.1,-0.016786086708200667
17.11,-0.029035788549469286
17.12,-0.04953376754012735
17.13,-0.019307962127575285
17.14,-0.033110579216769825
17.150000000000002,-0.028637760269563408
17.16,-0.024387765855283957
17.17,-0.02577772569864323
17.18,-0.020563369279053906
17.19,-0.03198792772782143
17.2,-0.022477194230274073
17.21,-0.030178918797899874
17.22,-0.02017055864639197
17.23,-0.021380211675644068
17.240000000000002,-0.03686350822907025
17.25,-0.01662454637789407
17.26,-0.03281925996645588
17.27,-0.01935431715982765
17.28,-0.0237373032949899
17.29,-0.009003632614098776
17.3,-0.029595433833263723
17.31,-0.030829258280428675
17.32,-0.027505614377657726
17.330000000000002,-0.03031855584385115
17.34,-0.019262690396987397
17.35,-0.04340057861231757
17.36,-0.03774967154744914
17.37,-0.037866263121408325
17.38,-0.01766055626136284
17.39,-0.010032908459907047
17.400000000000002,-0.028158956107103016
17.41,-0.02877811462206661
17.42,-0.026364820959709285
17.43,-0.015422016496114691
17.44,-0.03628979952314404
17.45,-0.024608058736098146
17.46,-0.017215264364871603
17.47,-0.021931802771793147
17.48,-0.025022443813407468
17.490000000000002,-0.01688332625029249
17.5,-0.05390164897768837
17.51,-0.020066123384170024
17.52,-0.033361195585515535
17.53,-0.04510234152148017
17.54,-0.021659571959155497
17.55,-0.013010609483924625
17.56,-0.028097288617400514
17.57,-0.017169678061748007
17.580000000000002,-0.010551272514182645
17.59,-0.01350055358459722
17.6,-0.010225707285493671
17.61,-0.01917974352387308
17.62,-0.025822359259693072
17.63,-0.04257204230056348
17.64,-0.028988708872517487
17.650000000000002,-0.034936260986694015
17.66,-0.004770090087500758
17.67,-0.028214108754364763
17.68,-0.025198947018438844
17.69,-0.020891896818992926
17.7,-0.025946492592029764
17.71,-0.009407784055652069
17.72,-0.03256057635225902
17.73,-0.024363807269506373
17.740000000000002,-0.033710397517522986
17.75,-0.03946173730129926
17.76,-0.03235503425334016
17.77,-0.026583553032024417
17.78,-0.030482059520170395
17.79,-0.033089109716358964
17.8,-0.04020394755798974
17.81,-0.026947711943093745
17.82,-0.041139753474472726
17.830000000000002,-0.01846789376555247
17.84,-0.02521996962069577
17.85,-0.0405958058993279
17.86,-0.029088315364055536
17.87,-0.033493732199330425
17.88,-0.0227563763764902
17.89,-0.01251958007124625
17.900000000000002,-0.04465178191826194
17.91,-0.024725778686124026
17.92,-0.027453359180499706
17.93,-0.019114631625113346
17.94,-0.02367207661591481
17.95,-0.033299755994901994
17.96,-0.02894663101102538
17.97,-0.03369238832444518
17.98,-0.014948105525854318
17.990000000000002,-0.025471116562784776
18.0,-0.006648391241492926
18.01,-0.026242980129009507
18.02,-0.03269652232552353
18.03,-0.04072568995421197
18.04,-0.043596042801888446
18.05,-0.04138211405482829
18.06,-0.02284560521013346
18.07,-0.02040574703056176
18.08,-0.04128103821137953
18.09,-0.016494890303918045
18.1,-0.030252034481846293
18.11,-0.023929652574982207
18.12,-0.009251543295926059
18.13,-0.016381531403189074
18.14,-0.028011414071513824
18.15,-0.03421422087364097
18.16,-0.04679665160709144
18.17,-0.0324462376603708
18.18,-0.027342221584497537
18.19,-0.03507893700615723
18.2,-0.026495941711925142
18.21,-0.024391091245243423
18.22,-0.02738441561551969
18.23,-0.03161213498012659
18.24,-0.023401823443351327
18.25,-0.020645232241702508
18.26,-0.03594490563776796
18.27,-0.010907874713418201
18.28,-0.025979370974598816
18.29,-0.024781292029926422
18.3,-0.017863950076228128
18.31,-0.022590246464050587
18.32,-0.015367362302172251
18.33,-0.022003815230429057
18.34,-0.030975766227816278
18.35,-0.021212700168894687
18.36,-0.036241347758450115
18.37,-0.02369484620203487
18.38,-0.025089108037902205
18.39,-0.026814348861025298
18.4,-0.025994934833995207
18.41,-0.04350443687076748
18.42,-0.03014958944575261
18.43,-0.02371029255834965
18.44,-0.023016586093515996
18.45,-0.03486831710311518
18.46,-0.011910910197350095
18.47,-0.0332061672279412
18.48,-0.014826284104542429
18.49,-0.02022535707648755
18.5,-0.03093602559811483
18.51,-0.00669710259529618
18.52,-0.0363630460764683
18.53,-0.015211609474995783
18.54,-0.014373808696670213
18.55,-0.031062321846998548
18.56,-0.010407961847275913
18.57,-0.026809582297624725
18.58,-0.021398690374031432
18.59,-0.021658925005149595
18.6,-0.025581754743640574
18.61,-0.01610711574243708
18.62,-0.016256849621339473
18.63,-0.04165360211815711
18.64,-0.011101432719948876
18.65,-0.040746314993582236
18.66,-0.013772500232827323
18.67,-0.012807485265925764
18.68,-0.03496078248504779
18.69,-0.02813584979700515
18.7,-0.035061349517173254
18.71,-0.026130116224012356
18.72,-0.027037859018622008
18.73,-0.016137528268577405
18.74,-0.010807670694620512
18.75,-0.009930551752773336
18.76,-0.029485708960967725
18.77,-0.025932893385187176
18.78,-0.04065170962796549
18.79,-0.031852688520604786
18.8,-0.014122138751828123
18.81,-0.007591501136125684
18.82,-0.036067499424191726
18.83,-0.029625341657971146
18.84,-0.02394145200558107
18.85,-0.02085248520602723
18.86,-0.031726841319482155
18.87,-0.0193669119475598
18.88,-0.02832263905777826
18.89,-0.023705498389663387
18.9,-0.0180748701685912
18.91,-0.023450233766192218
18.92,-0.027855066006172286
18.93,-0.02456406256974351
18.94,-0.024328358316195054
18.95,-0.02712160995088608
18.96,-0.025986237910227517
18.97,-0.007388589882017734
18.98,-0.01774265805080261
18.99,-0.026283453260133597
19.0,-0.016335910156922245
19.01,-0.0266204597597117
19.02,-0.011527835649036488
19.03,-0.01953948373236686
19.04,-0.02428575715400599
19.05,-0.018712402908577324
19.06,-0.038875176495614394
19.07,-0.03441093878978796
19.08,-0.03505936956952585
19.09,-0.021667550203045633
19.1,-0.00574869900218878
19.11,-0.0007377215433306793
19.12,-0.01664709212136713
19.13,-0.017996044599430033
19.14,-0.04099195894625719
19.15,-0.028385017860794618
19.16,-0.030813021604237083
19.17,-0.02912057021248896
19.18,-0.024570448444011694
19.19,-0.027586837907059774
19.2,-0.04263585791007497
19.21,-0.015340690686474864
19.22,-0.03352416267256736
19.23,-0.0203812086291732
19.24,-0.0020098010772768675
19.25,-0.031921429806705426
19.26,-0.04800742080859549
19.27,-0.025541555027601606
19.28,-0.011648889187546089
19.29,-0.003051989189383361
19.3,-0.03490794330036796
19.31,-0.01762244414344748
19.32,-0.027219535325488733
19.33,-0.023602914011410254
19.34,0.0039229979946799505
19.35,-0.03752714903140243
19.36,-0.01993706463848786
19.37,-0.017774550245776562
19.38,-0.011570644598872925
19.39,-0.021425707344901648
19.4,-0.019302069634956478
19.41,-0.026276101947057404
19.42,-0.019645393169987025
19.43,-0.025745636688968208
19.44,-0.01607505140505459
19.45,-0.02596393502875514
19.46,-0.018473894067016935
19.47,-0.022514597432471983
19.48,-0.01093854300910942
19.49,-0.02269006388622186
19.5,-0.039883537359786905
19.51,-0.009511088574306683
19.52,-0.031164722353509287
19.53,-0.028622163338755394
19.54,-0.028018218329129322
19.55,-0.008294334708404426
19.56,-0.043372572833081754
19.57,0.00938453480077044
19.58,-0.011409507065431482
19.59,-0.019722129753220904
19.6,-0.022521790480789766
19.61,-0.019195718297410524
19.62,-0.017001150021386812
19.63,-0.016053303274581928
19.64,-0.01743224434450912
19.65,-0.022993542358006613
19.66,-0.02747755553806446
19.67,-0.029211306952859815
19.68,-0.032659912688392315
19.69,-17.960397826518985
19.7,-17.47807723713898
19.71,-19.916221125461504
19.72,-18.233280287867235
19.73,-16.646754481562116
19.74,-13.951158653242171
19.75,-12.39413728095892
19.76,-9.486435685558675
19.77,-10.5549162893061
19.78,-10.698413928682053
19.79,-10.772363911929903
19.8,-10.742743801912344
19.81,-10.565963495688665
19.82,-10.235571505729167
19.83,-9.763178255761098
19.84,-9.176630638996123
19.85,-8.524777329490812
19.86,-7.831975362284733
19.87,-7.1529068269029095
19.88,-6.482639710303953
19.89,-5.794274011186492
19.9,-5.119665547027891
19.91,-4.457565003227605
19.92,-3.8006478905881496
19.93,-3.1647539396795756
19.94,-2.5415868259232486
19.95,-1.9238251536450113
19.96,-1.3425835604387388
19.97,-0.7794235588909929
19.98,-0.22297177350604494
19.99,0.29627495389949493
20.0,0.7963126018132416
20.01,1.2739373315459823
20.02,1.7116809824793422
20.03,2.131831342861965
20.04,2.501690397222586
20.05,2.8783978438808044
20.06,3.201537090329393
20.07,3.488104327825568
20.08,3.767134154739275
20.09,4.0038752272037605
20.1,4.182389786713044
20.11,4.36526481495454
20.12,4.510672459250489
20.13,4.626193465926564
20.14,4.733707130675191
20.15,4.786837213789108
20.16,4.824099327398117
20.17,4.820445878086031
20.18,4.837607118534686
20.19,4.788005004933475
20.2,4.749974592725039
20.21,4.68241466461067
20.22,4.60630287764912
20.23,4.476977549984153
20.24,4.3430849645400125
20.25,4.2456993315049765
20.26,4.121310656964065
20.27,3.965463845195536
20.28,3.7966750307775476
20.29,3.6242534969810354
20.3,3.466205134768159
20.31,3.2729474604387163
20.32,3.108715679158782
20.33,2.9280516914533354
20.34,2.75139455482705
20.35,2.5857959170109943
20.36,2.381605204507637
20.37,2.1953051497832172
20.38,2.026575088683264
20.39,1.8397411034375135
20.4,1.6857024083430772
20.41,1.5287385631247232
20.42,1.373040927537511
20.43,1.2307865909811704
20.44,1.077571867758097
20.45,0.9595583313538569
20.46,0.8174654079214965
20.47,0.6926300943269627
20.48,0.5708983312946523
20.49,0.4633872309524425
20.5,0.36396889608643723
20.51,0.24710292822841007
20.52,0.15534524165648123
20.53,0.07103423052784105
20.54,-0.02137491746310125
20.55,-0.09237521485186448
20.56,-0.1596486446296146
20.57,-0.2114641169290344
20.58,-0.27770087427417633
20.59,-0.33349257662890136
20.6,-0.37720817732885215
20.61,-0.4327541070500452
20.62,-0.4684626564113252
20.63,-0.5104577203864435
20.64,-0.5402764318278792
20.65,-0.5785956585408866
20.66,-0.623545613053001
20.67,-0.6236377339400855
20.68,-0.6281497467555313
20.69,-0.6503444103924979
20.7,-0.6645062174526679
20.71,-0.6738593365317688
20.72,-0.6950870819519113
20.73,-0.7016052089156469
20.74,-0.7153788640772437
20.75,-0.716172018286269
20.76,-0.7089829010711862
20.77,-0.7036993610371278
20.78,-0.7163429361791345
20.79,-0.7173856237175885
20.8,-0.7096546059830561
20.81,-0.6993855112401887
20.82,-0.7146417219504628
20.83,-0.7171350070029355
20.84,-0.6929145707069739
20.85,-0.6922131342998091
20.86,-0.6771198684375715
20.87,-0.665062357721526
20.88,-0.6592534999856678
20.89,-0.6309939849239422
20.9,-0.6327680619541148
20.91,-0.6233202918156358
20.92,-0.6102207729610949
20.93,-0.6178281089586435
20.94,-0.585970879686326
20.95,-0.5870033523075359
20.96,-0.5694175122985594
20.97,-0.5767452785240978
20.98,-0.5715278415911677
20.99,-0.5378620022681121
21.0,-0.5324392751536996
21.01,-0.5355199303534535
21.02,-0.5256588469648993
21.03,-0.49633818820518505
21.04,-0.5102023814217724
21.05,-0.47265618775255114
21.06,-0.48893108398866136
21.07,-0.46445782917952494
21.08,-0.4651265686085905
21.09,-0.4468950349523171
21.1,-0.4495478971861241
21.11,-0.437012625754197
21.12,-0.42635567196303426
21.13,-0.4282726650131136
21.14,-0.402437191147547
21.15,-0.40668334358465363
21.16,-0.39565600344222723
21.17,-0.3952467209182027
21.18,-0.4029751530777098
21.19,-0.3714265524973534
21.2,-0.3376705390571753
21.21,-0.346346733064564
21.22,-0.3468964685170537
21.23,-0.34195787094076113
21.24,-0.33184209798916664
21.25,-0.3194444499342868
21.26,-0.32968186477258166
21.27,-0.29979569676216306
21.28,-0.29693660978099334
21.29,-0.2901287420045832
21.3,-0.2862098080291472
21.31,-0.2837402580006743
21.32,-0.2706018115389211
21.33,-0.2648528696730475
21.34,-0.26779326849906593
21.35,-0.2635069194510422
21.36,-0.250301766560813
21.37,-0.22940642773031805
21.38,-0.2508866561150186
21.39,-0.2467885449873344
21.4,-0.22409855367856915
21.41,-0.21888205200600144
21.42,-0.21131123611385744
21.43,-0.204265186978124
21.44,-0.20260086086979986
21.45,-0.1791364095714114
21.46,-0.20371072705933366
21.47,-0.18965240286681026
21.48,-0.17606379832700048
21.49,-0.1851242992760448
21.5,-0.16410901794070473
21.51,-0.13939057839464103
21.52,-0.1494480771640194
21.53,-0.14099882407442219
21.54,-0.1495542241175812
21.55,-0.1367616478878053
21.56,-0.12799525769267356
21.57,-0.12106681152805544
21.58,-0.09872220280256522
21.59,-0.09961502173049915
21.6,-0.10996599149738041
21.61,-0.09005407488520595
21.62,-0.08121504459102884
21.63,-0.06848667955784493
21.64,-0.05778890951529357
21.65,-0.07746923191760519
21.66,-0.06917136138597109
21.67,-0.06740637471179886
21.68,-0.05096479330640341
21.69,-0.037784146792434956
21.7,-0.026429669558547284
21.71,-0.030953020929590822
21.72,-0.027320799298198636
21.73,-0.016575012993687497
21.74,-0.020458907356475434
21.75,0.014725231859976436
21.76,-0.016360414423507285
21.77,0.007395804123099346
21.78,0.031559348665380495
21.79,0.017105712104367277
21.8,0.020788169320505756
21.81,0.024736481295300528
21.82,0.03212604075926792
21.83,0.05326787183204561
21.84,0.02301405878277163
21.85,0.06603773296031096
21.86,0.04200565781974985
21.87,0.05908547447523556
21.88,0.06292521697901778
21.89,0.0785218605540397
21.9,0.06202101819461353
21.91,0.08793161568897734
21.92,0.10879690072445093
21.93,0.0800970366154329
21.94,0.10072681449320516
21.95,0.09723204146301712
21.96,0.11304929700550527
21.97,0.11383242262928762
21.98,0.1119842534123061
21.99,0.12793957504254833
22.0,0.14566570582418273
22.01,0.1301704907286914
22.02,0.14362683049269193
22.03,0.12773534852677756
22.04,0.135228531088977
22.05,0.15352484786546255
22.06,0.16753019078577475
22.07,0.1600112431984214
22.08,0.15696611657413814
22.09,0.16360457412093762
22.1,0.15449398195896533
22.11,0.17629929763845037
22.12,0.18220168305506998
22.13,0.17184840195016418
22.14,0.17452538504348578
22.15,0.18460562078864595
22.16,0.18016436163895605
22.17,0.18631797176278517
22.18,0.21028677146956234
22.19,0.18899173213990592
22.2,0.18991302719306596
22.21,0.1889174353271986
22.22,0.20459331695101093
22.23,0.19696010145573176
22.24,0.19376238840496052
22.25,0.21481633226564711
22.26,0.21701059662945515
22.27,0.19788654263497543
22.28,0.18616749036493663
22.29,0.2157171238385224
22.3,0.19947297513570883
22.31,0.214772322984051
22.32,0.18758275666631313
22.33,0.21649996230063467
22.34,0.19562656227989025
22.35,0.21508604227742434
22.36,0.20783889788998725
22.37,0.19795409255622592
22.38,0.20310198603405907
22.39,0.21359800678037869
22.4,0.20724199216202624
22.41,0.21136336666710392
22.42,0.22451007265873144
22.43,0.18822225956387928
22.44,0.21905078457149804
22.45,0.2028362639134388
22.46,0.1916292143777748
22.47,0.18605091792564007
22.48,0.19611534876072886
22.49,0.205793986725372
22.5,0.19379436905639794
22.51,0.20859829437786057
22.52,0.1773195025460406
22.53,0.18998567457113497
22.54,0.1757919172716996
22.55,0.19009865765760967
22.56,0.19341813114454362
22.57,0.17837222872032574
22.58,0.15451520893575357
22.59,0.18047447572429312
22.6,0.1807333947243158
22.61,0.17824654418133576
22.62,0.18435875930414833
22.63,0.1590506470818331
22.64,0.17428961647426858
22.65,0.17710790905452584
22.66,0.14506448414548112
22.67,0.16368954745845646
22.68,0.15307199059831417
22.69,0.1549003084348105
22.7,0.15677787485112915
22.71,0.1460010134007605
22.72,0.1416777483838228
22.73,0.14632989092456675
22.74,0.13266405640088808
22.75,0.13022356523471693
22.76,0.14542047693729143
22.77,0.12468576719711034
22.78,0.14038817382599883
22.79,0.1359089550667951
22.8,0.11159182616672474
22.81,0.11965209352007745
22.82,0.1359597443171806
22.83,0.1118129682693948
22.84,0.11460354775469324
22.85,0.12151002128291087
22.86,0.12238578776487656
22.87,0.10972133754418474
22.88,0.10397049903925258
22.89,0.12190379542853448
22.9,0.12283073453719909
22.91,0.11302056314525406
22.92,0.10190540602930775
22.93,0.09082113623481164
22.94,0.08848351179186095
22.95,0.09993105758030048
22.96,0.09684280145906785
22.97,0.104663733926445
22.98,0.0951782289907341
22.99,0.07170692423883063
23.0,0.0953601332628581
23.01,0.07300276774865506
23.02,0.07732696803096738
23.03,0.08189332952067975
23.04,0.09761468803158525
23.05,0.10706657244439831
23.06,0.08038727985339372
23.07,0.07088458741164842
23.08,0.076502463832145
23.09,0.07851962768274796
23.1,0.06496729529787669
23.11,0.08470259316990013
23.12,0.06767364255232022
23.13,0.06901906668007235
23.14,0.06941608495248422
23.15,0.06573464479444556
23.16,0.06871703813303512
23.17,0.05301102852103427
23.18,0.05250366490253819
23.19,0.04603554755485385
23.2,0.060429855470779864
23.21,0.06286933886145205
23.22,0.05875021438532546
23.23,0.07005728055136988
23.24,0.05244357716615873
23.25,0.05842137357841892
23.26,0.040098511330591655
23.27,0.04647311250589499
23.28,0.05667496507503668
23.29,0.05763281753345724
23.3,0.04567089058028488
23.31,0.04740969196768213
23.32,0.03250822169602931
23.33,0.04372386586613461
23.34,0.05585087134320636
23.35,0.05239740015162926
23.36,0.051395478416342094
23.37,0.046674910743660605
23.38,0.046080749030218165
23.39,0.039284139734489826
23.4,0.052796848930278154
23.41,0.0499831688783013
23.42,0.050701837094468294
23.43,0.040572510141004894
23.44,0.024393300063372255
23.45,0.05703444216842736
23.46,0.04145269080658366
23.47,0.0378330677547412
23.48,0.05365662584776684
23.49,0.04310361159968171
23.5,0.057965529331213725
23.51,0.05391881323182168
23.52,0.05500682932051658
23.53,0.03497338816805746
23.54,0.061253253812820804
23.55,0.05228588052234266
23.56,0.04655849166496177
23.57,0.05230099762412681
23.58,0.0337582099049256
23.59,0.056297778713659416
23.6,0.04264510544077329
23.61,0.040176214831236554
23.62,0.03927959953735809
23.63,0.06646617870951525
23.64,0.04991825212752361
23.65,0.0724549042605317
23.66,0.05270117117257142
23.67,0.041961655411885526
23.68,0.04888020908755871
23.69,0.07344764236189089
23.7,0.060608162488244924
23.71,0.0577951327834884
23.72,0.06602199777886988
23.73,0.07061611310720785
23.74,0.07798112425514601
23.75,0.08253308630833027
23.76,0.06572320847626914
23.77,0.05736480570794342
23.78,0.06782635748013684
23.79,0.07593064044851046
23.8,0.06508794197954289
23.81,0.06658236644555718
23.82,0.08105053551305585
23.83,0.07861514881835839
23.84,0.08094869995978526
23.85,0.0745846937716938
23.86,0.08144424402363162
23.87,0.07611404845993855
23.88,0.09589586563329677
23.89,0.09901310816987502
23.9,0.07189457075299116
23.91,0.0827861570848828
23.92,0.07886966280879182
23.93,0.08911718190723912
23.94,0.0965941979319216
23.95,0.0847718981320381
23.96,0.09191807877041078
23.97,0.09299393305101242
23.98,0.10703147468050285
23.99,0.10760597773714842
24.0,0.10167731612537827
24.01,0.11267348040602668
24.02,0.10747748464834155
24.03,0.11229520581363757
24.04,0.13384224361761288
24.05,0.13263684325380798
24.06,0.10838953770185422
24.07,0.13186447538826743
24.08,0.13389169174240212
24.09,0.11653454591208082
24.1,0.1384734030983489
24.11,0.1479625206555449
24.12,0.12368460107203487
24.13,0.12809130172530936
24.14,0.14982883338313902
24.15,0.14478285815091088
24.16,0.15002835615013582
24.17,0.15039539551123485
24.18,0.15340282894019203
24.19,0.13876822156455657
24.2,0.16507416571112576
24.21,0.16889618883509452
24.22,0.1575372340286075
24.23,0.16205909087938977
24.24,0.14987770110052276
24.25,0.17305878340131134
24.26,0.17639717790602943
24.27,0.17284834991170628
24.28,0.1875411374843906
24.29,0.1758182783196424
24.3,0.18770109297238088
24.31,0.1747893610327511
24.32,0.1877169106121656
24.33,0.18921126191011572
24.34,0.19624670692282278
24.35,0.1933741573609797
24.36,0.19886801917371014
24.37,0.21159461777014377
24.38,0.2021565692646373
24.39,0.1936877725669137
24.4,0.23051860227699109
24.41,0.23014705261123805
24.42,0.20676082359569178
24.43,0.22997333880721132
24.44,0.22148189638025426
24.45,0.2326251947371196
24.46,0.23645528009493721
24.47,0.23473647790007396
24.48,0.23285600104228152
24.49,0.2374477381929073
24.5,0.23889793505375237
24.51,0.24349639805932374
24.52,0.25494653025378583
24.53,0.2523142205922221
24.54,0.27019657050835294
24.55,0.2822043908670195
24.56,0.2655398746497445
24.57,0.2777964961923625
24.58,0.28451590047264913
24.59,0.28841123125450946
24.6,0.2886795071664565
24.61,0.29963315551795516
24.62,0.3013738905756154
24.63,0.28857961857777004
24.64,0.3141135129197903
24.65,0.31882254926833564
24.66,0.3069075739127902
24.67,0.3195748530138007
24.68,0.33074920299840493
24.69,0.32660977674202724
24.7,0.34428743590563
24.71,0.36212004367835954
24.72,0.33561523622870487
24.73,0.3347297404434842
24.74,0.3567159761279079
24.75,0.3661047365674849
24.76,0.36186669077726585
24.77,0.3840703277458236
24.78,0.36159135083144595
24.79,0.38742479448301764
24.8,0.3800348921594424
24.81,0.40896603277181337
24.82,0.4174581749014152
24.83,0.3957103719349471
24.84,0.4038095441781141
24.85,0.4239145204286071
24.86,0.4175472672277909
24.87,0.42715182468501284
24.88,0.4341356029654072
24.89,0.42105013441297906
24.9,0.44656390204944346
24.91,0.4463515325772768
24.92,0.4549560264455076
24.93,0.48105466942963415
24.94,0.46087769805562134
24.95,0.4884931625342909
24.96,0.4845842798811694
24.97,0.4916840100855436
24.98,0.5095883018167866
24.99,0.5123836097687575
25.0,0.5220834626926513
25.01,0.5335492155934612
25.02,0.5281400943733691
25.03,0.5330122545469382
25.04,0.5360599401253374
25.05,0.5465291675532957
25.06,0.592240546612543
25.07,0.5832565970114008
25.08,0.5654523577061917
25.09,0.5739840156475611
25.1,0.6003638920471989
25.11,0.6094444592126447
25.12,0.6179758232782924
25.13,0.6185396907397808
25.14,0.6285223991739048
25.15,0.641827039411345
25.16,0.6482601044957069
25.17,0.6341405843906887
25.18,0.6630451802451253
25.19,0.6659134016989665
25.2,0.6853359317302244
25.21,0.7226620167638237
25.22,0.7057761412518314
25.23,0.7083210814801442
25.24,0.73008930788515
25.25,0.7351694914396136
25.26,0.7440676685053081
25.27,0.7555083624413872
25.28,0.7796235248891978
25.29,0.7574084661583145
25.3,0.7831497442631906
25.31,0.7788781385138772
25.32,0.803453560263785
25.33,0.7984913818883662
25.34,0.8133029647662049
25.35,0.824337812664887
25.36,0.8468676531001689
25.37,0.8561183888764936
25.38,0.8442993951787836
25.39,0.8671216797121571
25.4,0.8692799370349363
25.41,0.8735762013088274
25.42,0.8937531168516085
25.43,0.9025713418235894
25.44,0.9396213099695478
25.45,0.9293409889783543
25.46,0.9208458434076386
25.47,0.9385323397091112
25.48,0.963893403932468
25.49,0.983998865595848
25.5,0.9566187473363724
25.51,0.962966613859034
25.52,1.0096797437951974
25.53,1.003981215556993
25.54,1.0004216382219975
25.55,1.0233685973346758
25.56,1.0004745391157654
25.57,1.0355611555446311
25.58,1.047380363979715
25.59,1.0617926601668277
25.6,1.0507255445995922
25.61,1.0698963451782044
25.62,1.0678143113193332
25.63,1.0874992935023737
25.64,1.0837104186090254
25.65,1.0961365575677116
25.66,1.0976421068553022
25.67,1.1213171073049049
25.68,1.1304123383131437
25.69,1.1263141456991521
25.7,1.1356795808556148
25.71,1.1272463889120754
25.72,1.1449628676913588
25.73,1.1534711782380853
25.74,1.1859750937416058
25.75,1.1542159323227752
25.76,1.1853145385757262
25.77,1.1857415387560633
25.78,1.1834368988999715
25.79,1.202826186412871
25.8,1.1933169017034972
25.81,1.1975843767012455
25.82,1.1969943459153565
25.83,1.213324706520503
25.84,1.2153428567206699
25.85,1.2011313260869303
25.86,1.1969215848826777
25.87,1.210521602352927
25.88,1.2066952815519965
25.89,1.2159072472869377
25.9,1.2304620831015682
25.91,1.2147542534886675
25.92,1.2198291083205464
25.93,1.2214544635472555
25.94,1.2296587594077952
25.95,1.1986857766655667
25.96,1.2147447686422495
25.97,1.222255667732725
25.98,1.2311459168002103
25.99,1.2128971256447296
26.0,1.1973880767167693
26.01,1.2203525272107385
26.02,1.2054661028484122
26.03,1.1972482586585065
26.04,1.199886168120848
26.05,1.200927415508648
26.06,1.1930257139553917
26.07,1.1729747757196787
26.08,1.199614746558287
26.09,1.198662695835189
26.1,1.1873553325403061
26.11,1.164046079297552
26.12,1.1676481076377259
26.13,1.163496026744774
26.14,1.1631066568044914
26.15,1.15702023334342
26.16,1.1358754953840717
26.17,1.136581790133566
26.18,1.1325456023811669
26.19,1.1344107724409052
26.2,1.1184488339332836
26.21,1.1105199593349804
26.22,1.0943708760440907
26.23,1.0982214505941357
26.24,1.0784834541510244
26.25,1.0557325609233374
26.26,1.068027569232791
26.27,1.0503205520247885
26.28,1.027960585003758
26.29,1.016352320073485
26.3,1.012581032385306
26.31,1.0024322550331213
26.32,0.9876810738492822
26.33,0.9764573118875441
26.34,0.977714117401051
26.35,0.9585406454427057
26.36,0.9365888851147173
26.37,0.9307060679098961
26.38,0.8973379186753878
26.39,0.8977791970855488
26.4,0.8978033010907811
26.41,0.863220751659853
26.42,0.8424115507295328
26.43,0.8297615285786731
26.44,0.8107391469695401
26.45,0.79910082955459
26.46,0.7885172784954999
26.47,0.7634056471772992
26.48,0.7628234845139696
26.49,0.7568663894389319
26.5,0.723917005157564
26.51,0.7333158333240832
26.52,0.70834145900469
26.53,0.6986365818145577
26.54,0.6668400164204038
26.55,0.6670479232634368
26.56,0.632674250734064
26.57,0.637599691722037
26.58,0.6155377688118926
26.59,0.604499696309361
26.6,0.5723917827852506
26.61,0.5604162704614515
26.62,0.5606031550898779
26.63,0.5304619507691524
26.64,0.5299500277995078
26.65,0.49708336466794056
26.66,0.5047433458126259
26.67,0.4695191000273474
26.68,0.47303165692465404
26.69,0.4595165391084462
26.7,0.432136940908412
26.71,0.4308689079430902
26.72,0.4137018674430112
26.73,0.3918677569851059
26.74,0.37344426468285
26.75,0.3502969309975129
26.76,0.35993748937993614
26.77,0.32743971156618623
26.78,0.3308212386892793
26.79,0.3141508625372864
26.8,0.31063581416891617
26.81,0.28802828393100294
26.82,0.2751075504544161
26.83,0.273226392425241
26.84,0.2569195222504253
26.85,0.2445503874761699
26.86,0.23406284455719914
26.87,0.20215986218469276
26.88,0.2133953706544028
26.89,0.2004327613605744
26.9,0.1727925158669436
26.91,0.16934228727558187
26.92,0.16038781483203657
26.93,0.14860914015103815
26.94,0.14264252208624356
26.95,0.14314496632261484
26.96,0.12935467159991887
26.97,0.09529941954950094
26.98,0.10470619836236869
26.99,0.1020181874642402
27.0,0.08301976768516883
27.01,0.08066360975112497
27.02,0.08065757362372845
27.03,0.061731988635762514
27.04,0.045127164559227786
27.05,0.04440250806752613
27.06,0.026895425044787813
27.07,0.017356745535466754
27.08,0.005449704835285275
27.09,0.01661765367694848
27.1,-0.015009111208917517
27.11,0.00086080298623906
27.12,-0.016933798213686988
27.13,-0.043228508750062816
27.14,-0.03269661736380318
27.15,-0.06434681154253494
27.16,-0.043902891114573434
27.17,-0.047957400286230786
27.18,-0.06922775417593292
27.19,-0.06840842973940918
27.2,-0.056289847617921926
27.21,-0.08692684523969506
27.22,-0.0983495498910106
27.23,-0.07869042040808971
27.24,-0.07948398708016234
27.25,-0.10453475509033422
27.26,-0.09978088754048614
27.27,-0.10166945480693879
27.28,-0.12756560583304036
27.29,-0.1299212092580657
27.3,-0.11756063054458786
27.31,-0.1176973041311422
27.32,-0.13347529625274435
27.33,-0.15233684767446046
27.34,-0.12798240691249207
27.35,-0.15735873580797174
27.36,-0.15948009049384562
27.37,-0.1566706888098036
27.38,-0.14840548491053868
27.39,-0.15915002301162137
27.4,-0.1671755006818586
27.41,-0.17021815276019445
27.42,-0.17783572303877557
27.43,-0.17600427965242724
27.44,-0.21009310352084654
27.45,-0.190874471706213
27.46,-0.1885071746421521
27.47,-0.20534566066123366
27.48,-0.19279255614806132
27.49,-0.2014279155745584
27.5,-0.18446341218291012
27.51,-0.18883105187449295
27.52,-0.21167247997192185
27.53,-0.21088805670953126
27.54,-0.21239845278030803
27.55,-0.21837084918110233
27.56,-0.21401717266834694
27.57,-0.2255831846451337
27.58,-0.23126108432219136
27.59,-0.21560476695605812
27.6,-0.2173358248551636
27.61,-0.23339759609936025
27.62,-0.21805005685448334
27.63,-0.23489615633464914
27.64,-0.2275547907561669
27.65,-0.22332002330823633
27.66,-0.23322918303607673
27.67,-0.22964938932783285
27.68,-0.24060051110894662
27.69,-0.23857427060991096
27.7,-0.2397767246998874
27.71,-0.24622903887181338
27.72,-0.24151414061643525
27.73,-0.25615511315690437
27.74,-0.24644370426924292
27.75,-0.2451861294124529
27.76,-0.24564756314853817
27.77,-0.24619347303991343
27.78,-0.24503431884685492
27.79,-0.24021291998728264
27.8,-0.23680329576444534
27.81,-0.2525159006089526
27.82,-0.25841922465194345
27.83,-0.25705497670615113
27.84,-0.25162673778369526
27.85,-0.2502630571014002
27.86,-0.2542980345984184
27.87,-0.259274909974238
27.88,-0.25044862486456676
27.89,-0.24350161944404017
27.9,-0.23864588248727273
27.91,-0.24929978979564257
27.92,-0.24683152628686414
27.93,-0.2507888965066337
27.94,-0.24049907617072855
27.95,-0.24717244099115945
27.96,-0.23129960813230185
27.97,-0.2530703795139169
27.98,-0.2368260482942934
27.99,-0.22807331559573937
28.0,-0.2269369561132233
28.01,-0.19937211116670206
28.02,-0.22016807450209855
28.03,-0.2309072624409402
28.04,-0.21885983897350453
28.05,-0.23254509133540321
28.06,-0.21230641129782732
28.07,-0.2163908065755485
28.08,-0.1953102023102398
28.09,-0.20620966122965126
28.1,-0.19798091815492258
28.11,-0.19911952074570763
28.12,-0.1711809109755296
28.13,-0.18744552626919664
28.14,-0.16143306086413378
28.15,-0.16700844100530332
28.16,-0.16559061429539354
28.17,-0.1618597295873566
28.18,-0.1566240396076975
28.19,-0.174737826150089
28.2,-0.15303836493992648
28.21,-0.1364811671770528
28.22,-0.14000539084989036
28.23,-0.14805833790878187
28.24,-0.12893295786800432
28.25,-0.10568909560485608
28.26,-0.10450774054924361
28.27,-0.11177516726625013
28.28,-0.09575793687164853
28.29,-0.10300067342434081
28.3,-0.11039055933894577
28.31,-0.09657315277922864
28.32,-0.06564414243453733
28.33,-0.07793298954730134
28.34,-0.07153013566457408
28.35,-0.065988942505898
28.36,-0.037801025685215234
28.37,-0.03437183201067297
28.38,-0.022179983924331865
28.39,-0.03965261921638011
28.4,-0.028769102249704855
28.41,-0.04053462164012381
28.42,-0.004232307245476557
28.43,-0.024314494608862546
28.44,-0.0041165984510287065
28.45,-0.010928666891611743
28.46,0.0004497544014660411
28.47,0.004214227763732897
28.48,0.012699955778943423
28.49,0.019511894322196913
28.5,0.02546662018137653
28.51,0.04523993173345517
28.52,0.0317157967398806
28.53,0.05071781344018157
28.54,0.06631986637395049
28.55,0.054506029277191045
28.56,0.05781650649630418
28.57,0.0678984969024085
28.58,0.08704998564247012
28.59,0.08207459414948888
28.6,0.07952507501235252
28.61,0.0941940095866198
28.62,0.08265638403921258
28.63,0.10461503147468648
28.64,0.10580007330254189
28.65,0.10233162506904815
28.66,0.10049578155957639
28.67,0.10325642982876583
28.68,0.12047651878346541
28.69,0.13018100026534352
28.7,0.11403335831474035
28.71,0.12725300254088365
28.72,0.10380452361637461
28.73,0.12057317274075621
28.74,0.1275886025065482
28.75,0.12001432828384646
28.76,0.12068750380152594
28.77,0.12404338541421543
28.78,0.13403717711028634
28.79,0.12936020839805495
28.8,0.10869282012161169
28.81,0.10943283830412265
28.82,0.12385914206627914
28.83,0.13351651893693361
28.84,0.10020151291944256
28.85,0.1211428448629265
28.86,0.11907004046336439
28.87,0.13613964570960999
28.88,0.11606424001705366
28.89,0.12114051504294049
28.9,0.11586134118103543
28.91,0.09002768636833879
28.92,0.11565135200301167
28.93,0.10651587423958898
28.94,0.1055997127434103
28.95,0.13570321922506245
28.96,0.07129885088340292
28.97,0.10486843192965868
28.98,0.08001823568740973
28.99,0.080834794100498
29.0,0.07238087496490178
29.01,0.06328232022463406
29.02,0.05633806028915711
29.03,0.05967534306771369
29.04,0.03539398241714331
29.05,0.052108289157565255
29.06,0.034338624078065164
29.07,0.020969458430783922
29.08,0.021421563497914863
29.09,0.03203732771777673
29.1,0.007560060834405269
29.11,0.009859948282483303
29.12,-0.007746593471248533
29.13,0.00036655389300299657
29.14,-0.007185062149468756
29.15,-0.0024219411252405856
29.16,-0.029560493826626556
29.17,-0.028032554464043433
29.18,-0.04065857719055925
29.19,-0.03559507821166745
29.2,-0.06263958309690511
29.21,-0.05487017246345098
29.22,-0.07109633056982051
29.23,-0.07656930030589758
29.24,-0.08172576911099297
29.25,-0.08676360902790242
29.26,-0.09700705959793318
29.27,-0.10016180903082444
29.28,-0.09288693076016255
29.29,-0.1050575913738389
29.3,-0.11233937662430403
29.31,-0.1315703223074979
29.32,-0.14174710227279444
29.33,-0.12898810667501837
29.34,-0.13530491581016296
29.35,-0.134692332225115
29.36,-0.1606337583794978
29.37,-0.1618778414786267
29.38,-0.18077169172670504
29.39,-0.17289513475501125
29.4,-0.16339075152898494
29.41,-0.1821936891813144
29.42,-0.17507666374627087
29.43,-0.18711429245172712
29.44,-0.1854666219800842
29.45,-0.20344766489239577
29.46,-0.19414378463986728
29.47,-0.22769032782330406
29.48,-0.20218582486465836
29.49,-0.2189115994513177
29.5,-0.19258679565998776
29.51,-0.1986606330264634
29.52,-0.2033027367616999
29.53,-0.1940400408454962
29.54,-0.2197654417634952
29.55,-0.19357439093373352
29.56,-0.20224393472491486
29.57,-0.21419626778141537
29.58,-0.20048781365408216
29.59,-0.22267052126565795
29.6,-0.21936883434425944
29.61,-0.21648091885292
29.62,-0.21471445012127108
29.63,-0.21878172791450903
29.64,-0.19454252511554135
29.65,-0.20768911246018143
29.66,-0.19967739471440632
29.67,-0.2067875126187735
29.68,-0.21695662837303809
29.69,-0.19350735807524938
29.7,-0.2125845767341415
29.71,-0.1912055479131593
29.72,-0.2010692419352115
29.73,-0.16419681503476713
29.74,-0.1714631882764394
29.75,-0.1758576786853748
29.76,-0.16045534509009632
29.77,-0.17757940810609937
29.78,-0.1595599760609861
29.79,-0.15873809589288798
29.8,-0.1537087254012948
29.81,-0.13911794528730123
29.82,-0.1398976023966539
29.83,-0.13961359113207067
29.84,-0.1542341336181258
29.85,-0.14238522332090714
29.86,-0.12903620422589496
29.87,-0.12183560479794019
29.88,-0.12897745403137553
29.89,-0.08841906608325628
29.9,-0.09219486514928356
29.91,-0.09613338941771526
29.92,-0.09621406369680205
29.93,-0.09383029479123582
29.94,-0.09600387490555545
29.95,-0.08049755729203366
29.96,-0.07350612713757428
29.97,-0.08334811506251215
29.98,-0.06248095183423283
29.99,-0.062322590074186085
30.0,-0.0748684933737818
30.01,-0.05952590851115401
30.02,-0.028150271082525036
30.03,-0.0020000205122083954
30.04,-0.012067044100183017
30.05,-0.02784324654302101
30.06,-0.006629367473979426
30.07,-0.02413030313058846
30.08,-1.6216305984116741
30.09,-6.1285832176846995
30.1,-8.59428753000763
30.11,-10.42939512462902
30.12,-10.736108134349498
30.13,-10.414435964712565
30.14,-10.241586570932297
30.15,-10.032372352107902
30.16,-7.784955659245857
30.17,-6.757348309808735
30.18,-4.229424941383763
30.19,-4.299346553780357
30.2,-4.326065859800824
30.21,-4.38197952870614
30.22,-4.415402994799039
30.23,-4.428656713645822
30.24,-4.482944553194276
30.25,-4.487508941040048
30.26,-4.4966023693540595
30.27,-4.504589683218797
30.28,-4.520624461566655
30.29,-4.517672575642968
30.3,-4.5416163342941855
30.31,-4.5184590564424205
30.32,-4.499078016636461
30.33,-4.501934109708979
30.34,-4.476947391499188
30.35,-4.4555889544262355
30.36,-4.443255267953324
30.37,-4.415302705666787
30.38,-4.401366708023988
30.39,-4.366233156851102
30.4,-4.3283263413009845
30.41,-4.301087791371571
30.42,-4.2748572701946355
30.43,-4.231327038171775
30.44,-4.189356975794616
30.45,-4.178404928932262
30.46,-4.106292772055989
30.47,-4.079901756003077
30.48,-4.029715140017468
30.49,-3.978296409339418
30.5,-3.9592335345555956
30.51,-3.9068815818618083
30.52,-3.8560513957121603
30.53,-3.813569024945508
30.54,-3.7402092979936072
30.55,-3.7172863133221528
30.56,-3.6648344953471823
30.57,-3.607260594392227
30.58,-3.5708779055294784
30.59,-3.5119579180219773
30.6,-3.453617791305179
30.61,-3.4086103200343385
30.62,-3.354452836722318
30.63,-3.3068448032258924
30.64,-3.264569205272395
30.65,-3.193965291849469
30.66,-3.1273135637299863
30.67,-3.0923248875304883
30.68,-3.0377862959521162
30.69,-2.9805423651548217
30.7,-2.9476439898492113
30.71,-2.865509436504344
30.72,-2.8282787794265727
30.73,-2.7619809050835085
30.74,-2.7338832566888955
30.75,-2.65689970915818
30.76,-2.6161507919717613
30.77,-2.5675051522726617
30.78,-2.520165543470157
30.79,-2.474818095679219
30.8,-2.4105326036033095
30.81,-2.3717377965860247
30.82,-2.3438266826788934
30.83,-2.2867485078609344
30.84,-2.2293048662044463
30.85,-2.1766919579955446
30.86,-2.1331972351156883
30.87,-2.073791670731446
30.88,-2.0593660119665262
30.89,-1.9928283096168142
30.9,-1.9673982002089412
30.91,-1.8971278575006187
30.92,-1.8617344369356985
30.93,-1.8132210981228463
30.94,-1.7832484017444687
30.95,-1.7195730969912937
30.96,-1.6802742078905122
30.97,-1.6437436962504572
30.98,-1.6103232047476084
30.99,-1.5632356677975903
31.0,-1.5366617508355458
31.01,-1.482142137299362
31.02,-1.4358470739010472
31.03,-1.4038115641745679
31.04,-1.3845125669817238
31.05,-1.3368150736320594
31.06,-1.317076813626749
31.07,-1.2626304491614202
31.08,-1.2285388307938523
31.09,-1.2169027101472776
31.1,-1.1754389103861977
31.11,-1.1327126347075356
31.12,-1.0993802478490171
31.13,-1.075375846046203
31.14,-1.0267055783316346
31.15,-0.9957789956388536
31.16,-0.9683216166952962
31.17,-0.9423968634887054
31.18,-0.893172674685302
31.19,-0.8562774387921241
31.2,-0.8471853256425582
31.21,-0.8183138432368551
31.22,-0.7774388812550401
31.23,-0.756394186737442
31.24,-0.7249628838563315
31.25,-0.687206221993249
31.26,-0.6849972726343027
31.27,-0.6242772667891223
31.28,-0.6085245698280172
31.29,-0.5853871358041015
31.3,-0.5544032543852287
31.31,-0.5263419785185531
31.32,-0.5159404578360185
31.33,-0.456539155488898
31.34,-0.4441213178654585
31.35,-0.41333487905064126
31.36,-0.38167436457990805
31.37,-0.37499422050317677
31.38,-0.3338039313258475
31.39,-0.31513023815340163
31.4,-0.2780571658574991
31.41,-0.28202175472458024
31.42,-0.236117245887183
31.43,-0.21568318558548444
31.44,-0.18001352309163615
31.45,-0.1544710565801703
31.46,-0.14124001341844677
31.47,-0.11643850007403773
31.48,-0.08574216716103429
31.49,-0.06909264417507198
31.5,-0.027376556527870233
31.51,-0.01534700802464246
31.52,-0.01678216659380811
31.53,0.03227122553439424
31.54,0.049140824430548076
31.55,0.06647929510632335
31.56,0.09342402173936588
31.57,0.1296177349149707
31.58,0.1642299870289822
31.59,0.1761615492745414
31.6,0.18868411663704568
31.61,0.22062270721228514
31.62,0.23233764568379325
31.63,0.25034531851866015
31.64,0.2655464577204507
31.65,0.2787332055863975
31.66,0.31078907806073236
31.67,0.3338770314384739
31.68,0.34798555895515093
31.69,0.360346452376035
31.7,0.36932657407142977
31.71,0.3976628422612843
31.72,0.3894896470101998
31.73,0.4195299280669544
31.74,0.40862493737580535
31.75,0.4155437418562323
31.76,0.4102347544614802
31.77,0.419183695426862
31.78,0.4310103860614452
31.79,0.421829733954814
31.8,0.42104803976419514
31.81,0.41113454367369084
31.82,0.3903512710008579
31.83,0.3949045139286814
31.84,0.38884060294041006
31.85,0.4100214550489148
31.86,0.3863574413718309
31.87,0.4102264204305716
31.88,0.4143279139062811
31.89,0.42873956703694927
31.9,0.41213422556810464
31.91,0.4297126944168528
31.92,0.45218516263194086
31.93,0.4302631396969255
31.94,0.4283412122124076
31.95,0.4322299939640043
31.96,0.4655008089126126
31.97,0.4468208327115453
31.98,0.4690821652618088
31.99,0.4841530375163011
32.0,0.4883814392793334
32.01,0.497268328389227
32.02,0.5014192057592003
32.03,0.5178333556886013
32.04,0.5010069559065506
32.05,0.5088565531423592
32.06,0.512583658918765
32.07,0.5328618331546194
32.08,0.5373599039357719
32.09,0.5361926013211263
32.1,0.5463516990422699
32.11,0.525069624942343
32.12,0.5553384605419076
32.13,0.5551848377064199
32.14,0.5480530617723465
32.15,0.558706391904794
32.160000000000004,0.523950747165934
32.17,0.534328708156317
32.18,0.5306953408733177
32.19,0.5431493521099087
32.2,0.5227229962819556
32.21,0.5374861348589243
32.22,0.5396941137723819
32.230000000000004,0.5284035499312152
32.24,0.519131925558879
32.25,0.5006341710923347
32.26,0.49563445020414637
32.27,0.5095572089721407
32.28,0.49717748317104343
32.29,0.4806790505961174
32.3,0.4679354960591914
32.31,0.44226020320408305
32.32,0.44157047414830836
32.33,0.4605100351059481
32.34,0.41706378301652136
32.35,0.41959120873918
32.36,0.4149548323769377
32.37,0.37887179093087464
32.38,0.3791665179516481
32.39,0.37195625400473087
32.4,0.34732097432475
32.410000000000004,0.3598623833723907
32.42,0.29784089561311317
32.43,0.3078320381221961
32.44,0.27760738458877604
32.45,0.26852183925618334
32.46,0.24606371677397246
32.47,0.21455242044584644
32.480000000000004,0.2037975425244771
32.49,0.16194771936108762
32.5,0.16497959322853772
32.51,0.13975635564088354
32.52,0.12040270216447753
32.53,0.1012590670989999
32.54,0.07044346542578711
32.55,0.04377265910091527
32.56,0.008448578322575078
32.57,-0.015444193509149311
32.58,-0.022575899701774694
32.59,-0.04673204841794511
32.6,-0.09065019616665623
32.61,-0.11549454837703536
32.62,-0.1531878862763548
32.63,-0.16109253580970057
32.64,-0.19532462819599414
32.65,-0.2121944012853674
32.660000000000004,-0.27047504868743577
32.67,-0.29600717335086346
32.68,-0.32088688543356164
32.69,-0.3481373027603354
32.7,-0.38857350232052623
32.71,-0.4273615348930628
32.72,-0.44241974917113985
32.730000000000004,-0.47699709397959894
32.74,-0.5267040065300466
32.75,-0.5376628694295111
32.76,-0.5735191175953662
32.77,-0.6181938207685003
32.78,-0.6533519927020026
32.79,-0.6834972419242004
32.8,-0.7328060424169526
32.81,-0.7592839045882945
32.82,-0.8167321177884291
32.83,-0.822276154780423
32.84,-0.882677390866357
32.85,-0.8882197755543164
32.86,-0.9428964203646201
32.87,-0.9781823392065447
32.88,-1.0189216469665485
32.89,-1.052190017524812
32.9,-1.0718650500059792
32.910000000000004,-1.1477319400189083
32.92,-1.1469179910217784
32.93,-1.19314738935337
32.94,-1.2454197291024263
32.95,-1.2808806340735521
32.96,-1.2900713496397846
32.97,-1.5017178730886502
32.980000000000004,-1.8280203043460785
32.99,-1.9295962282532197
33.0,-2.079022044478434
33.01,-2.1996009115583472
33.02,-2.2729180681452457
33.03,-2.3426597083872793
33.04,-2.3483432858162923
33.05,-2.34600106456548
33.06,-2.346194203014966
33.07,-2.344509148827554
33.08,-2.3270336501889903
33.09,-2.341107008576721
33.1,-2.349314370618368
33.11,-2.3293218451708926
33.12,-2.3092023651890066
33.13,-2.3363784052658185
33.14,-2.325931885978969
33.15,-2.3141547855910556
33.160000000000004,-2.3147731952564863
33.17,-2.319882666005776
33.18,-2.2945750707393824
33.19,-2.278234019688906
33.2,-2.2950191265571287
33.21,-2.301471093210815
33.22,-2.303272882705816
33.230000000000004,-2.280458435035888
33.24,-2.2671557351195326
33.25,-2.2685000657427783
33.26,-2.268233625588442
33.27,-2.268960594681699
33.28,-2.2687482256450147
33.29,-2.244138302701639
33.3,-2.2379089495067768
33.31,-2.2569667736128016
33.32,-2.2199762732633443
33.33,-2.2244020429985927
33.34,-2.2103183996483278
33.35,-2.2318113641112163
33.36,-2.2260289171098484
33.37,-2.2077465439709654
33.38,-2.1950215373541044
33.39,-2.175785451975451
33.4,-2.180295905953407
33.410000000000004,-2.183299916706387
33.42,-2.1845627991211916
33.43,-2.1553355154182676
33.44,-2.1705302077559274
33.45,-2.1377581106920176
33.46,-2.149959067482406
33.47,-2.124195352933428
33.480000000000004,-2.1262120566096767
33.49,-2.1271864432211824
33.5,-2.1237411335285175
33.51,-2.1146030878763815
33.52,-2.099474385533624
33.53,-2.0954667280750794
33.54,-2.094574780922836
33.55,-2.082609437515626
33.56,-1.8516593307226015
33.57,-1.4909670006605749
33.58,-1.1283891380686315
33.59,-0.8470393328739415
33.6,-0.5867624398084422
33.61,-0.3614917253849875
33.62,-0.1620147196984267
33.63,0.020801648864568208
33.64,0.18532901687967007
33.65,0.35223298691002114
33.660000000000004,0.3643678061086919
33.67,0.2469334268774001
33.68,0.20631851993485897
33.69,0.17551160248419997
33.7,0.14866646107192957
33.71,0.12139790261510605
33.72,0.1344773931057236
33.730000000000004,0.12752777112534133
33.74,0.08361698889932144
33.75,0.08218442728140321
33.76,0.08217914590735673
33.77,0.0682056588749596
33.78,0.07595020066494025
33.79,0.056723082461978866
33.8,0.07880039981761723
33.81,0.06220891363222146
33.82,0.04559073163512885
33.83,0.04691361282023762
33.84,0.04091414850781419
33.85,0.017478298019323168
33.86,0.008289195269129553
33.87,0.010656895098125776
33.88,0.01202492445133674
33.89,-0.0015417780462490226
33.9,-0.02490221012074197
33.910000000000004,-0.023206097826786818
33.92,-0.02179772975543148
33.93,-0.0275200593743006
33.94,-0.012561173177080612
33.95,-0.051481686217555486
33.96,-0.03770893376157115
33.97,-0.0328217231998094
33.980000000000004,-0.029749864300340937
33.99,-0.0610629245842019
34.0,-0.05646292685779579
34.01,-0.05984304969436832
34.02,-0.0675566712923926
34.03,-0.07428108282855646
34.04,-0.07252779814674844
34.05,-0.10562266347389586
34.06,-0.07671424736289169
34.07,-0.08533468673308563
34.08,-0.09171449314005556
34.09,-0.07175134728583901
34.1,-0.10154184722382371
34.11,-0.1012436120924782
34.12,-0.07957105787218045
34.13,-0.10993998157324557
34.14,-0.10911801259554639
34.15,-0.1069549960155662
34.160000000000004,-0.0988213278018006
34.17,-0.10677624906598616
34.18,-0.12329336520966362
34.19,-0.11709436734140898
34.2,-0.11914994513831041
34.21,-0.11505580480503115
34.22,-0.11114105089213581
34.230000000000004,-0.1122471436287124
34.24,-0.13513785974470663
34.25,-0.10761059427463111
34.26,-0.11652507158495197
34.27,-0.10593934067764584
34.28,-0.11601425453340998
34.29,-0.11005666471674268
34.300000000000004,-0.1169644588301424
34.31,-0.10867819240500111
34.32,-0.1173830365065011
34.33,-0.12400825587094934
34.34,-0.10069057923147667
34.35,-0.11487631428674726
34.36,-0.11835049578312078
34.37,-0.13714517809190627
34.38,-0.1375356761214891
34.39,-0.12197540625508406
34.4,-0.12367992152091219
34.410000000000004,-0.13149455397801538
34.42,-0.1131234478970808
34.43,-0.08636251593963744
34.44,-0.08283080540222522
34.45,-0.09099327737354938
34.46,-0.07203569675245283
34.47,-0.068136176834722
34.480000000000004,-0.05349096639395891
34.49,-0.04488286892969043
34.5,-0.03136928707128006
34.51,-0.03465135660923424
34.52,-0.015761195185272702
34.53,-0.012732263193233301
34.54,-0.029877327953237876
34.550000000000004,0.028736996936783728
34.56,0.02314509899290362
34.57,0.01332554375900164
34.58,0.021173058055495086
34.59,0.012825959989342182
34.6,0.04464612525481765
34.61,0.04948011498561841
34.62,0.03459960028313005
34.63,0.04553747410632815
34.64,0.03909882969310924
34.65,0.025823282559512696
34.660000000000004,0.03674087890196592
34.67,0.04369150349692897
34.68,0.03920265939981716
34.69,0.04281662433591824
34.7,0.04523788943491236
34.71,0.046398631930527484
34.72,0.048704101688843426
34.730000000000004,0.03847871202095769
34.74,0.04275651052014803
34.75,0.037869969891964506
34.76,0.0612380536068947
34.77,0.031109407688834356
34.78,0.06437591160367775
34.79,0.06735142276489443
34.800000000000004,0.05109291377496629
34.81,0.028693584615565513
34.82,0.0517096524897412
34.83,0.055270000390963706
34.84,0.04638957086486646
34.85,0.05192472019698827
34.86,0.07296056538801142
34.87,0.06489240066154502
34.88,0.04958701489380041
34.89,0.04345319318732648
34.9,0.05676433762891349
34.910000000000004,0.05851568645216941
34.92,0.06623987034859956
34.93,0.056565539154452504
34.94,0.06768893184015431
34.95,0.0825961924743589
34.96,0.07208685158914332
34.97,0.06415551393151177
34.980000000000004,0.06352763812949155
34.99,0.06253408820751219
35.0,0.07866852307199895
35.01,0.06137052178789097
35.02,0.06889825652234263
35.03,0.06978175142885475
35.04,0.06509754792729458
35.050000000000004,0.05725869609021279
35.06,0.07510384879124708
35.07,0.07217802755264846
35.08,0.0787280467799007
35.09,0.06935121137453124
35.1,0.08788136838462968
35.11,0.06791608928581665
35.12,0.09483998315880364
35.13,0.06130439877012239
35.14,0.08421541817378651
35.15,0.08573508973898274
35.160000000000004,0.07416472844616098
35.17,0.08753054537458593
35.18,0.09727523122486549
35.19,0.06353277301731486
35.2,0.09197715281928594
35.21,0.06329392106886013
35.22,0.07987544796324202
35.230000000000004,0.10715813632344975
35.24,0.08641231372815056
35.25,0.08188466472746127
35.26,0.09306747697017428
35.27,0.11717977075010613
35.28,0.07966861140413115
35.29,0.08898835724683465
35.300000000000004,0.11602352368616356
35.31,0.12120615210287373
35.32,0.10320736471988516
35.33,0.09349679127106518
35.34,0.1285249658349014
35.35,0.12522422925399657
35.36,0.11781711335837973
35.37,0.1046865386536408
35.38,0.11413879513339273
35.39,0.1148801633244218
35.4,0.12168365465152887
35.410000000000004,0.13481380381335775
35.42,0.13106445784669263
35.43,0.11350146789191042
35.44,0.14008418517053356
35.45,0.13153420448265596
35.46,0.13739751001390416
35.47,0.1473571829847679
35.480000000000004,0.12378250865819339
35.49,0.13678888174766177
35.5,0.13412439733877626
35.51,0.12609583409055652
35.52,0.1476214119190129
35.53,0.17169488882558243
35.54,0.13064942733575097
35.550000000000004,0.1512449077896666
35.56,0.1605380514542751
35.57,0.1579764959306921
35.58,0.15827650578488398
35.59,0.14912748649066215
35.6,0.16720999692808422
35.61,0.16012842108367023
35.62,0.14866307770401405
35.63,0.1854276160463483
35.64,0.1860389917468145
35.65,0.180000111213419
35.660000000000004,0.184858442567536
35.67,0.196451808251477
35.68,0.1911506169647237
35.69,0.20120458274106554
35.7,0.19250631040625968
35.71,0.21197825212793064
35.72,0.20550570528033393
35.730000000000004,0.20774107110565224
35.74,0.19666664840916598
35.75,0.21586838989014728
35.76,0.20837654514428838
35.77,0.21407708042819526
35.78,0.21613738413446879
35.79,0.21752830214878274
35.800000000000004,0.25340702613521504
35.81,0.24951139330562644
35.82,0.2595113149535132
35.83,0.23226017684417954
35.84,0.24945590215144123
35.85,0.24013618219064614
35.86,0.25051678862609345
35.87,0.25277045938828685
35.88,0.2789019777928886
35.89,0.2671755697340266
35.9,0.28653163186862707
35.910000000000004,0.2866781679217187
35.92,0.3085424930936247
35.93,0.27566170141701934
35.94,0.3080801726424901
35.95,0.3120664151426915
35.96,0.2960656206838301
35.97,0.3211521776240472
35.980000000000004,0.3198085090527579
35.99,0.31962399658723967
36.0,0.31919729429431914
36.01,0.32587030065670225
36.02,0.35927172749761827
36.03,0.3445807201921006
36.04,0.3582841055254292
36.05,0.3485318347208067
36.06,0.35470991774802285
36.07,0.37948590006498245
36.08,0.36141823042189547
36.09,0.3770997770410011
36.1,0.3880222791452168
36.11,0.3953173249078524
36.12,0.3990251370745481
36.13,0.41147796094625616
36.14,0.42124337275537105
36.15,0.42854760584738444
36.16,0.4183209977321936
36.17,0.43240601109956345
36.18,0.4543541052542028
36.19,0.45860270654427093
36.2,0.4432677958861366
36.21,0.46794106097102195
36.22,0.4521632547905902
36.23,0.4800228520327528
36.24,0.5062271087649421
36.25,0.48555368250826914
36.26,0.4945588168117788
36.27,0.5109359017173744
36.28,0.4161182974952399
36.29,0.399641535527238
36.3,0.3777044721155697
36.31,0.3389298536092239
36.32,0.31945463206158
36.33,0.3083589516511288
36.34,0.2860211352324014
36.35,0.2666839428290421
36.36,0.2438021926757736
36.37,0.23479121189396554
36.38,0.21428942854005403
36.39,0.20494934699850703
36.4,0.18055957672820383
36.41,0.1691039221067601
36.42,0.14662207488039378
36.43,0.14191620083794343
36.44,0.12002420107644665
36.45,0.10296230254360897
36.46,0.10274098146958609
36.47,0.08944215998265541
36.48,0.08449173352089433
36.49,0.06368502680118401
36.5,0.06516683195697057
36.51,0.061267724813084026
36.52,0.05631451844039716
36.53,0.04102187663186328
36.54,0.049375534272255786
36.55,0.05121854824614111
36.56,0.04834655437031182
36.57,0.029028815261256852
36.58,0.044218451737299797
36.59,0.05993072661482593
36.6,0.028615052147969573
36.61,0.02017886749847329
36.62,0.026655460149286984
36.63,0.02201570804009372
36.64,0.027150894012715046
36.65,-0.0006197163263993791
36.66,0.016357335585067325
36.67,0.012369733899357836
36.68,0.002770758387152239
36.69,0.005588721340555502
36.7,0.010763651663919474
36.71,0.007695456150782903
36.72,-0.013739838286822088
36.73,0.004805649020319646
36.74,-0.004951402764186284
36.75,-0.0043231224844754446
36.76,-0.004921225168190352
36.77,-0.0076249257012116
36.78,0.005444445307644848
36.79,-0.007552586364119922
36.8,-0.018057128008069686
36.81,-0.010856646915048288
36.82,-0.0051166114084724434
36.83,0.005475510939733206
36.84,-0.0006372650743472624
36.85,-0.01497061343384944
36.86,0.018637741969704816
36.87,-0.0032729657073262038
36.88,0.00716365460866995
36.89,-0.006744739180514089
36.9,0.0004964439555822965
36.91,0.0039717682041604495
36.92,0.008193408345301361
36.93,0.007036368139301152
36.94,0.00564973238787528
36.95,-0.005746881157481384
36.96,-0.007828551487210112
36.97,0.0017063992875358744
36.98,0.008207524942112795
36.99,-0.002852323338678471
37.0,0.010526358336792467
37.01,0.014900243662637595
37.02,-0.008291293493837396
37.03,-0.0070021877298636
37.04,0.00045462716766573805
37.05,0.005421224942384364
37.06,-0.0024192711500512117
37.07,0.016823619879433545
37.08,0.008010753628114814
37.09,0.0046258303839461935
37.1,-0.009674118429629477
37.11,-0.00802759582191697
37.12,0.008377897230382963
37.13,-0.015329510064005559
37.14,0.016542654576155322
37.15,0.0052456069328403986
37.16,0.03965984932034643
37.17,0.03070068299776091
37.18,0.006190405857490634
37.19,0.007315655554130251
37.2,0.018699728839765298
37.21,0.026131315424133078
37.22,-0.006934187927503169
37.23,-0.008080232060857364
37.24,0.003891586888114286
37.25,0.016258814310212744
37.26,0.015710882391781172
37.27,0.0217418967323542
37.28,-0.0006592960422419809
37.29,-0.011538661127507965
37.3,0.020479769252785357
37.31,0.0038864186179344527
37.32,-0.0077556801329522786
37.33,0.014132879562507916
37.34,0.020859434440283573
37.35,0.011945101234142927
37.36,0.008817912999223708
37.37,0.012026399249225035
37.38,0.010130890144431772
37.39,0.0005661840499779289
37.4,0.007103198428474181
37.41,0.019659736071502544
37.42,0.0178544046490894
37.43,0.016502816438566402
37.44,0.005049413547285206
37.45,0.01335879180979983
37.46,-0.006429497035082447
37.47,0.017287812605565597
37.48,0.029948234138551272
37.49,0.0010698175992358422
37.5,0.010098365556405548
37.51,0.019390380847333896
37.52,0.028764722797304538
37.53,0.011886486623611806
37.54,0.009574255539970936
37.55,-0.003068720584884131
37.56,0.017774500767070964
37.57,0.03727647266855694
37.58,0.01974100089466126
37.59,0.016852562935589267
37.6,0.020400463550462655
37.61,0.01716947416168478
37.62,0.009247584338130301
37.63,0.025704549823986653
37.64,0.019820185125574746
37.65,0.017826420480839475
37.66,0.0079813462827671
37.67,0.03085190282493369
37.68,0.0245428606863323
37.69,0.01244291999679438
37.7,0.028064047066808373
37.71,0.01314122214759193
37.72,0.01036557420996153
37.73,0.01065488332582273
37.74,0.0006052419263931873
37.75,0.023093147429092256
37.76,0.00012592919870619765
37.77,0.006210524117863873
37.78,-0.002205332800917833
37.79,0.01774350228687207
37.8,0.01715278017121228
37.81,0.01543900383608306
37.82,0.008328428763481737
37.83,0.0070784246281795984
37.84,0.02348939191522914
37.85,0.013383535570648324
37.86,0.022094483613389247
37.87,0.010118794444256075
37.88,0.020820876508361424
37.89,0.03208063156943404
37.9,0.024945793159721733
37.91,0.014995008938137197
37.92,0.021724919458390574
37.93,0.01677887531290527
37.94,0.019295779306779382
37.95,0.015991213885139365
37.96,0.017633250285401587
37.97,0.021425784692051753
37.98,0.009398518615012095
37.99,0.009199611904402718
38.0,0.005498342496889691
38.01,0.0034055313717005035
38.02,0.007259026439347506
38.03,0.021049257125406593
38.04,0.01054873199164696
38.05,0.024633951284559762
38.06,0.01986539507069152
38.07,-0.00014705613644013654
38.08,0.026106774044727398
38.09,0.027683363891667798
38.1,0.009654460038959667
38.11,0.023812086513588016
38.12,0.01106166774660131
38.13,0.020619249954156753
38.14,0.007012895927445044
38.15,0.0017416064837500328
38.16,0.015858766138232512
38.17,0.01846341053484244
38.18,0.01573717694121756
38.19,0.007886472083865805
38.2,0.015740136137559528
38.21,0.02244398610479454
38.22,0.01931359769540893
38.23,0.021598619518137435
38.24,0.013083144929124772
38.25,0.031511784399351296
38.26,0.008042814307744393
38.27,0.024689739819496587
38.28,0.031642296059139915
38.29,0.024641385476813753
38.3,0.017815664780843
38.31,0.014566233067901509
38.32,0.03021808100233576
38.33,0.005635171260319569
38.34,0.010171119110589363
38.35,0.015903960255051686
38.36,0.03226299656115108
38.37,0.02369080911017326
38.38,0.010219110785326746
38.39,0.01680269767215235
38.4,0.013768527681339902
38.41,0.012819639948558632
38.42,0.029711989706504897
38.43,0.006211029395706766
38.44,0.0360214424403905
38.45,0.028220919724278315
38.46,0.030852048967626847
38.47,0.01531867545762219
38.48,0.018453135055420226
38.49,0.005625336122727753
38.5,0.014714385898121067
38.51,0.024901566092418056
38.52,0.03292951179512828
38.53,0.00890103753223305
38.54,0.016321136505908294
38.55,0.018466665124525748
38.56,0.006025102484648539
38.57,0.02589970340902295
38.58,0.012749408003870135
38.59,0.018038396330589658
38.6,0.015475686722822495
38.61,0.012104571162837766
38.62,0.019930182553213438
38.63,0.01784711529432404
38.64,0.016287117588578252
38.65,0.012723475114780917
38.66,0.023205646061605384
38.67,0.03654879582441387
38.68,0.021413638157133492
38.69,0.0299780124539595
38.7,0.006116600202057841
38.71,0.021598349997538825
38.72,0.009048898995530068
38.73,0.00525511158252033
38.74,0.012632359929724815
38.75,0.03194671814974011
38.76,0.029529472059210658
38.77,0.022460891730608643
38.78,0.004705313060214119
38.79,0.01807093175880509
38.8,0.023052104982553178
38.81,0.021791782689817147
38.82,0.001599751974772412
38.83,0.011135728645575904
38.84,0.01939930317026212
38.85,0.025404120376171267
38.86,-0.0019189798678808205
38.87,0.018422105350191696
38.88,0.021474839631445187
38.89,0.028541440388980557
38.9,0.02697482866694882
38.91,0.025872862124873438
38.92,0.01204860591731025
38.93,0.0009688182608207779
38.94,0.016119109104997954
38.95,0.03006672100494614
38.96,0.03398568437817751
38.97,0.027157338494030583
38.98,0.02434593568296482
38.99,0.023849577378109547
39.0,0.014492620975322612
39.01,0.018753808795451944
39.02,0.03674568625161999
39.03,0.010629966229172937
39.04,0.03620386787199427
39.05,0.016836310401049284
39.06,0.03331140456798023
39.07,0.005989404170076611
39.08,0.02591704818583423
39.09,0.012690738101043679
39.1,0.005906182615575625
39.11,0.022244592843975095
39.12,0.03015435201252857
39.13,0.011610584366519437
39.14,0.005070188735950373
39.15,0.01914223532519836
39.16,0.019186648934385847
39.17,0.02554450408216325
39.18,0.029557545534206787
39.19,0.019467727095371583
39.2,0.0386171787237527
39.21,0.022304747006896677
39.22,0.016598376958883693
39.23,0.003947199695549575
39.24,0.017436497608794184
39.25,0.016699433413615294
39.26,0.029666549929689513
39.27,0.02468852836672326
39.28,0.008270180894811663
39.29,0.021786587406533702
39.3,0.026779517340988823
39.31,0.035344673404764035
39.32,0.028939545045146037
39.33,0.027673109482219307
39.34,0.020665632512677147
39.35,0.023948015197400814
39.36,0.032560060295543924
39.37,0.006737345509523153
39.38,0.016570828071645956
39.39,0.012339629486208988
39.4,0.02385693729156059
39.41,0.03236771125014491
39.42,0.014095824024226497
39.43,-0.0038374042825836015
39.44,0.015943498535993493
39.45,0.02920050502854137
39.46,0.02544212311101317
39.47,0.02434773864574971
39.48,0.01726599083371466
39.49,0.00727565902147115
39.5,0.025218948312282923
39.51,0.011723221002403089
39.52,0.04190703637943312
39.53,0.02577116779363063
39.54,0.01425963478459362
39.55,0.013952284686125834
39.56,0.019136710635819912
39.57,0.017671146027915467
39.58,0.031234511546517865
39.59,0.021930341174583874
39.6,0.012749863812337753
39.61,0.03897058788681286
39.62,0.020559260987475108
39.63,0.02775456864652389
39.64,0.013983898020582974
39.65,0.02369730871624474
39.66,0.023177238379140427
39.67,0.0011696291981484787
39.68,0.04021885473061529
39.69,0.032972528068035925
39.7,0.016094107558957932
39.71,0.009043338910171204
39.72,0.02354162587725029
39.73,0.02093295800971326
39.74,0.023622640263518492
39.75,0.021981692489496593
39.76,0.02512829420822241
39.77,0.03453890581164968
39.78,0.02574684379672179
39.79,0.009569218206906706
39.8,0.033691361435856534
39.81,0.03647183742173673
39.82,0.051586216070972246
39.83,0.008830664305336682
39.84,0.022494378628179157
39.85,-0.00075547494474687
39.86,0.025596955009645078
39.87,0.014583411315401008
39.88,0.03929982176567581
39.89,0.012319162882676739
39.9,0.0031734290825051782
39.91,0.015352568221945057
39.92,0.0003102734528493828
39.93,0.027576090061370816
39.94,-0.0005857910276937002
39.95,0.020349557372918946
39.96,-0.0007131946547435999
39.97,0.016861886168798634
39.98,0.036498586586970944
39.99,0.023671223670049098
