time_s,gyro_pitch_rad_s_faulty,fault_label
0.0,0.0518540646013889,0
0.01,0.0713094042367791,0
0.02,-0.0088740402489387,0
0.03,-0.0100705941840293,0
0.04,-0.0316707705877343,0
0.05,-0.0523765592802075,0
0.06,-0.0555513588858651,0
0.07,-0.0843620365077649,0
0.08,-0.1200739195525218,0
0.09,-0.1359172160890506,0
0.1,-0.1742928188315093,0
0.11,-0.2053630993534556,0
0.12,-0.2324184263353761,0
0.13,-0.2914704657889453,0
0.14,-0.3307937124826599,0
0.15,-0.3644535906982979,0
0.16,-0.4187373076213476,0
0.17,-0.4515866589147983,0
0.18,-0.5053212521644004,0
0.19,-0.5474384617587639,0
0.2,-0.5514547533461048,0
0.21,-0.5970877166272592,0
0.22,-0.6190070482298441,0
0.23,-0.6551103691596936,0
0.24,-0.6640192926439386,0
0.25,-0.6719336149965635,0
0.26,-0.6959860793991098,0
0.27,-0.6893074396298686,0
0.28,-0.7050334375242696,0
0.29,-0.7054965632952899,0
0.3,-0.7099782787135063,0
0.31,-0.6846095466809903,0
0.32,-0.7001043793993801,0
0.33,-0.7051888922001328,0
0.34,-0.6789775054247704,0
0.35,-0.6900958987193149,0
0.36,-0.6647216272497324,0
0.37,-0.6737128510914238,0
0.38,-0.6532310534485395,0
0.39,-0.6224835980447585,0
0.4,-0.600381595726052,0
0.41,-0.5883164847796445,0
0.42,-0.5725365417171906,0
0.43,-0.5549599860615293,0
0.44,-0.5466515574236873,0
0.45,-0.5184562818899776,0
0.46,-0.4948512356217165,0
0.47,-0.4583729974051082,0
0.48,-0.4440318156718695,0
0.49,-0.4435535656849958,0
0.5,-0.4011705733979519,0
0.51,-0.3868797943658274,0
0.52,-0.3686356581654439,0
0.53,-0.3348918950733366,0
0.54,-0.3102246316776754,0
0.55,-0.2912046250615153,0
0.56,-0.2894163616770742,0
0.5700000000000001,-0.2652082032850043,0
0.58,-0.2405357049723274,0
0.59,-0.2165148567183184,0
0.6,-0.2142172508983137,0
0.61,-0.1952083303771822,0
0.62,-0.1891445494771824,0
0.63,-0.175602683394419,0
0.64,-0.1419261612498921,0
0.65,-0.1237675058497541,0
0.66,-0.1262075442506036,0
0.67,-0.1044953416069293,0
0.68,-0.1008453641869024,0
0.6900000000000001,-0.1017296646225145,0
0.7000000000000001,-0.0833607725004574,0
0.71,-0.0641601889373421,0
0.72,-0.0733207207947663,0
0.73,-0.0515772518514358,0
0.74,-0.0885019195829408,0
0.75,-0.0499632542383369,0
0.76,-0.0539616374824672,0
0.77,-0.055216783807977,0
0.78,-0.0494192558812184,0
0.79,-0.0690073089172916,0
0.8,-0.0507752679800454,0
0.81,-0.04507285383692,0
0.8200000000000001,-0.0345142872389002,0
0.8300000000000001,-0.0556735237727123,0
0.84,-0.0602856507788433,0
0.85,-0.0594040607726236,0
0.86,-0.0478575342039154,0
0.87,-0.0567518133302243,0
0.88,-0.068730994378368,0
0.89,-0.0620250217016122,0
0.9,-0.0702058894423869,0
0.91,-0.065768910254813,0
0.92,-0.0869801332519595,0
0.93,-0.0879327095086502,0
0.94,-0.0934335769490613,0
0.95,-0.1091327278023695,0
0.96,-0.0966200473020576,0
0.97,-0.1021241038296123,0
0.98,-0.1098791045506041,0
0.99,-0.1174876590062046,0
1.0,-0.134498191652129,0
1.01,-0.1297213906123358,0
1.02,-0.1340583532364133,0
1.03,-0.143695599779985,0
1.04,-0.1422336618863155,0
1.05,-0.1414171247235264,0
1.06,-0.131305423030313,0
1.07,-0.1529894083969971,0
1.08,-0.1565727273337711,0
1.09,-0.1641391861601745,0
1.1,-0.1866520952829562,0
1.11,-0.1716134137190921,0
1.12,-0.1744365050345341,0
1.13,-0.1538972518651173,0
1.14,-0.1837394202790443,0
1.15,-0.181877882484702,0
1.16,-0.1881067104938689,0
1.17,-0.2020996818925725,0
1.18,-0.1814244765994416,0
1.19,-0.1875600819526207,0
1.2,-0.1891840450034076,0
1.21,-0.2079936493050791,0
1.22,-0.1864707284341601,0
1.23,-0.2159133504367689,0
1.24,-0.1972241916664076,0
1.25,-0.1821930065015904,0
1.26,-0.2148203082620874,0
1.27,-0.2112141160721039,0
1.28,-0.2050163281346695,0
1.29,-0.2113419212961219,0
1.3,-0.2219482115923169,0
1.31,-0.2057382253757912,0
1.32,-0.2168850661484647,0
1.33,-0.201228410813883,0
1.34,-0.2147334096768324,0
1.35,-0.189495687345656,0
1.36,-0.2121730339633612,0
1.37,-0.2068047913590544,0
1.38,-0.1945994711503886,0
1.39,-0.2141090810916192,0
1.4,-0.1985154099694279,0
1.41,-0.1866402600770941,0
1.42,-0.2146484854466779,0
1.43,-0.195537569168705,0
1.44,-0.1935514212717297,0
1.45,-0.1870620182371021,0
1.46,-0.2059507278681208,0
1.47,-0.2054647875729072,0
1.48,-0.1857045981283664,0
1.49,-0.1866092149121155,0
1.5,-0.18572658668604,0
1.51,-0.1834227181056148,0
1.52,-0.1923518565989087,0
1.53,-0.1819073586481437,0
1.54,-0.1799961423596608,0
1.55,-0.1887904983795263,0
1.56,-0.1617366130699621,0
1.57,-0.1744344221750248,0
1.58,-0.1898986140301121,0
1.59,-0.1702703765301054,0
1.6,-0.1854733009583427,0
1.61,-0.1667888468131529,0
1.62,-0.1620516552324852,0
1.63,-0.180868816485029,0
1.64,-0.162100523981594,0
1.65,-0.1667278243639146,0
1.66,-0.1618062954353953,0
1.67,-0.1502807278450262,0
1.68,-0.17097511462716,0
1.69,-0.175382052461738,0
1.7,-0.1761140020780598,0
1.71,-0.1748014404857003,0
1.72,-0.1668885398229649,0
1.73,-0.1622290887906363,0
1.74,-0.1624446998800743,0
1.75,-0.1565575326423314,0
1.76,-0.1643625516532439,0
1.77,-0.1496644337267058,0
1.78,-0.1665959696726401,0
1.79,-0.1365380718700486,0
1.8,-0.1573124017063123,0
1.81,-0.1720070409744556,0
1.82,-0.1740459163857049,0
1.83,-0.1584469269360482,0
1.84,-0.1654720232211915,0
1.85,-0.1560921350129459,0
1.86,-0.1585214004579228,0
1.87,-0.1640284735947323,0
1.88,-0.1718371765990722,0
1.89,-0.1786072970803676,0
1.9,-0.1680319898555591,0
1.91,-0.1551272226108106,0
1.92,-0.1616889557844242,0
1.93,-0.1764382744874298,0
1.94,-0.1624104276141595,0
1.95,-0.1604588697301384,0
1.96,-0.1733270404651139,0
1.97,-0.1631324778207884,0
1.98,-0.1642720384163321,0
1.99,-0.176469726506529,0
2.0,-0.1616479933564442,0
2.01,-0.1598023349414836,0
2.02,-0.1547610576118448,0
2.03,-0.1552307071605587,0
2.04,-0.1797171238990026,0
2.05,-0.1754837920620251,0
2.06,-0.161112660803208,0
2.07,-0.1612740252063225,0
2.08,-0.1614008049052442,0
2.09,-0.1281531027897809,0
2.1,-0.1610896861264435,0
2.11,-0.1555495290429085,0
2.12,-0.1574596484417785,0
2.13,-0.1605676671068951,0
2.14,-0.1703032435560104,0
2.15,-0.1596165894817481,0
2.16,-0.1749767980890976,0
2.17,-0.1696453751455819,0
2.18,-0.1721457593546153,0
2.19,-0.1664745861562411,0
2.2,-0.1441342527822005,0
2.21,-0.1859274045935799,0
2.22,-0.160352525522549,0
2.23,-0.1832891286823961,0
2.24,-0.1718148935217488,0
2.25,-0.1561267781096381,0
2.26,-0.1662816775272632,0
2.27,-0.1775980180099007,0
2.28,-0.1738580437939074,0
2.29,-0.1597822817028481,0
2.3000000000000003,-0.1737444894712407,0
2.31,-0.1641286280248917,0
2.32,-0.1656802448976397,0
2.33,-0.1724856197254361,0
2.34,-0.1443552868217117,0
2.35,-0.1592726693033966,0
2.36,-0.1856730033390458,0
2.37,-0.1633599053429406,0
2.38,-0.1716389026531999,0
2.39,-0.1562875740635818,0
2.4,-0.172522819091616,0
2.41,-0.1655260210490083,0
2.42,-0.1591054174990175,0
2.43,-0.155270466430085,0
2.44,-0.1757003051630862,0
2.45,-0.1668087576851774,0
2.46,-0.1679771561831816,0
2.47,-0.169522962402529,0
2.48,-0.1450955422201689,0
2.49,-0.1584595493340363,0
2.5,-0.1748767553326506,0
2.51,-0.1528474931596824,0
2.52,-0.1405627540243497,0
2.53,-0.1512182108315346,0
2.54,-0.1764957702955529,0
2.5500000000000003,-0.1659045718394427,0
2.56,-0.1481545045656291,0
2.57,-0.1676631689524902,0
2.58,-0.1559128380434326,0
2.59,-0.1523711539383317,0
2.6,-0.1691553478650379,0
2.61,-0.1602520927429427,0
2.62,-0.191842695637643,0
2.63,-0.1694495877252835,0
2.64,-0.1615096868198049,0
2.65,-0.1712428154666612,0
2.66,-0.1422245939414485,0
2.67,-0.1726366316881607,0
2.68,-0.1625249866389922,0
2.69,-0.1566092817037062,0
2.7,-0.1432989154577041,0
2.71,-0.1718680245309552,0
2.72,-0.1456782788117177,0
2.73,-0.1570108096612188,0
2.74,-0.1667341013967408,0
2.75,-0.1521064345019738,0
2.76,-0.1545478254158261,0
2.77,-0.1623539529637466,0
2.78,-0.1554694356162473,0
2.79,-0.159838469680547,0
2.8000000000000003,-0.1546701306633773,0
2.81,-0.1490059436783995,0
2.82,-0.1395908826482627,0
2.83,-0.1676547347116598,0
2.84,-0.133773374960265,0
2.85,-0.1744531851794093,0
2.86,-0.1562800941692027,0
2.87,-0.1487102121722308,0
2.88,-0.1516156790390145,0
2.89,-0.1604857470352851,0
2.9,-0.1561739385997893,0
2.91,-0.158857371228918,0
2.92,-0.1596562105803539,0
2.93,-0.1451021752495398,0
2.94,-0.1498639867643275,0
2.95,-0.1601993790833537,0
2.96,-0.144110510059313,0
2.97,-0.1498697160383967,0
2.98,-0.1446501666132927,0
2.99,-0.1463183524804049,0
3.0,-0.1607401283428651,0
3.01,-0.1578871233494352,0
3.02,-0.1446470277297608,0
3.03,-0.1458503525259619,0
3.04,-0.1519965333137312,0
3.0500000000000003,-0.1504470125848865,0
3.06,-0.1386756552500286,0
3.0700000000000003,-0.1571992323528263,0
3.08,-0.1456429088776938,0
3.09,-0.1529652826205687,0
3.1,-0.1529487155488387,0
3.11,-0.1396117267638432,0
3.12,-0.1421719436056161,0
3.13,-0.1421166234979024,0
3.14,-0.1370215314398722,0
3.15,-0.1496898584252738,0
3.16,-0.1429029175629722,0
3.17,-0.1526466382341939,0
3.18,-0.1461228075480801,0
3.19,-0.1504853870537036,0
3.2,-0.1480324790730571,0
3.21,-0.1428683626767573,0
3.22,-0.1568186644098362,0
3.23,-0.1275281613173202,0
3.24,-0.1583268603611314,0
3.25,-0.160222327703044,0
3.26,-0.1363122192099631,0
3.27,-0.1397887494490234,0
3.28,-0.1412754211693417,0
3.29,-0.1410436355957381,0
3.3000000000000003,-0.1472592932698209,0
3.31,-0.1559184037057923,0
3.3200000000000003,-0.1459961853072744,0
3.33,-0.1533335927462324,0
3.34,-0.1366179346118049,0
3.35,-0.1476463115134541,0
3.36,-0.1542368026668513,0
3.37,-0.1490013069411172,0
3.38,-0.1414633138078171,0
3.39,-0.1510346523203533,0
3.4,-0.1534240237145073,0
3.41,-0.1425690302024704,0
3.42,-0.1423600228582305,0
3.43,-0.1496826432911708,0
3.44,-0.1491268861210001,0
3.45,-0.1418990943509816,0
3.46,-0.1585033561561512,0
3.47,-0.1578999256664141,0
3.48,-0.1508123878158596,0
3.49,-0.1455649821145327,0
3.5,-0.1401239305065104,0
3.51,-0.1282818918035781,0
3.52,-0.1342612778715241,0
3.53,-0.1442396703198435,0
3.54,-0.1426328656610513,0
3.5500000000000003,-0.1522704386959122,0
3.56,-0.1422327544614929,0
3.5700000000000003,-0.1447367362484161,0
3.58,-0.1384255503131838,0
3.59,-0.1497276998132772,0
3.6,-0.136064655757352,0
3.61,-0.1257335446104641,0
3.62,-0.141951435296129,0
3.63,-0.1366497075144028,0
3.64,-0.1335684689888717,0
3.65,-0.1442852922717948,0
3.66,-0.1378354359901308,0
3.67,-0.1397538037674571,0
3.68,-0.1387064256142147,0
3.69,-0.1472168323801498,0
3.7,-0.1390452663059593,0
3.71,-0.1341140999168088,0
3.72,-0.1243864378492595,0
3.73,-0.1291090275331602,0
3.74,-0.1169738377870566,0
3.75,-0.1459831227456887,0
3.76,-0.1293904767988774,0
3.77,-0.1360843432526539,0
3.78,-0.1158238507753554,0
3.79,-0.1456090087946451,0
3.8,-0.1457274115012009,0
3.81,-0.1431283001916269,0
3.82,-0.1581775173756242,0
3.83,-0.1420002947578952,0
3.84,-0.1441382459630229,0
3.85,-0.1348471392286977,0
3.86,-0.1327376507650728,0
3.87,-0.1171976042310974,0
3.88,-0.1262591382825879,0
3.89,-0.1413364327899274,0
3.9,-0.1443555119789379,0
3.91,-0.1302560863584805,0
3.92,-0.1481814614423599,0
3.93,-0.116468326640867,0
3.94,-0.1227922272281753,0
3.95,-0.1390820243383546,0
3.96,-0.1513251742425716,0
3.97,-0.1204585850816932,0
3.98,-0.1349461033544196,0
3.99,-0.1212258520252003,0
4.0,-0.1493515145869635,0
4.01,-0.1392041226274421,0
4.0200000000000005,-0.13296098076128,0
4.03,-0.1323465680367057,0
4.04,-0.1371198961223983,0
4.05,-0.1261935215547755,0
4.0600000000000005,-0.1429009179459948,0
4.07,-0.1334511162775241,0
4.08,-0.1306268900013142,0
4.09,-0.1264879024999256,0
4.1,-0.1243185091101107,0
4.11,-0.1424833716494252,0
4.12,-0.146380314673239,0
4.13,-0.1180645603054797,0
4.14,-0.1273202815187601,0
4.15,-0.1379303221869375,0
4.16,-0.114735919090701,0
4.17,-0.1288926263802764,0
4.18,-0.1180582918396571,0
4.19,-0.1289779323244833,0
4.2,-0.1088474594433182,0
4.21,-0.1117033256619369,0
4.22,-0.1315481506818751,0
4.23,-0.1191445605004678,0
4.24,-0.122208263105025,0
4.25,-0.1147774575407973,0
4.26,-0.1379147623601174,0
4.2700000000000005,-0.1212067781483614,0
4.28,-0.1172848294799037,0
4.29,-0.1452582736700699,0
4.3,-0.1393052974846185,0
4.3100000000000005,-0.1476669029913037,0
4.32,-0.1297705598847545,0
4.33,-0.1197030268930208,0
4.34,-0.1116568904725599,0
4.3500000000000005,-0.1257415843357833,0
4.36,-0.1099985133216057,0
4.37,-0.1398878912811903,0
4.38,-0.1429229859914042,0
4.39,-0.1262470060482326,0
4.4,-0.1216533300667854,0
4.41,-0.1256234809253114,0
4.42,-0.1457736019593142,0
4.43,-0.1257931326065877,0
4.44,-0.1377494871933905,0
4.45,-0.1178110402612099,0
4.46,-0.1206448751672356,0
4.47,-0.1335128702946265,0
4.48,-0.1290560838140164,0
4.49,-0.1343130238331398,0
4.5,-0.1241512895617916,0
4.51,-0.1137768254785354,0
4.5200000000000005,-0.1329894033644058,0
4.53,-0.1178957199783312,0
4.54,-0.1280429553493243,0
4.55,-0.1304734570018147,0
4.5600000000000005,-0.1234195408576526,0
4.57,-0.1325063316173166,0
4.58,-0.1274952385406326,0
4.59,-0.1337425307865289,0
4.6000000000000005,-0.1019216794277671,0
4.61,-0.121021649828157,0
4.62,-0.1281770738192547,0
4.63,-0.1188457348693592,0
4.64,-0.1219147145473345,0
4.65,-0.1228072178966905,0
4.66,-0.114262133425615,0
4.67,-0.112635195381398,0
4.68,-0.1253219523680696,0
4.69,-0.1255819908564301,0
4.7,-0.122381394896129,0
4.71,-0.1424573637111928,0
4.72,-0.1343975442209299,0
4.73,-0.1053845825738006,0
4.74,-0.102411552585485,0
4.75,-0.1211597101135811,0
4.76,-0.1127121183089205,0
4.7700000000000005,-0.1151737455369463,0
4.78,-0.0873062217606463,0
4.79,-0.1067082898148323,0
4.8,-0.1189924529546275,0
4.8100000000000005,-0.1270781512940232,0
4.82,-0.1333969143934516,0
4.83,-0.115107756313511,0
4.84,-0.1245160815154369,0
4.8500000000000005,-0.1309855351954533,0
4.86,-0.1230393963688953,0
4.87,-0.1272000651288908,0
4.88,-0.099324337201268,0
4.89,-0.1071907780916332,0
4.9,-0.1158985805919255,0
4.91,-0.1008313504745122,0
4.92,-0.1146693083950491,0
4.93,-0.1238682977685234,0
4.94,-0.0998369466873092,0
4.95,-0.1094920888851501,0
4.96,-0.125066925608652,0
4.97,-0.1164114011803117,0
4.98,-0.1230780255495364,0
4.99,-0.1279639498941263,0
5.0,-0.1046885702768385,0
5.01,-0.0946708587328822,0
5.0200000000000005,-0.1275656690671093,0
5.03,-0.1077655605133222,0
5.04,-0.1197172319993542,0
5.05,-0.1178979099260886,0
5.0600000000000005,-0.1187667438951485,0
5.07,-0.1212991620819821,0
5.08,-0.1119907913395414,0
5.09,-0.1206025677975008,0
5.1000000000000005,-0.1094058653925652,0
5.11,-0.1124304919260439,0
5.12,-0.114135580743926,0
5.13,-0.120640040633969,0
5.14,-0.1171507373151361,0
5.15,-0.1036480498960231,0
5.16,-0.1060120483888667,0
5.17,-0.1206163525303514,0
5.18,-0.1096673802132693,0
5.19,-0.1029670601674775,0
5.2,-0.1269955387920107,0
5.21,-0.1046887664953384,0
5.22,-0.1165698176320637,0
5.23,-0.1040591354038142,0
5.24,-0.1172195872754048,0
5.25,-0.1274580229691314,0
5.26,-0.1255071661940973,0
5.2700000000000005,-0.1085737666777599,0
5.28,-0.1062806007161164,0
5.29,-0.1177445375237512,0
5.3,-0.1021393287721025,0
5.3100000000000005,-0.1249646731216353,0
5.32,-0.1088348270873236,0
5.33,-0.1201090854812412,0
5.34,-0.1143425169508084,0
5.3500000000000005,-0.1071757396888417,0
5.36,-0.1160797687665999,0
5.37,-0.1111474374025715,0
5.38,-0.0970655387123986,0
5.39,-0.112724308116758,0
5.4,-0.0984257283788079,0
5.41,-0.1179073151878829,0
5.42,-0.1011401385871919,0
5.43,-0.0918507639052801,0
5.44,-0.1308115002362354,0
5.45,-0.1138929475692237,0
5.46,-0.0999825473813703,0
5.47,-0.1076133291399182,0
5.48,-0.1017013552164289,0
5.49,-0.1112829355194141,0
5.5,-0.1042077854310385,0
5.51,-0.1064613841198135,0
5.5200000000000005,-0.0930580472090511,0
5.53,-0.1020232417854341,0
5.54,-0.1010233309999748,0
5.55,-0.1083503583158855,0
5.5600000000000005,-0.1089402041316058,0
5.57,-0.1082225977294539,0
5.58,-0.0997856875879241,0
5.59,-0.107773564613227,0
5.6000000000000005,-0.1004997980547756,0
5.61,-0.0824776798365354,0
5.62,-0.0943548946890829,0
5.63,-0.1061611419356524,0
5.64,-0.0907238415333434,0
5.65,-0.106652116111066,0
5.66,-0.1227882950548096,0
5.67,-0.1123239040220468,0
5.68,-0.1207872533947242,0
5.69,-0.1054310625178778,0
5.7,-0.101568635747996,0
5.71,-0.0848256347881489,0
5.72,-0.0981582171858819,0
5.73,-0.103456271995444,0
5.74,-0.0928092775793909,0
5.75,-0.1230530421958855,0
5.76,-0.0984241864050973,0
5.7700000000000005,-0.0929106082354994,0
5.78,-0.1152443342795731,0
5.79,-0.088860424659543,0
5.8,-0.0967527740863072,0
5.8100000000000005,-0.104130668363513,0
5.82,-0.0934902978327972,0
5.83,-0.0769517896245941,0
5.84,-0.0976809300565077,0
5.8500000000000005,-0.0968585321254321,0
5.86,-0.1037757616501947,0
5.87,-0.1075222786377364,0
5.88,-0.0905624250554175,0
5.89,-0.1072688341470799,0
5.9,-0.0978348090061816,0
5.91,-0.1031697826291527,0
5.92,-0.0934464064864965,0
5.93,-0.0947428386180081,0
5.94,-0.0875475720846851,0
5.95,-0.1028669029278384,0
5.96,-0.1003095099284181,0
5.97,-0.1072426723056659,0
5.98,-0.1017424940136362,0
5.99,-0.093371333242112,0
6.0,-0.0894194781087777,0
6.01,-0.1060562918581533,0
6.0200000000000005,-0.0879841009383169,0
6.03,-0.0829695492480861,0
6.04,-0.092237591715457,0
6.05,-0.0774502398391195,0
6.0600000000000005,-0.1038025906188929,0
6.07,-0.1083579889613932,0
6.08,-0.1135456295968237,0
6.09,-0.0806452103442092,0
6.1000000000000005,-0.0889094637625136,0
6.11,-0.0958566738127245,0
6.12,-0.0923490869747721,0
6.13,-0.1062518486994164,0
6.140000000000001,-0.0703878618212257,0
6.15,-0.093401831190395,0
6.16,-0.0934489941086335,0
6.17,-0.0871344122124361,0
6.18,-0.0894313596335458,0
6.19,-0.0918522221106609,0
6.2,-0.1018456540631381,0
6.21,-0.0890763097437874,0
6.22,-0.0748210687550158,0
6.23,-0.0800376702557724,0
6.24,-0.0774107980834786,0
6.25,-0.0983058514704512,0
6.26,-0.1029410101234494,0
6.2700000000000005,-0.0941543353751235,0
6.28,-0.0921909585677589,0
6.29,-0.0816582715543274,0
6.3,-0.1093770499282062,0
6.3100000000000005,-0.0770093555262211,0
6.32,-0.0937376313898087,0
6.33,-0.0962792958165145,0
6.34,-0.1019847010887959,0
6.3500000000000005,-0.1082656362954789,0
6.36,-0.0833390165528115,0
6.37,-0.0906914367019358,0
6.38,-0.1041783611455901,0
6.390000000000001,-0.1040839180988274,0
6.4,-0.094345598754018,0
6.41,-0.0741524017749851,0
6.42,-0.0932936404557735,0
6.43,-0.1055845118305388,0
6.44,-0.0928661145667369,0
6.45,-0.0929917683754435,0
6.46,-0.1170894958703035,0
6.47,-0.0905199237931274,0
6.48,-0.0921429159816466,0
6.49,-0.0827283534141446,0
6.5,-0.0710579543184113,0
6.51,-0.0781392160168454,0
6.5200000000000005,-0.0919513581404985,0
6.53,-0.1001855901847931,0
6.54,-0.0632448489501075,0
6.55,-0.0882446356539104,0
6.5600000000000005,-0.0885561583354544,0
6.57,-0.0887955927766291,0
6.58,-0.0864326454980502,0
6.59,-0.0897165101497836,0
6.6000000000000005,-0.0938692019396769,0
6.61,-0.0934611112445701,0
6.62,-0.0881802598355741,0
6.63,-0.093147446717495,0
6.640000000000001,-0.0947023965202341,0
6.65,-0.0863706451719802,0
6.66,-0.0898459987097145,0
6.67,-0.0721178473389164,0
6.68,-0.113529298879365,0
6.69,-0.0759666300134712,0
6.7,-0.0742832198018716,0
6.71,-0.1073406239963982,0
6.72,-0.0898965256073244,0
6.73,-0.0900472656686935,0
6.74,-0.1002714619461256,0
6.75,-0.0938382818125977,0
6.76,-0.0970299265745138,0
6.7700000000000005,-0.0682658014092698,0
6.78,-0.0762963454671688,0
6.79,-0.0728024891210359,0
6.8,-0.0781665184992379,0
6.8100000000000005,-0.0965392455882362,0
6.82,-0.0903597102051853,0
6.83,-0.0800868337781698,0
6.84,-0.0970682227492273,0
6.8500000000000005,-0.0775836202772085,0
6.86,-0.086983814340423,0
6.87,-0.0881960212722246,0
6.88,-0.077205764590039,0
6.890000000000001,-0.0797405816308823,0
6.9,-0.0876610274167624,0
6.91,-0.0723265203963019,0
6.92,-0.0945992071323583,0
6.93,-0.0774982770405463,0
6.94,-0.0775959846575508,0
6.95,-0.0864921316504166,0
6.96,-0.080005313938203,0
6.97,-0.0956480646715182,0
6.98,-0.0737672522351509,0
6.99,-0.0847274469795288,0
7.0,-0.0879768695378599,0
7.01,-0.0721310721470647,0
7.0200000000000005,-0.0895364385270438,0
7.03,-0.0964497646944095,0
7.04,-0.0978039071776573,0
7.05,-0.0760502939112076,0
7.0600000000000005,-0.0947877798278628,0
7.07,-0.0643089528386455,0
7.08,-0.1025499131063351,0
7.09,-0.0646400962165617,0
7.1000000000000005,-0.0793688430441605,0
7.11,-0.0823208239892922,0
7.12,-0.0866778765736685,0
7.13,-0.0771126353694765,0
7.140000000000001,-0.0813559725568369,0
7.15,-0.0698225541308709,0
7.16,-0.0795895624144305,0
7.17,-0.0791054058458959,0
7.18,-0.0841214487738262,0
7.19,-0.080932004677689,0
7.2,-0.0771620710468588,0
7.21,-0.0972196313154373,0
7.22,-0.0934779784139563,0
7.23,-0.0724419779421949,0
7.24,-0.0780447767517559,0
7.25,-0.0814723939246003,0
7.26,-0.0793276673927358,0
7.27,-0.0759159520636004,0
7.28,-0.0846694439832063,0
7.29,-0.0869352875440059,0
7.3,-0.0770744952142186,0
7.31,-0.0886976966409263,0
7.32,-0.0747127752315453,0
7.33,-0.0957027847205909,0
7.34,-0.0682673492431262,0
7.35,-0.0737151978044183,0
7.36,-0.0757634513398567,0
7.37,-0.0683797228522061,0
7.38,-0.0614350790663147,0
7.390000000000001,-0.0678296192923874,0
7.4,-0.0962658630479118,0
7.41,-0.0905369942497933,0
7.42,-0.0838738159069672,0
7.43,-0.0772494254688456,0
7.44,-0.0722187504452227,0
7.45,-0.0845380807954523,0
7.46,-0.0752985728190452,0
7.47,-0.0846059617793303,0
7.48,-0.0830534950328906,0
7.49,-0.0908914033955006,0
7.5,-0.0859438894710125,0
7.51,-0.0901154550518103,0
7.52,-0.0862446791219288,0
7.53,-0.0658371500070282,0
7.54,-0.085755460168199,0
7.55,-0.0498258339751641,0
7.56,-0.0711049370780416,0
7.57,-0.0740784924894064,0
7.58,-0.0843994433762665,0
7.59,-0.0687020508474536,0
7.6,-0.0813510821805446,0
7.61,-0.074264428230742,0
7.62,-0.0497737695933376,0
7.63,-0.0762255666560354,0
7.640000000000001,-0.063662849095722,0
7.65,-0.0820782212509366,0
7.66,-0.0752874744047597,0
7.67,-0.0571209714159183,0
7.68,-0.0809902903062395,0
7.69,-0.0564880276994144,0
7.7,-0.0674271369844055,0
7.71,-0.0800217145841348,0
7.72,-0.0679656052722661,0
7.73,-0.0644570172891007,0
7.74,-0.0678575825150672,0
7.75,-0.089671288874712,0
7.76,-0.0811340101316983,0
7.77,-0.0762316565750649,0
7.78,-0.0743948695134604,0
7.79,-0.0673381104359067,0
7.8,-0.0716623468290609,0
7.81,-0.0866875531670503,0
7.82,-0.0694271092288994,0
7.83,-0.0670184319934993,0
7.84,-0.0674218083833778,0
7.85,-0.0621075489243432,0
7.86,-0.0644719960771384,0
7.87,-0.0681154946575746,0
7.88,-0.0733052450707993,0
7.890000000000001,-0.089109702808483,0
7.9,-0.0681006281797701,0
7.91,-0.0702168601872776,0
7.92,-0.0694750836147848,0
7.930000000000001,-0.0848556994044237,0
7.94,-0.0827963259757204,0
7.95,-0.0613519828075095,0
7.96,-0.0721770161146504,0
7.97,-0.0648646119710969,0
7.98,-0.071294789399095,0
7.99,-0.0711789645877286,0
8.0,-0.0619924381588881,0
8.01,-0.0764346700050141,0
8.02,-0.0702121566284243,0
8.03,-0.0756954530816242,0
8.040000000000001,-0.0753171913869922,0
8.05,-0.0739636714353077,0
8.06,-0.0685505248396452,0
8.07,-0.075459451542088,0
8.08,-0.0580146964491799,0
8.09,-0.0794188119616016,0
8.1,-0.0722421247646475,0
8.11,-0.0746715757815699,0
8.120000000000001,-0.0557055301150055,0
8.13,-0.0681109912772828,0
8.14,-0.0596595095440865,0
8.15,-0.0847351599142084,0
8.16,-0.0671108397024604,0
8.17,-0.0607870051449611,0
8.18,-0.0687626281881087,0
8.19,-0.0588330032722633,0
8.2,-0.0745632141963909,0
8.21,-0.0551995615090797,0
8.22,-0.0462069442899841,0
8.23,-0.0727273840453597,0
8.24,-0.0734572798116386,0
8.25,-0.0543718492090328,0
8.26,-0.0530135951562947,0
8.27,-0.0739417228342573,0
8.28,-0.0728189801025823,0
8.290000000000001,-0.0713391309511612,0
8.3,-0.0818701466453867,0
8.31,-0.0775167016297434,0
8.32,-0.0782763146707571,0
8.33,-0.0758177919864657,0
8.34,-0.0683917593539294,0
8.35,-0.0656080424625262,0
8.36,-0.0523506497125728,0
8.370000000000001,-0.0777448458576538,0
8.38,-0.0578239186723271,0
8.39,-0.0697130551716447,0
8.4,-0.0679740152583528,0
8.41,-0.0606375825527028,0
8.42,-0.0785195854266729,0
8.43,-0.0633750444769235,0
8.44,-0.0654415861638878,0
8.45,-0.0620887521015972,0
8.46,-0.0640289256146197,0
8.47,-0.0422751494287248,0
8.48,-0.0731132815688624,0
8.49,-0.0719537749767215,0
8.5,-0.0727833278844739,0
8.51,-0.0720150052023883,0
8.52,-0.0727426115865064,0
8.53,-0.0543872769420112,0
8.540000000000001,-0.0519812980831864,0
8.55,-0.0718028989213854,0
8.56,-0.0743282849927095,0
8.57,-0.0612000655830302,0
8.58,-0.0713461428357777,0
8.59,-0.0594044855772404,0
8.6,-0.0636146657788714,0
8.61,-0.0807116309943984,0
8.620000000000001,-0.0499896340635772,0
8.63,-0.0474166087005852,0
8.64,-0.0714141755544786,0
8.65,-0.0690744120647391,0
8.66,-0.0622500556973167,0
8.67,-0.061675660883271,0
8.68,-0.0583465119790603,0
8.69,-0.0447418426768533,0
8.700000000000001,-0.0665255018121949,0
8.71,-0.0726513522318368,0
8.72,-0.0783741317378413,0
8.73,-0.0718030095777488,0
8.74,-0.0647379592848303,0
8.75,-0.0463743025425902,0
8.76,-0.0694093975982184,0
8.77,-0.0619090208708695,0
8.78,-0.06422495799271,0
8.790000000000001,-0.0520908382973964,0
8.8,-0.0386197025906486,0
8.81,-0.0691121846475257,0
8.82,-0.0686125760678758,0
8.83,-0.0531914726248381,0
8.84,-0.0567292816214984,0
8.85,-0.0449964540597762,0
8.86,-0.0575397922138998,0
8.870000000000001,-0.0668877579139534,0
8.88,-0.0573042680290131,0
8.89,-0.0520399764157684,0
8.9,-0.0548386029779417,0
8.91,-0.0578873138178007,0
8.92,-0.0522101533909173,0
8.93,-0.051101007367226,0
8.94,-0.0488896531400273,0
8.950000000000001,-0.0561416406723059,0
8.96,-0.0642176334512476,0
8.97,-0.0609972453259566,0
8.98,-0.050317438306825,0
8.99,-0.0704702464563188,0
9.0,-0.058532734134804,0
9.01,-0.0660716481919405,0
9.02,-0.0617698196736797,0
9.03,-0.0491919716772894,0
9.04,-0.0599849361217293,0
9.05,-0.0613512114049559,0
9.06,-0.0753340014103386,0
9.07,-0.0541929798829119,0
9.08,-0.0551209610582341,0
9.09,-0.039863754058365,0
9.1,-0.0644947924262084,0
9.11,-0.0591464251740628,0
9.12,-0.058765218759283,0
9.13,-0.0454058578572071,0
9.14,-0.0620548880498659,0
9.15,-0.0582334656116498,0
9.16,-0.0548666690075866,0
9.17,-0.0590017001816545,0
9.18,-0.0652544878833809,0
9.19,-0.0587718140559399,0
9.2,-0.0498991595260703,0
9.21,-0.0708235926867334,0
9.22,-0.0591519040491923,0
9.23,-0.0674061672376165,0
9.24,-0.0483780470343406,0
9.25,-0.0754841312530133,0
9.26,-0.065765422885633,0
9.27,-0.0563282198490223,0
9.28,-0.0443694231003116,0
9.29,-0.0606066800057061,0
9.3,-0.0654258744540628,0
9.31,-0.0409871966341828,0
9.32,-0.0742039793635522,0
9.33,-0.0816371563679742,0
9.34,-0.0551743906613007,0
9.35,-0.0645206961747255,0
9.36,-0.0696382797600355,0
9.37,-0.0522683621292314,0
9.38,-0.056840070292454,0
9.39,-0.0648451888308036,0
9.4,-0.071933944313783,0
9.41,-0.0503329959992145,0
9.42,-0.0524823960472561,0
9.43,-0.0599031730373172,0
9.44,-0.0403722174786748,0
9.45,-0.0694667730509319,0
9.46,-0.0739486784008345,0
9.47,-0.0655401705024824,0
9.48,-0.0590047733481799,0
9.49,-0.0560435008115279,0
9.5,-0.0608173952241522,0
9.51,-0.0548127757363423,0
9.52,-0.0707771732231099,0
9.53,-0.0437527349687232,0
9.54,-0.0589406461123151,0
9.55,-0.0468750791831942,0
9.56,-0.054549835639149,0
9.57,-0.0533387555515412,0
9.58,-0.0521379592434172,0
9.59,-0.0532880350613002,0
9.6,-0.051267524667781,0
9.61,-0.0443330002623428,0
9.62,-0.0555892275870186,0
9.63,-0.0503944546116416,0
9.64,-0.0583120400070727,0
9.65,-0.0429438385806794,0
9.66,-0.0640393970741552,0
9.67,-0.0391966675762382,0
9.68,-0.0575383827166306,0
9.69,-0.0713754179433628,0
9.7,-0.0557176178814562,0
9.71,-0.0637403041350856,0
9.72,-0.0484546070829681,0
9.73,-0.0633186659593697,0
9.74,-0.0611857718085126,0
9.75,-0.0755509829856578,0
9.76,-0.0611104031697131,0
9.77,-0.0807580228954346,0
9.78,-0.0722902721551292,0
9.79,-0.0487792356162088,0
9.8,-0.0484576421806829,0
9.81,-0.0519934524758546,0
9.82,-0.0658502960322025,0
9.83,-0.0565902763327939,0
9.84,-0.0560819375172972,0
9.85,-0.0675624291177488,0
9.86,-0.0408777896502024,0
9.87,-0.0470712601830633,0
9.88,-0.0579877549009854,0
9.89,-0.0554426042109419,0
9.9,-0.0535611030723058,0
9.91,-0.0759958672844717,0
9.92,-0.0579839985922738,0
9.93,-0.0622658919885364,0
9.94,-0.0653961928147321,0
9.95,-0.0581250572428621,0
9.96,-0.037271368993479,0
9.97,-0.048774103938557,0
9.98,-0.06082873910313,0
9.99,-0.0493256564653918,0
10.0,-0.0409925834914553,0
10.01,-0.0456745732259072,0
10.02,0.5399581372143409,0
10.03,0.4765364997308016,0
10.04,0.4255741757430325,0
10.05,0.3578629385213074,0
10.06,0.2988814661137604,0
10.07,0.2336699951743885,0
10.08,0.177227762876534,0
10.09,0.1033749131170191,0
10.1,0.0669520994415226,0
10.11,0.0042565287232858,0
10.12,-0.0246938995204512,0
10.13,-0.096048935689402,0
10.14,-0.1113149293396317,0
10.15,-0.1619084840126529,0
10.16,-0.2012593897664606,0
10.17,-0.2260910721020888,0
10.18,-0.2466676147324019,0
10.19,-0.2572405558513594,0
10.2,-0.2702198915801553,0
10.21,-0.2912765595016859,0
10.22,-0.2922075223500674,0
10.23,-0.2735322005105656,0
10.24,-0.2774911261612989,0
10.25,-0.2873061176947437,0
10.26,-0.2855654662628571,0
10.27,-0.2766844940358222,0
10.28,-0.2616455609150398,0
10.29,-0.2661546722402424,0
10.3,-0.2451866153693926,0
10.31,-0.2448083925567263,0
10.32,-0.2087378015497568,0
10.33,-0.1902257129180662,0
10.34,-0.1851057527976229,0
10.35,-0.1479514310329245,0
10.36,-0.159422863171349,0
10.37,-0.1455361488920046,0
10.38,-0.1128057457327362,0
10.39,-0.0893252057972088,0
10.4,-0.0684279903631121,0
10.41,-0.0761691010394577,0
10.42,-0.0480449956705283,0
10.43,-0.0474839596935758,0
10.44,-0.0381656993192636,0
10.45,-0.0180566372116294,0
10.46,-0.0119596795426258,0
10.47,-0.0269789254557186,0
10.48,0.0096841114068282,0
10.49,0.0137408325173465,0
10.5,-0.0023732399151209,0
10.51,0.0107485373700547,0
10.52,0.0136581362651633,0
10.53,0.0123324254075817,0
10.54,0.0043786209449032,0
10.55,0.0025420848576742,0
10.56,0.0076762010235259,0
10.57,0.0177076670031095,0
10.58,0.008919789603797,0
10.59,-0.0031845768046378,0
10.6,0.0048893078431545,0
10.61,-0.0349726599914486,0
10.62,0.0011045738377508,0
10.63,-0.0318417578026671,0
10.64,-0.0222296539146717,0
10.65,-0.033999561806877,0
10.66,-0.0399271006036268,0
10.67,-0.0194772628152758,0
10.68,-0.0397490431154766,0
10.69,-0.0354337218115679,0
10.7,-0.0429994810623235,0
10.71,-0.0411662735998579,0
10.72,-0.0483253201027093,0
10.73,-0.0648116198250964,0
10.74,-0.044624419942525,0
10.75,-0.0618380281705506,0
10.76,-0.0744829146388109,0
10.77,-0.0649176099296173,0
10.78,-0.0470542635583906,0
10.79,-0.0546978674350047,0
10.8,-0.0675475139083284,0
10.81,-0.068149719381981,0
10.82,-0.0682197446509796,0
10.83,-0.0443490429570151,0
10.84,-0.0611954847790386,0
10.85,-0.0604174083447907,0
10.86,-0.0539429462932957,0
10.87,-0.0612316070548236,0
10.88,-0.0654503720749218,0
10.89,-0.0639515038480944,0
10.9,-0.0617401809876352,0
10.91,-0.0603605718726217,0
10.92,-0.0516233620288252,0
10.93,-0.0572567636032513,0
10.94,-0.0493086454583615,0
10.95,-0.0562990452280986,0
10.96,-0.0535747736600481,0
10.97,-0.073237777361934,0
10.98,-0.0430240596225579,0
10.99,-0.0477009733769672,0
11.0,-0.0402197806548157,0
11.01,-0.0782590353621251,0
11.02,-0.027577548479797,0
11.03,-0.0490944721680749,0
11.04,-0.0359294256951013,0
11.05,-0.0568000750921042,0
11.06,-0.0397406502063627,0
11.07,-0.0559469921762904,0
11.08,-0.0512705441831784,0
11.09,-0.0255857649528083,0
11.1,-0.0463962117916379,0
11.11,-0.0421446844615555,0
11.12,-0.035509965602698,0
11.13,-0.0392027078730278,0
11.14,-0.0426563880773492,0
11.15,-0.0405588556826824,0
11.16,-0.0202635590607062,0
11.17,-0.0449989714377182,0
11.18,-0.0425671548939058,0
11.19,-0.0342518178183253,0
11.2,-0.0339028862971916,0
11.21,-0.0333021153979199,0
11.22,-0.0390090574312649,0
11.23,-0.0570554970926039,0
11.24,-0.0295211800870834,0
11.25,-0.0575461277390769,0
11.26,-0.0432771795782553,0
11.27,-0.0540577781849481,0
11.28,-0.0473558549509172,0
11.29,-0.043612005642091,0
11.3,-0.0438550563523682,0
11.31,-0.0430007784866909,0
11.32,-0.0312154780955466,0
11.33,-0.0429303407192181,0
11.34,-0.0500004037581333,0
11.35,-0.0379910606979542,0
11.36,-0.0357904268032523,0
11.37,-0.0599949318168634,0
11.38,-0.0417597430101703,0
11.39,-0.0407189180957092,0
11.4,-0.0506862071708793,0
11.41,-0.0339176091274613,0
11.42,-0.0491247830393123,0
11.43,-0.0463048090626171,0
11.44,-0.0492158460746314,0
11.45,-0.0472435457997673,0
11.46,-0.058267408554678,0
11.47,-0.0616030510691587,0
11.48,-0.0311493619478962,0
11.49,-0.05545126033354,0
11.5,-0.0567794873896026,0
11.51,-0.0682813116580306,0
11.52,-0.0530179683638671,0
11.53,-0.0597403558721507,0
11.54,-0.0299715552581542,0
11.55,-0.0361777995360005,0
11.56,-0.053044519639485,0
11.57,-0.0235291472408976,0
11.58,-0.0361303380758914,0
11.59,-0.0490952440426353,0
11.6,-0.0707447242620783,0
11.61,-0.0227500311521799,0
11.62,-0.0594691857362331,0
11.63,-0.0619467430469269,0
11.64,-0.0351916329265816,0
11.65,-0.0209496069316064,0
11.66,-0.0314392691180382,0
11.67,-0.0395826487251684,0
11.68,-0.0392185702846981,0
11.69,-0.0365806767579759,0
11.7,-0.0374782902229034,0
11.71,-0.0422120850449533,0
11.72,-0.0439417262005125,0
11.73,-0.0455723445857064,0
11.74,-0.0524512909474482,0
11.75,-0.047685800945283,0
11.76,-0.0617778199172333,0
11.77,-0.045802279449555,0
11.78,-0.0546765032137651,0
11.79,-0.0557989376266717,0
11.8,-0.0429369855088469,0
11.81,-0.0307889274689755,0
11.82,-0.0354986843470303,0
11.83,-0.0603593962235163,0
11.84,-0.0545226418080413,0
11.85,-0.0351898683163727,0
11.86,-0.0543927706566838,0
11.87,-0.0467835166349145,0
11.88,-0.0390048266510579,0
11.89,-0.0541557570079761,0
11.9,-0.0433842774192753,0
11.91,-0.0577427386495876,0
11.92,-0.0503793399014974,0
11.93,-0.0411297692180797,0
11.94,-0.0602182305701665,0
11.95,-0.0398430797289438,0
11.96,-0.0444026310683458,0
11.97,-0.0386387456790282,0
11.98,-0.0418809453862561,0
11.99,-0.0304342635738311,0
12.0,-0.0427782390862331,0
12.01,-0.048278689640733,0
12.02,-0.0427152436015791,0
12.03,-0.0384583574792744,0
12.04,-0.043355489991701,0
12.05,-0.0433906568616064,0
12.06,-0.0507687964288303,0
12.07,-0.0503301049490382,0
12.08,-0.0576793572891375,0
12.09,-0.026109814357285,0
12.1,-0.0559966288279479,0
12.11,-0.0504396624797016,0
12.12,-0.0506475509983989,0
12.13,-0.0344674031848323,0
12.14,-0.0463196525736189,0
12.15,-0.0308466161931528,0
12.16,-0.0500132214781361,0
12.17,-0.0404430671317283,0
12.18,-0.051541599513201,0
12.19,-0.0216921900620926,0
12.2,-0.0549756498412767,0
12.21,-0.0399578695404035,0
12.22,-0.0366751356840766,0
12.23,-0.0388321444139584,0
12.24,-0.0447806286725241,0
12.25,-0.044183941464628,0
12.26,-0.0424059453913736,0
12.27,-0.0442727248223744,0
12.28,-0.0331228519049731,0
12.29,-0.0206156186296065,0
12.3,-0.0482552127707119,0
12.31,-0.0563379851670654,0
12.32,-0.0434826244043706,0
12.33,-0.0167627218997056,0
12.34,-0.0505567108983033,0
12.35,-0.0260890627971768,0
12.36,-0.0256635826666403,0
12.37,-0.047936907828016,0
12.38,-0.0366716860124994,0
12.39,-0.0260380828017512,0
12.4,-0.0460738855055518,0
12.41,-0.0442789855619051,0
12.42,-0.0480205696926544,0
12.43,-0.0523119030182762,0
12.44,-0.0486176765731021,0
12.45,-0.0543248549019891,0
12.46,-0.0417051514680151,0
12.47,-0.0497062338207039,0
12.48,-0.0396291392376553,0
12.49,-0.0574864344549766,0
12.5,-0.0385791405233065,0
12.51,-0.0335131066882359,0
12.52,-0.0617461990048103,0
12.53,-0.0380287208511282,0
12.54,-0.0294530436970493,0
12.55,-0.0537865997759258,0
12.56,-0.0249249366322537,0
12.57,-0.0374209624451977,0
12.58,-0.0486217904628483,0
12.59,-0.0420899154941215,0
12.6,-0.0359095477920148,0
12.61,-0.0406934002745975,0
12.62,-0.0360265819653053,0
12.63,-0.050581620924257,0
12.64,-0.03964207980113,0
12.65,-0.0554337000773939,0
12.66,-0.0423697503895135,0
12.67,-0.0502575715333007,0
12.68,-0.0485348731221792,0
12.69,-0.0287797958051148,0
12.7,-0.0301888570420421,0
12.71,-0.034971885621016,0
12.72,-0.0519477815494623,0
12.73,-0.0441502041275436,0
12.74,-0.0288166867759163,0
12.75,-0.0394921165963314,0
12.76,-0.0176776891668117,0
12.77,-0.0368995806581188,0
12.78,-0.0388741165487937,0
12.79,-0.0438476935087645,0
12.8,-0.0393831116093019,0
12.81,-0.0422052794644889,0
12.82,-0.0335616213539985,0
12.83,-0.0310378764167218,0
12.84,-0.048427047941092,0
12.85,-0.0538417967625248,0
12.86,-0.058853892876796,0
12.87,-0.0353743537731436,0
12.88,-0.0514504150117133,0
12.89,-0.0619081889346747,0
12.9,-0.0364560814174569,0
12.91,-0.0153745055350313,0
12.92,-0.0403278903883018,0
12.93,-0.0318450000853103,0
12.94,-0.0393743856238555,0
12.95,-0.0411443909270894,0
12.96,-0.0309275876952919,0
12.97,-0.042983998330421,0
12.98,-0.0373702717807266,0
12.99,-0.0367902001389639,0
13.0,-0.0466511069737795,0
13.01,-0.0300128439704665,0
13.02,-0.0416459708036298,0
13.03,-0.0474169714000831,0
13.04,-0.034457608885116,0
13.05,-0.0487706158344565,0
13.06,-0.0394673946237971,0
13.07,-0.0398037081965799,0
13.08,-0.0288169168733029,0
13.09,-0.0348922872305603,0
13.1,-0.0398529793887161,0
13.11,-0.0313885307744662,0
13.12,-0.0256276464865989,0
13.13,-0.0339151918952761,0
13.14,-0.0393533870384806,0
13.15,-0.0525389396505059,0
13.16,-0.0500354243617364,0
13.17,-0.0424002919757224,0
13.18,-0.0454069714130777,0
13.19,-0.0411454145741736,0
13.2,-0.0386731025493026,0
13.21,-0.0339066229879302,0
13.22,-0.0398725358723045,0
13.23,-0.0342665783575604,0
13.24,-0.0384509467819383,0
13.25,-0.058814502414041,0
13.26,-0.0484173864224704,0
13.27,-0.0404291538879556,0
13.28,-0.0510495218915629,0
13.29,-0.0329176337306087,0
13.3,-0.0235738098363914,0
13.31,-0.0266581474406786,0
13.32,-0.0409446932221317,0
13.33,-0.0238675525298807,0
13.34,-0.0372527396016648,0
13.35,-0.0420749250977275,0
13.36,-0.0448027942105396,0
13.37,-0.0416582176346587,0
13.38,-0.0424800931800678,0
13.39,-0.0368590180454739,0
13.4,-0.0369223467990419,0
13.41,-0.0384625838277622,0
13.42,-0.0340886708432795,0
13.43,-0.0265166494074818,0
13.44,-0.0288926815298454,0
13.45,-0.0532023644231136,0
13.46,-0.0638578090786342,0
13.47,-0.0289406627560632,0
13.48,-0.0519179641502517,0
13.49,-0.0404621976518074,0
13.5,-0.0498810915386152,0
13.51,-0.0561652344848007,0
13.52,-0.0326963228488018,0
13.53,-0.0304849697423484,0
13.54,-0.0438072477575804,0
13.55,-0.0639182402599117,0
13.56,-0.0434359865793028,0
13.57,-0.0340212779514446,0
13.58,-0.052694260724849,0
13.59,-0.0360374239579546,0
13.6,-0.0379900508078186,0
13.61,-0.0320100174666849,0
13.62,-0.0365731598451076,0
13.63,-0.0474657348466964,0
13.64,-0.0257354630819274,0
13.65,-0.0392526571388991,0
13.66,-0.0379066406473407,0
13.67,-0.0469325590908486,0
13.68,-0.0419990365211257,0
13.69,-0.0463806257627991,0
13.7,-0.0392284937682645,0
13.71,-0.0203484326621635,0
13.72,-0.0511510627363637,0
13.73,-0.0535342484651458,0
13.74,-0.0226535634999015,0
13.75,-0.0394251847037946,0
13.76,-0.043989405092053,0
13.77,-0.0268664089544785,0
13.78,-0.0432884374204188,0
13.79,-0.0189390588638734,0
13.8,-0.0303868187427556,0
13.81,-0.0420121601630929,0
13.82,-0.0155269794212595,0
13.83,-0.0431242727716849,0
13.84,-0.0296132779846278,0
13.85,-0.0340084598907922,0
13.86,-0.0239511722623384,0
13.87,-0.0213207177593359,0
13.88,-0.0365830775463935,0
13.89,-0.0444046314170575,0
13.9,-0.0322381089480146,0
13.91,-0.0435824053430844,0
13.92,-0.016638843656453,0
13.93,-0.035374870135923,0
13.94,-0.0403609887125154,0
13.95,-0.034828561938226,0
13.96,-0.0501142613408141,0
13.97,-0.0463268135364426,0
13.98,-0.0245742496411778,0
13.99,-0.0431150875502151,0
14.0,-0.0469830507063028,0
14.01,-0.0311152491627187,0
14.02,-0.024592610252243,0
14.03,-0.029228032721249,0
14.04,-0.0264250415361865,0
14.05,-0.0439214600066429,0
14.06,-0.0505396443027839,0
14.07,-0.021276267050041,0
14.08,-0.0394845049493244,0
14.09,-0.0387341764166647,0
14.1,-0.0229120808735156,0
14.11,-0.0305999342416715,0
14.12,-0.0315716043240884,0
14.13,-0.0144487416394699,0
14.14,-0.0425022654463477,0
14.15,-0.0267570346100846,0
14.16,-0.0354336917763124,0
14.17,-0.033286321457056,0
14.18,-0.0206560149964716,0
14.19,-0.0308308302243455,0
14.2,-0.0304947487613439,0
14.21,-0.025121190916711,0
14.22,-0.0394643790413957,0
14.23,-0.0441755683481058,0
14.24,-0.0462002157804172,0
14.25,-0.0553843739102495,0
14.26,-0.0151274526882341,0
14.27,-0.0466903552050771,0
14.28,-0.0378395867374513,0
14.29,-0.0383639936624625,0
14.3,-0.032490634880792,0
14.31,-0.0273762017975957,0
14.32,-0.0268977418181517,0
14.33,-0.0413021844370937,0
14.34,-0.0371115909764163,0
14.35,-0.0325835684352089,0
14.36,-0.0378653035049931,0
14.37,-0.0192739908848246,0
14.38,-0.0304067815366202,0
14.39,-0.0279368675238009,0
14.4,-0.0286259768791983,0
14.41,-0.0234892249594085,0
14.42,-0.0333829516483589,0
14.43,-0.0481307201039467,0
14.44,-0.031134784147783,0
14.45,-0.0416145252688638,0
14.46,-0.040356445420035,0
14.47,-0.0291759902819565,0
14.48,-0.0226261812148296,0
14.49,-0.0347657072190472,0
14.5,-0.0318595335274023,0
14.51,-0.017895184502858,0
14.52,-0.0324793021046561,0
14.53,-0.0088395323944961,0
14.54,-0.0291708264409499,0
14.55,-0.0524031396172684,0
14.56,-0.0272317147589705,0
14.57,-0.0309231959344547,0
14.58,-0.0218069309821029,0
14.59,-0.0279423537375978,0
14.6,-0.0360284658700695,0
14.61,-0.0468566572935742,0
14.62,-0.0366737065951375,0
14.63,-0.0430585079200173,0
14.64,-0.0403283975704258,0
14.65,-0.0286072691376274,0
14.66,-0.017763928739991,0
14.67,-0.0304862096569887,0
14.68,-0.0463617373953488,0
14.69,-0.0299268926384533,0
14.7,-0.0223766478029407,0
14.71,-0.0404108659406162,0
14.72,-0.0356233137462588,0
14.73,-0.0341063963414474,0
14.74,-0.0420724287267354,0
14.75,-0.0277108397309499,0
14.76,-0.0353733552606972,0
14.77,-0.0299388103347599,0
14.78,-0.0429793489036951,0
14.79,-0.0384493338881459,0
14.8,-0.0268212925238127,0
14.81,-0.0377438243441622,0
14.82,-0.0167162725772727,0
14.83,-0.0379527227934768,0
14.84,-0.0316799951397092,0
14.85,-0.0245714471757892,0
14.86,-0.0480515575779381,0
14.87,-0.0514465647926573,0
14.88,-0.0490656479200618,0
14.89,-0.0211538835195556,0
14.9,-0.0392689774642589,0
14.91,-0.0081391062595308,0
14.92,-0.0393343098534758,0
14.93,-0.0318170871988578,0
14.94,-0.0182122986486226,0
14.95,-0.0135432987748369,0
14.96,-0.0129600528626795,0
14.97,-0.0214623187307258,0
14.98,-0.0232762795583053,0
14.99,-0.0275625904060926,0
15.0,-0.0256752354424375,0
15.01,-0.0389417208127362,0
15.02,-0.0415829009760696,0
15.03,-0.0334057361558228,0
15.04,-0.0350449480875096,0
15.05,-0.0378465233628351,0
15.06,-0.0263215400080953,0
15.07,-0.0237035644879785,0
15.08,-0.0323437801450376,0
15.09,-0.0184238108336103,0
15.1,-0.0445872954758324,0
15.11,-0.0350783215176312,0
15.12,-0.0402813024609435,0
15.13,-0.0517498273292802,0
15.14,-0.0338826793222484,0
15.15,-0.0342447880771465,0
15.16,-0.0178642851319197,0
15.17,-0.0266621641436493,0
15.18,-0.0431836763186962,0
15.19,-0.0143724379626381,0
15.2,-0.0206746104844566,0
15.21,-0.0270355822767433,0
15.22,-0.0350930400208038,0
15.23,-0.0423942587573705,0
15.24,-0.0364936289303594,0
15.25,-0.0218557969557653,0
15.26,-0.0138691690597729,0
15.27,-0.0172543725632274,0
15.28,-0.0375471043267009,0
15.29,-0.0438266130147072,0
15.3,-0.031193430868619,0
15.31,-0.0502585675041844,0
15.32,-0.0293144028438738,0
15.33,-0.0339940373834168,0
15.34,-0.0371503332426577,0
15.35,-0.0484089805407221,0
15.36,-0.0272979551593877,0
15.37,-0.0377329954651306,0
15.38,-0.0440772105302147,0
15.39,-0.0610727434481122,0
15.4,-0.0325973733239055,0
15.41,-0.0145718348612743,0
15.42,-0.0156539086165798,0
15.43,-0.0368096364273347,0
15.44,-0.0382329905186749,0
15.45,-0.0274953461542004,0
15.46,-0.0421391844487088,0
15.47,-0.0291096747419376,0
15.48,-0.0244390767844749,0
15.49,-0.0198028551102253,0
15.5,-0.0330460576592733,0
15.51,-0.0340536055230305,0
15.52,-0.0407690664185253,0
15.53,-0.0402304378504757,0
15.54,-0.0341988380492734,0
15.55,-0.0282328297802699,0
15.56,-0.0227430950446125,0
15.57,-0.0398832078604875,0
15.58,-0.0168970301525878,0
15.59,-0.0345076696421435,0
15.6,-0.0319826445308723,0
15.61,-0.0392136463716635,0
15.62,-0.0559565100897782,0
15.63,-0.0228462512272943,0
15.64,-0.0242908836097706,0
15.65,-0.0344452351225739,0
15.66,-0.030934708831751,0
15.67,-0.0264178996685,0
15.68,-0.0471754455578991,0
15.69,-0.0368132281269145,0
15.7,-0.0235527880674563,0
15.71,-0.0440110816821185,0
15.72,-0.0285053797285311,0
15.73,-0.0449795676513941,0
15.74,-0.026722259238733,0
15.75,-0.0317158022001238,0
15.76,-0.0474835526650356,0
15.77,-0.0196577068687889,0
15.78,-0.0386239008361473,0
15.79,-0.0393534128143475,0
15.8,-0.0292181185477322,0
15.81,-0.0197103777845611,0
15.82,-0.0413279288979962,0
15.83,-0.0305258903014735,0
15.84,-0.0268275205466259,0
15.85,-0.0241576448852162,0
15.86,-0.0292973194742634,0
15.87,-0.0347050661550822,0
15.88,-0.0392837613859324,0
15.89,-0.0301195104550955,0
15.9,-0.0416754482181359,0
15.91,-0.0601406904707628,0
15.92,-0.0265347338770921,0
15.93,-0.0218341485585229,0
15.94,-0.0544760051677449,0
15.95,-0.0409171905205264,0
15.96,-0.0246015623699009,0
15.97,-0.0101913906631409,0
15.98,-0.0305316675667918,0
15.99,-0.0379929122719203,0
16.0,-0.0325151444497355,0
16.01,-0.016910732019551,0
16.02,-0.0370924731981191,0
16.03,-0.0385981057225854,0
16.04,-0.0354069942097876,0
16.05,-0.040086237513632,0
16.06,-0.0292996598528746,0
16.07,-0.0142530091748862,0
16.080000000000002,-0.0272424509650063,0
16.09,-0.0329702478670448,0
16.1,-0.0333383139189453,0
16.11,-0.0460256169544879,0
16.12,-0.0215361380046197,0
16.13,-0.0311191539403455,0
16.14,-0.0321191465979594,0
16.15,0.0016431434174228,0
16.16,-0.027274007290022,0
16.17,-0.0377530703044837,0
16.18,-0.0344723785129951,0
16.19,-0.0186980075209999,0
16.2,-0.029023441877895,0
16.21,-0.0445126264351692,0
16.22,-0.0209112772599089,0
16.23,-0.0367587466824803,0
16.240000000000002,-0.0113180865331457,0
16.25,-0.0192243613283932,0
16.26,-0.0344718578256094,0
16.27,-0.0171622912957325,0
16.28,-0.0292677349757699,0
16.29,-0.0213924075809739,0
16.3,-0.0250466894488455,0
16.31,-0.0383314764509341,0
16.32,-0.0362773194402272,0
16.330000000000002,-0.0195161430371767,0
16.34,-0.0331374534490003,0
16.35,-0.0338001524294302,0
16.36,-0.0392888799448921,0
16.37,-0.0254756684624579,0
16.38,-0.0090604334290267,0
16.39,-0.0403350537228459,0
16.4,-0.0293915903442265,0
16.41,-0.0154856579716906,0
16.42,-0.0303783742463698,0
16.43,-0.0250323572781995,0
16.44,-0.0401541434299214,0
16.45,-0.025221287984193,0
16.46,-0.0313499702102377,0
16.47,-0.0195954138965575,0
16.48,-0.0175530572104743,0
16.490000000000002,-0.0035055026460334,0
16.5,-0.0235790460267631,0
16.51,-0.0260916705212583,0
16.52,-0.0273800637157426,0
16.53,-0.0328298596990572,0
16.54,-0.0258876652476708,0
16.55,-0.0322008414421526,0
16.56,-0.0275365578574124,0
16.57,-0.0160195490366603,0
16.580000000000002,-0.0392353231827191,0
16.59,-0.0177455012906657,0
16.6,-0.0159475417049524,0
16.61,-0.0302737990979228,0
16.62,-0.0502861001095034,0
16.63,-0.0351202239917437,0
16.64,-0.0160465272347115,0
16.65,-0.0292196373492543,0
16.66,-0.0389584783901451,0
16.67,-0.0339877198044308,0
16.68,-0.0205082999057497,0
16.69,-0.0234217089916029,0
16.7,-0.0312529249637679,0
16.71,-0.0325064220569027,0
16.72,-0.0327303479380082,0
16.73,-0.0380114712188515,0
16.740000000000002,-0.0126082296999118,0
16.75,-0.0319598226806186,0
16.76,-0.016539678227919,0
16.77,-0.0134727623010304,0
16.78,-0.0186774870440715,0
16.79,-0.0329514860663326,0
16.8,-0.0245726825471846,0
16.81,-0.0288266535156633,0
16.82,-0.037596443444693,0
16.830000000000002,-0.0252905726875934,0
16.84,-0.040299317265761,0
16.85,-0.0166068924038847,0
16.86,-0.0331046391868241,0
16.87,-0.0264216624805108,0
16.88,-0.0255751859613927,0
16.89,-0.0309719327790364,0
16.9,-0.0224907760384216,0
16.91,-0.0330815941983646,0
16.92,-0.0195944407293392,0
16.93,-0.0417420789992702,0
16.94,-0.026993367246969,0
16.95,-0.0088427661851555,0
16.96,-0.0382102747810276,0
16.97,-0.0349593287669409,0
16.98,-0.0230177302041657,0
16.990000000000002,-0.0263359325808878,0
17.0,-0.0246004031189104,0
17.01,-0.023189798487937,0
17.02,-0.0217094327057025,0
17.03,-0.0169346384586472,0
17.04,-0.023908451644696,0
17.05,-0.0303942279117096,0
17.06,-0.0212309392906226,0
17.07,-0.0089328936490636,0
17.080000000000002,-0.0292330988908693,0
17.09,-0.0376271146145391,0
17.1,-0.0167860867082006,0
17.11,-0.0290357885494692,0
17.12,-0.0495337675401273,0
17.13,-0.0193079621275752,0
17.14,-0.0331105792167698,0
17.150000000000002,-0.0286377602695634,0
17.16,-0.0243877658552839,0
17.17,-0.0257777256986432,0
17.18,-0.0205633692790539,0
17.19,-0.0319879277278214,0
17.2,-0.022477194230274,0
17.21,-0.0301789187978998,0
17.22,-0.0201705586463919,0
17.23,-0.021380211675644,0
17.240000000000002,-0.0368635082290702,0
17.25,-0.016624546377894,0
17.26,-0.0328192599664558,0
17.27,-0.0193543171598276,0
17.28,-0.0237373032949899,0
17.29,-0.0090036326140987,0
17.3,-0.0295954338332637,0
17.31,-0.0308292582804286,0
17.32,-0.0275056143776577,0
17.330000000000002,-0.0303185558438511,0
17.34,-0.0192626903969873,0
17.35,-0.0434005786123175,0
17.36,-0.0377496715474491,0
17.37,-0.0378662631214083,0
17.38,-0.0176605562613628,0
17.39,-0.010032908459907,0
17.400000000000002,-0.028158956107103,0
17.41,-0.0287781146220666,0
17.42,-0.0263648209597092,0
17.43,-0.0154220164961146,0
17.44,-0.036289799523144,0
17.45,-0.0246080587360981,0
17.46,-0.0172152643648716,0
17.47,-0.0219318027717931,0
17.48,-0.0250224438134074,0
17.490000000000002,-0.0168833262502924,0
17.5,-0.0539016489776883,0
17.51,-0.02006612338417,0
17.52,-0.0333611955855155,0
17.53,-0.0451023415214801,0
17.54,-0.0216595719591554,0
17.55,-0.0130106094839246,0
17.56,-0.0280972886174005,0
17.57,-0.017169678061748,0
17.580000000000002,-0.0105512725141826,0
17.59,-0.0135005535845972,0
17.6,-0.0102257072854936,0
17.61,-0.019179743523873,0
17.62,-0.025822359259693,0
17.63,-0.0425720423005634,0
17.64,-0.0289887088725174,0
17.650000000000002,-0.034936260986694,0
17.66,-0.0047700900875007,0
17.67,-0.0282141087543647,0
17.68,-0.0251989470184388,0
17.69,-0.0208918968189929,0
17.7,-0.0259464925920297,0
17.71,-0.009407784055652,0
17.72,-0.032560576352259,0
17.73,-0.0243638072695063,0
17.740000000000002,-0.0337103975175229,0
17.75,-0.0394617373012992,0
17.76,-0.0323550342533401,0
17.77,-0.0265835530320244,0
17.78,-0.0304820595201703,0
17.79,-0.0330891097163589,0
17.8,-0.0402039475579897,0
17.81,-0.0269477119430937,0
17.82,-0.0411397534744727,0
17.830000000000002,-0.0184678937655524,0
17.84,-0.0252199696206957,0
17.85,-0.0405958058993279,0
17.86,-0.0290883153640555,0
17.87,-0.0334937321993304,0
17.88,-0.0227563763764902,0
17.89,-0.0125195800712462,0
17.900000000000002,-0.0446517819182619,0
17.91,-0.024725778686124,0
17.92,-0.0274533591804997,0
17.93,-0.0191146316251133,0
17.94,-0.0236720766159148,0
17.95,-0.0332997559949019,0
17.96,-0.0289466310110253,0
17.97,-0.0336923883244451,0
17.98,-0.0149481055258543,0
17.990000000000002,-0.0254711165627847,0
18.0,-0.0066483912414929,0
18.01,-0.0262429801290095,0
18.02,-0.0326965223255235,0
18.03,-0.0407256899542119,0
18.04,-0.0435960428018884,0
18.05,-0.0413821140548282,0
18.06,-0.0228456052101334,0
18.07,-0.0204057470305617,0
18.08,-0.0412810382113795,0
18.09,-0.016494890303918,0
18.1,-0.0302520344818462,0
18.11,-0.0239296525749822,0
18.12,-0.009251543295926,0
18.13,-0.016381531403189,0
18.14,-0.0280114140715138,0
18.15,-0.0342142208736409,0
18.16,-0.0467966516070914,0
18.17,-0.0324462376603708,0
18.18,-0.0273422215844975,0
18.19,-0.0350789370061572,0
18.2,-0.0264959417119251,0
18.21,-0.0243910912452434,0
18.22,-0.0273844156155196,0
18.23,-0.0316121349801265,0
18.24,-0.0234018234433513,0
18.25,-0.0206452322417025,0
18.26,-0.0359449056377679,0
18.27,-0.0109078747134182,0
18.28,-0.0259793709745988,0
18.29,-0.0247812920299264,0
18.3,-0.0178639500762281,0
18.31,-0.0225902464640505,0
18.32,-0.0153673623021722,0
18.33,-0.022003815230429,0
18.34,-0.0309757662278162,0
18.35,-0.0212127001688946,0
18.36,-0.0362413477584501,0
18.37,-0.0236948462020348,0
18.38,-0.0250891080379022,0
18.39,-0.0268143488610252,0
18.4,-0.0259949348339952,0
18.41,-0.0435044368707674,0
18.42,-0.0301495894457526,0
18.43,-0.0237102925583496,0
18.44,-0.0230165860935159,0
18.45,-0.0348683171031151,0
18.46,-0.01191091019735,0
18.47,-0.0332061672279412,0
18.48,-0.0148262841045424,0
18.49,-0.0202253570764875,0
18.5,-0.0309360255981148,0
18.51,-0.0066971025952961,0
18.52,-0.0363630460764683,0
18.53,-0.0152116094749957,0
18.54,-0.0143738086966702,0
18.55,-0.0310623218469985,0
18.56,-0.0104079618472759,0
18.57,-0.0268095822976247,0
18.58,-0.0213986903740314,0
18.59,-0.0216589250051495,0
18.6,-0.0255817547436405,0
18.61,-0.016107115742437,0
18.62,-0.0162568496213394,0
18.63,-0.0416536021181571,0
18.64,-0.0111014327199488,0
18.65,-0.0407463149935822,0
18.66,-0.0137725002328273,0
18.67,-0.0128074852659257,0
18.68,-0.0349607824850477,0
18.69,-0.0281358497970051,0
18.7,-0.0350613495171732,0
18.71,-0.0261301162240123,0
18.72,-0.027037859018622,0
18.73,-0.0161375282685774,0
18.74,-0.0108076706946205,0
18.75,-0.0099305517527733,0
18.76,-0.0294857089609677,0
18.77,-0.0259328933851871,0
18.78,-0.0406517096279654,0
18.79,-0.0318526885206047,0
18.8,-0.0141221387518281,0
18.81,-0.0075915011361256,0
18.82,-0.0360674994241917,0
18.83,-0.0296253416579711,0
18.84,-0.023941452005581,0
18.85,-0.0208524852060272,0
18.86,-0.0317268413194821,0
18.87,-0.0193669119475598,0
18.88,-0.0283226390577782,0
18.89,-0.0237054983896633,0
18.9,-0.0180748701685912,0
18.91,-0.0234502337661922,0
18.92,-0.0278550660061722,0
18.93,-0.0245640625697435,0
18.94,-0.024328358316195,0
18.95,-0.027121609950886,0
18.96,-0.0259862379102275,0
18.97,-0.0073885898820177,0
18.98,-0.0177426580508026,0
18.99,-0.0262834532601335,0
19.0,-0.0163359101569222,0
19.01,-0.0266204597597117,0
19.02,-0.0115278356490364,0
19.03,-0.0195394837323668,0
19.04,-0.0242857571540059,0
19.05,-0.0187124029085773,0
19.06,-0.0388751764956143,0
19.07,-0.0344109387897879,0
19.08,-0.0350593695695258,0
19.09,-0.0216675502030456,0
19.1,-0.0057486990021887,0
19.11,-0.0007377215433306,0
19.12,-0.0166470921213671,0
19.13,-0.01799604459943,0
19.14,-0.0409919589462571,0
19.15,-0.0283850178607946,0
19.16,-0.030813021604237,0
19.17,-0.0291205702124889,0
19.18,-0.0245704484440116,0
19.19,-0.0275868379070597,0
19.2,-0.0426358579100749,0
19.21,-0.0153406906864748,0
19.22,-0.0335241626725673,0
19.23,-0.0203812086291732,0
19.24,-0.0020098010772768,0
19.25,-0.0319214298067054,0
19.26,-0.0480074208085954,0
19.27,-0.0255415550276016,0
19.28,-0.011648889187546,0
19.29,-0.0030519891893833,0
19.3,-0.0349079433003679,0
19.31,-0.0176224441434474,0
19.32,-0.0272195353254887,0
19.33,-0.0236029140114102,0
19.34,0.0039229979946799,0
19.35,-0.0375271490314024,0
19.36,-0.0199370646384878,0
19.37,-0.0177745502457765,0
19.38,-0.0115706445988729,0
19.39,-0.0214257073449016,0
19.4,-0.0193020696349564,0
19.41,-0.0262761019470574,0
19.42,-0.019645393169987,0
19.43,-0.0257456366889682,0
19.44,-0.0160750514050545,0
19.45,-0.0259639350287551,0
19.46,-0.0184738940670169,0
19.47,-0.0225145974324719,0
19.48,-0.0109385430091094,0
19.49,-0.0226900638862218,0
19.5,-0.0398835373597869,0
19.51,-0.0095110885743066,0
19.52,-0.0311647223535092,0
19.53,-0.0286221633387553,0
19.54,-0.0280182183291293,0
19.55,-0.0082943347084044,0
19.56,-0.0433725728330817,0
19.57,0.0093845348007704,0
19.58,-0.0114095070654314,0
19.59,-0.0197221297532209,0
19.6,-0.0225217904807897,0
19.61,-0.0191957182974105,0
19.62,-0.0170011500213868,0
19.63,-0.0160533032745819,0
19.64,-0.0174322443445091,0
19.65,-0.0229935423580066,0
19.66,-0.0274775555380644,0
19.67,-0.0292113069528598,0
19.68,-0.0326599126883923,0
19.69,-17.960397826518985,0
19.7,-17.47807723713898,0
19.71,-19.916221125461504,0
19.72,-18.233280287867235,0
19.73,-16.646754481562116,0
19.74,-13.951158653242173,0
19.75,-12.39413728095892,0
19.76,-9.486435685558677,0
19.77,-10.5549162893061,0
19.78,-10.698413928682053,0
19.79,-10.772363911929904,0
19.8,-10.742743801912344,0
19.81,-10.565963495688663,0
19.82,-10.235571505729167,0
19.83,-9.763178255761098,0
19.84,-9.176630638996125,0
19.85,-8.524777329490812,0
19.86,-7.831975362284733,0
19.87,-7.1529068269029095,0
19.88,-6.482639710303953,0
19.89,-5.794274011186492,0
19.9,-5.119665547027891,0
19.91,-4.457565003227605,0
19.92,-3.8006478905881496,0
19.93,-3.164753939679576,0
19.94,-2.5415868259232486,0
19.95,-1.9238251536450115,0
19.96,-1.3425835604387388,0
19.97,-0.7794235588909929,0
19.98,-0.2229717735060449,0
19.99,0.2962749538994949,0
20.0,0.7963126018132416,0
20.01,1.2739373315459823,0
20.02,1.7116809824793422,0
20.03,2.131831342861965,0
20.04,2.501690397222586,0
20.05,2.8783978438808044,0
20.06,3.201537090329393,0
20.07,3.488104327825568,0
20.08,3.767134154739275,0
20.09,4.0038752272037605,0
20.1,4.182389786713044,0
20.11,4.36526481495454,0
20.12,4.510672459250489,0
20.13,4.626193465926564,0
20.14,4.733707130675191,0
20.15,4.786837213789108,0
20.16,4.824099327398117,0
20.17,4.820445878086031,0
20.18,4.837607118534686,0
20.19,4.788005004933475,0
20.2,4.749974592725039,0
20.21,4.68241466461067,0
20.22,4.60630287764912,0
20.23,4.476977549984153,0
20.24,4.3430849645400125,0
20.25,4.2456993315049765,0
20.26,4.121310656964065,0
20.27,3.965463845195536,0
20.28,3.796675030777548,0
20.29,3.6242534969810354,0
20.3,3.466205134768159,0
20.31,3.2729474604387163,0
20.32,3.108715679158782,0
20.33,2.9280516914533354,0
20.34,2.75139455482705,0
20.35,2.5857959170109943,0
20.36,2.381605204507637,0
20.37,2.195305149783217,0
20.38,2.026575088683264,0
20.39,1.8397411034375133,0
20.4,1.6857024083430772,0
20.41,1.5287385631247232,0
20.42,1.373040927537511,0
20.43,1.2307865909811704,0
20.44,1.077571867758097,0
20.45,0.9595583313538568,0
20.46,0.8174654079214965,0
20.47,0.6926300943269627,0
20.48,0.5708983312946523,0
20.49,0.4633872309524425,0
20.5,0.3639688960864372,0
20.51,0.24710292822841,0
20.52,0.1553452416564812,0
20.53,0.071034230527841,0
20.54,-0.0213749174631012,0
20.55,-0.0923752148518644,0
20.56,-0.1596486446296146,0
20.57,-0.2114641169290344,0
20.58,-0.2777008742741763,0
20.59,-0.3334925766289013,0
20.6,-0.3772081773288521,0
20.61,-0.4327541070500452,0
20.62,-0.4684626564113252,0
20.63,-0.5104577203864435,0
20.64,-0.5402764318278792,0
20.65,-0.5785956585408866,0
20.66,-0.623545613053001,0
20.67,-0.6236377339400855,0
20.68,-0.6281497467555313,0
20.69,-0.6503444103924979,0
20.7,-0.6645062174526679,0
20.71,-0.6738593365317688,0
20.72,-0.6950870819519113,0
20.73,-0.7016052089156469,0
20.74,-0.7153788640772437,0
20.75,-0.716172018286269,0
20.76,-0.7089829010711862,0
20.77,-0.7036993610371278,0
20.78,-0.7163429361791345,0
20.79,-0.7173856237175885,0
20.8,-0.7096546059830561,0
20.81,-0.6993855112401887,0
20.82,-0.7146417219504628,0
20.83,-0.7171350070029355,0
20.84,-0.6929145707069739,0
20.85,-0.6922131342998091,0
20.86,-0.6771198684375715,0
20.87,-0.665062357721526,0
20.88,-0.6592534999856678,0
20.89,-0.6309939849239422,0
20.9,-0.6327680619541148,0
20.91,-0.6233202918156358,0
20.92,-0.6102207729610949,0
20.93,-0.6178281089586435,0
20.94,-0.585970879686326,0
20.95,-0.5870033523075359,0
20.96,-0.5694175122985594,0
20.97,-0.5767452785240978,0
20.98,-0.5715278415911677,0
20.99,-0.5378620022681121,0
21.0,-0.5324392751536996,0
21.01,-0.5355199303534535,0
21.02,-0.5256588469648993,0
21.03,-0.496338188205185,0
21.04,-0.5102023814217724,0
21.05,-0.4726561877525511,0
21.06,-0.4889310839886613,0
21.07,-0.4644578291795249,0
21.08,-0.4651265686085905,0
21.09,-0.4468950349523171,0
21.1,-0.4495478971861241,0
21.11,-0.437012625754197,0
21.12,-0.4263556719630342,0
21.13,-0.4282726650131136,0
21.14,-0.402437191147547,0
21.15,-0.4066833435846536,0
21.16,-0.3956560034422272,0
21.17,-0.3952467209182027,0
21.18,-0.4029751530777098,0
21.19,-0.3714265524973534,0
21.2,-0.3376705390571753,0
21.21,-0.346346733064564,0
21.22,-0.3468964685170537,0
21.23,-0.3419578709407611,0
21.24,-0.3318420979891666,0
21.25,-0.3194444499342868,0
21.26,-0.3296818647725816,0
21.27,-0.299795696762163,0
21.28,-0.2969366097809933,0
21.29,-0.2901287420045832,0
21.3,-0.2862098080291472,0
21.31,-0.2837402580006743,0
21.32,-0.2706018115389211,0
21.33,-0.2648528696730475,0
21.34,-0.2677932684990659,0
21.35,-0.2635069194510422,0
21.36,-0.250301766560813,0
21.37,-0.229406427730318,0
21.38,-0.2508866561150186,0
21.39,-0.2467885449873344,0
21.4,-0.2240985536785691,0
21.41,-0.2188820520060014,0
21.42,-0.2113112361138574,0
21.43,-0.204265186978124,0
21.44,-0.2026008608697998,0
21.45,-0.1791364095714114,0
21.46,-0.2037107270593336,0
21.47,-0.1896524028668102,0
21.48,-0.1760637983270004,0
21.49,-0.1851242992760448,0
21.5,-0.1641090179407047,0
21.51,-0.139390578394641,0
21.52,-0.1494480771640194,0
21.53,-0.1409988240744221,0
21.54,-0.1495542241175812,0
21.55,-0.1367616478878053,0
21.56,-0.1279952576926735,0
21.57,-0.1210668115280554,0
21.58,-0.0987222028025652,0
21.59,-0.0996150217304991,0
21.6,-0.1099659914973804,0
21.61,-0.0900540748852059,0
21.62,-0.0812150445910288,0
21.63,-0.0684866795578449,0
21.64,-0.0577889095152935,0
21.65,-0.0774692319176051,0
21.66,-0.069171361385971,0
21.67,-0.0674063747117988,0
21.68,-0.0509647933064034,0
21.69,-0.0377841467924349,0
21.7,-0.0264296695585472,0
21.71,-0.0309530209295908,0
21.72,-0.0273207992981986,0
21.73,-0.0165750129936874,0
21.74,-0.0204589073564754,0
21.75,0.0147252318599764,0
21.76,-0.0163604144235072,0
21.77,0.0073958041230993,0
21.78,0.0315593486653804,0
21.79,0.0171057121043672,0
21.8,0.0207881693205057,0
21.81,0.0247364812953005,0
21.82,0.0321260407592679,0
21.83,0.0532678718320456,0
21.84,0.0230140587827716,0
21.85,0.0660377329603109,0
21.86,0.0420056578197498,0
21.87,0.0590854744752355,0
21.88,0.0629252169790177,0
21.89,0.0785218605540397,0
21.9,0.0620210181946135,0
21.91,0.0879316156889773,0
21.92,0.1087969007244509,0
21.93,0.0800970366154329,0
21.94,0.1007268144932051,0
21.95,0.0972320414630171,0
21.96,0.1130492970055052,0
21.97,0.1138324226292876,0
21.98,0.1119842534123061,0
21.99,0.1279395750425483,0
22.0,0.1456657058241827,0
22.01,0.1301704907286914,0
22.02,0.1436268304926919,0
22.03,0.1277353485267775,0
22.04,0.135228531088977,0
22.05,0.1535248478654625,0
22.06,0.1675301907857747,0
22.07,0.1600112431984214,0
22.08,0.1569661165741381,0
22.09,0.1636045741209376,0
22.1,0.1544939819589653,0
22.11,0.1762992976384503,0
22.12,0.1822016830550699,0
22.13,0.1718484019501641,0
22.14,0.1745253850434857,0
22.15,0.1846056207886459,0
22.16,0.180164361638956,0
22.17,0.1863179717627851,0
22.18,0.2102867714695623,0
22.19,0.1889917321399059,0
22.2,0.1899130271930659,0
22.21,0.1889174353271986,0
22.22,0.2045933169510109,0
22.23,0.1969601014557317,0
22.24,0.1937623884049605,0
22.25,0.2148163322656471,0
22.26,0.2170105966294551,0
22.27,0.1978865426349754,0
22.28,0.1861674903649366,0
22.29,0.2157171238385224,0
22.3,0.1994729751357088,0
22.31,0.214772322984051,0
22.32,0.1875827566663131,0
22.33,0.2164999623006346,0
22.34,0.1956265622798902,0
22.35,0.2150860422774243,0
22.36,0.2078388978899872,0
22.37,0.1979540925562259,0
22.38,0.203101986034059,0
22.39,0.2135980067803786,0
22.4,0.2072419921620262,0
22.41,0.2113633666671039,0
22.42,0.2245100726587314,0
22.43,0.1882222595638792,0
22.44,0.219050784571498,0
22.45,0.2028362639134388,0
22.46,0.1916292143777748,0
22.47,0.18605091792564,0
22.48,0.1961153487607288,0
22.49,0.205793986725372,0
22.5,0.1937943690563979,0
22.51,0.2085982943778605,0
22.52,0.1773195025460406,0
22.53,0.1899856745711349,0
22.54,0.1757919172716996,0
22.55,0.1900986576576096,0
22.56,0.1934181311445436,0
22.57,0.1783722287203257,0
22.58,0.1545152089357535,0
22.59,0.1804744757242931,0
22.6,0.1807333947243158,0
22.61,0.1782465441813357,0
22.62,0.1843587593041483,0
22.63,0.1590506470818331,0
22.64,0.1742896164742685,0
22.65,0.1771079090545258,0
22.66,0.1450644841454811,0
22.67,0.1636895474584564,0
22.68,0.1530719905983141,0
22.69,0.1549003084348105,0
22.7,0.1567778748511291,0
22.71,0.1460010134007605,0
22.72,0.1416777483838228,0
22.73,0.1463298909245667,0
22.74,0.132664056400888,0
22.75,0.1302235652347169,0
22.76,0.1454204769372914,0
22.77,0.1246857671971103,0
22.78,0.1403881738259988,0
22.79,0.1359089550667951,0
22.8,0.1115918261667247,0
22.81,0.1196520935200774,0
22.82,0.1359597443171806,0
22.83,0.1118129682693948,0
22.84,0.1146035477546932,0
22.85,0.1215100212829108,0
22.86,0.1223857877648765,0
22.87,0.1097213375441847,0
22.88,0.1039704990392525,0
22.89,0.1219037954285344,0
22.9,0.122830734537199,0
22.91,0.113020563145254,0
22.92,0.1019054060293077,0
22.93,0.0908211362348116,0
22.94,0.0884835117918609,0
22.95,0.0999310575803004,0
22.96,0.0968428014590678,0
22.97,0.104663733926445,0
22.98,0.0951782289907341,0
22.99,0.0717069242388306,0
23.0,0.0953601332628581,0
23.01,0.073002767748655,0
23.02,0.0773269680309673,0
23.03,0.0818933295206797,0
23.04,0.0976146880315852,0
23.05,0.1070665724443983,0
23.06,0.0803872798533937,0
23.07,0.0708845874116484,0
23.08,0.076502463832145,0
23.09,0.0785196276827479,0
23.1,0.0649672952978766,0
23.11,0.0847025931699001,0
23.12,0.0676736425523202,0
23.13,0.0690190666800723,0
23.14,0.0694160849524842,0
23.15,0.0657346447944455,0
23.16,0.0687170381330351,0
23.17,0.0530110285210342,0
23.18,0.0525036649025381,0
23.19,0.0460355475548538,0
23.2,0.0604298554707798,0
23.21,0.062869338861452,0
23.22,0.0587502143853254,0
23.23,0.0700572805513698,0
23.24,0.0524435771661587,0
23.25,0.0584213735784189,0
23.26,0.0400985113305916,0
23.27,0.0464731125058949,0
23.28,0.0566749650750366,0
23.29,0.0576328175334572,0
23.3,0.0456708905802848,0
23.31,0.0474096919676821,0
23.32,0.0325082216960293,0
23.33,0.0437238658661346,0
23.34,0.0558508713432063,0
23.35,0.0523974001516292,0
23.36,0.051395478416342,0
23.37,0.0466749107436606,0
23.38,0.0460807490302181,0
23.39,0.0392841397344898,0
23.4,0.0527968489302781,0
23.41,0.0499831688783013,0
23.42,0.0507018370944682,0
23.43,0.0405725101410048,0
23.44,0.0243933000633722,0
23.45,0.0570344421684273,0
23.46,0.0414526908065836,0
23.47,0.0378330677547412,0
23.48,0.0536566258477668,0
23.49,0.0431036115996817,0
23.5,0.0579655293312137,0
23.51,0.0539188132318216,0
23.52,0.0550068293205165,0
23.53,0.0349733881680574,0
23.54,0.0612532538128208,0
23.55,0.0522858805223426,0
23.56,0.0465584916649617,0
23.57,0.0523009976241268,0
23.58,0.0337582099049256,0
23.59,0.0562977787136594,0
23.6,0.0426451054407732,0
23.61,0.0401762148312365,0
23.62,0.039279599537358,0
23.63,0.0664661787095152,0
23.64,0.0499182521275236,0
23.65,0.0724549042605317,0
23.66,0.0527011711725714,0
23.67,0.0419616554118855,0
23.68,0.0488802090875587,0
23.69,0.0734476423618908,0
23.7,0.0606081624882449,0
23.71,0.0577951327834884,0
23.72,0.0660219977788698,0
23.73,0.0706161131072078,0
23.74,0.077981124255146,0
23.75,0.0825330863083302,0
23.76,0.0657232084762691,0
23.77,0.0573648057079434,0
23.78,0.0678263574801368,0
23.79,0.0759306404485104,0
23.8,0.0650879419795428,0
23.81,0.0665823664455571,0
23.82,0.0810505355130558,0
23.83,0.0786151488183583,0
23.84,0.0809486999597852,0
23.85,0.0745846937716938,0
23.86,0.0814442440236316,0
23.87,0.0761140484599385,0
23.88,0.0958958656332967,0
23.89,0.099013108169875,0
23.9,0.0718945707529911,0
23.91,0.0827861570848828,0
23.92,0.0788696628087918,0
23.93,0.0891171819072391,0
23.94,0.0965941979319216,0
23.95,0.0847718981320381,0
23.96,0.0919180787704107,0
23.97,0.0929939330510124,0
23.98,0.1070314746805028,0
23.99,0.1076059777371484,0
24.0,0.1016773161253782,0
24.01,0.1126734804060266,0
24.02,0.1074774846483415,0
24.03,0.1122952058136375,0
24.04,0.1338422436176128,0
24.05,0.1326368432538079,0
24.06,0.1083895377018542,0
24.07,0.1318644753882674,0
24.08,0.1338916917424021,0
24.09,0.1165345459120808,0
24.1,0.1384734030983489,0
24.11,0.1479625206555449,0
24.12,0.1236846010720348,0
24.13,0.1280913017253093,0
24.14,0.149828833383139,0
24.15,0.1447828581509108,0
24.16,0.1500283561501358,0
24.17,0.1503953955112348,0
24.18,0.153402828940192,0
24.19,0.1387682215645565,0
24.2,0.1650741657111257,0
24.21,0.1688961888350945,0
24.22,0.1575372340286075,0
24.23,0.1620590908793897,0
24.24,0.1498777011005227,0
24.25,0.1730587834013113,0
24.26,0.1763971779060294,0
24.27,0.1728483499117062,0
24.28,0.1875411374843906,0
24.29,0.1758182783196424,0
24.3,0.1877010929723808,0
24.31,0.1747893610327511,0
24.32,0.1877169106121656,0
24.33,0.1892112619101157,0
24.34,0.1962467069228227,0
24.35,0.1933741573609797,0
24.36,0.1988680191737101,0
24.37,0.2115946177701437,0
24.38,0.2021565692646373,0
24.39,0.1936877725669137,0
24.4,0.230518602276991,0
24.41,0.230147052611238,0
24.42,0.2067608235956917,0
24.43,0.2299733388072113,0
24.44,0.2214818963802542,0
24.45,0.2326251947371196,0
24.46,0.2364552800949372,0
24.47,0.2347364779000739,0
24.48,0.2328560010422815,0
24.49,0.2374477381929073,0
24.5,0.2388979350537523,0
24.51,0.2434963980593237,0
24.52,0.2549465302537858,0
24.53,0.2523142205922221,0
24.54,0.2701965705083529,0
24.55,0.2822043908670195,0
24.56,0.2655398746497445,0
24.57,0.2777964961923625,0
24.58,0.2845159004726491,0
24.59,0.2884112312545094,0
24.6,0.2886795071664565,0
24.61,0.2996331555179551,0
24.62,0.3013738905756154,0
24.63,0.28857961857777,0
24.64,0.3141135129197903,0
24.65,0.3188225492683356,0
24.66,0.3069075739127902,0
24.67,0.3195748530138007,0
24.68,0.3307492029984049,0
24.69,0.3266097767420272,0
24.7,0.34428743590563,0
24.71,0.3621200436783595,0
24.72,0.3356152362287048,0
24.73,0.3347297404434842,0
24.74,0.3567159761279079,0
24.75,0.3661047365674849,0
24.76,0.3618666907772658,0
24.77,0.3840703277458236,0
24.78,0.3615913508314459,0
24.79,0.3874247944830176,0
24.8,0.3800348921594424,0
24.81,0.4089660327718133,0
24.82,0.4174581749014152,0
24.83,0.3957103719349471,0
24.84,0.4038095441781141,0
24.85,0.4239145204286071,0
24.86,0.4175472672277909,0
24.87,0.4271518246850128,0
24.88,0.4341356029654072,0
24.89,0.421050134412979,0
24.9,0.4465639020494434,0
24.91,0.4463515325772768,0
24.92,0.4549560264455076,0
24.93,0.4810546694296341,0
24.94,0.4608776980556213,0
24.95,0.4884931625342909,0
24.96,0.4845842798811694,0
24.97,0.4916840100855436,0
24.98,0.5095883018167866,0
24.99,0.5123836097687575,0
25.0,0.5220834626926513,1
25.01,0.599046331233613,1
25.02,0.6587241526163978,1
25.03,0.7278655382784627,1
25.04,0.7939624292241674,1
25.05,0.8658663584797799,1
25.06,0.9710138003961534,1
25.07,1.0190959493132346,1
25.08,1.055631708851666,1
25.09,1.1154386032704142,1
25.1,1.1897099343557547,1
25.11,1.243000842976929,1
25.12,1.2917876975311704,1
25.13,1.3284038149708146,1
25.14,1.370014083549393,1
25.15,1.4103285043500935,1
25.16,1.438990077832862,1
25.17,1.4421849464297813,1
25.18,1.4833884602821465,1
25.19,1.4934709241448751,1
25.2,4.485147836435006,1
25.21,6.890026694923553,1
25.22,1.524266331499974,1
25.23,1.5136488143637856,1
25.24,1.5173142669227178,1
25.25,1.4994770116534872,1
25.26,1.4807995955015223,1
25.27,1.4601929083515053,1
25.28,1.4480039298158924,1
25.29,1.3854702814221893,1
25.3,1.3671465625817922,1
25.31,1.3153556061980722,1
25.32,1.2892715175278973,1
25.33,1.2308439893681293,1
25.34,1.189736687245766,1
25.35,1.1427671447480916,1
25.36,1.1055884860341165,1
25.37,1.0538189328541434,1
25.38,0.9800685871152788,1
25.39,0.940455022606126,1
25.4,0.8800827334880104,1
25.41,0.8221641604784766,1
25.42,0.7808503309470989,1
25.43,0.7293056451144895,1
25.44,0.7075170500527275,1
25.45,0.6403092566352632,1
25.46,0.5771722236725496,1
25.47,0.5428622626565439,1
25.48,0.5192151890763532,1
25.49,0.49362456857554116,1
25.5,0.42416293165063035,1
25.51,0.39232318370825536,1
25.52,0.40499698651934235,1
25.53,0.36963521363200436,1
25.54,0.34098822122768757,1
25.55,0.34359401366493336,1
25.56,0.30524503540762427,1
25.57,0.3298716588035836,1
25.58,1.4606256949233236,1
25.59,0.3504421162189262,1
25.6,0.3442294777799664,1
25.61,0.37336038917485614,1
25.62,0.38628988526946306,1
25.63,0.4259512254622403,1
25.64,0.4469851240200676,1
25.65,0.48893097667564567,1
25.66,0.5244736001744856,1
25.67,0.5864945020797598,1
25.68,0.6380083115512495,1
25.69,0.6801391207839965,1
25.7,0.7392573050458727,1
25.71,4.616253205381972,1
25.72,0.8573596841418398,1
25.73,0.9242561209482438,1
25.74,1.0173198231384313,1
25.75,1.0479135810773044,1
25.76,1.1427682187111678,1
25.77,1.2079553485515053,1
25.78,1.2710094872299633,1
25.79,1.3559469157715554,1
25.8,1.4117646345059764,1
25.81,1.4807288926412585,1
25.82,1.543800381294855,1
25.83,1.6223585896614894,1
25.84,1.6847816969303235,1
25.85,1.7287746972803384,1
25.86,1.7802056289782442,1
25.87,5.795378319765268,1
25.88,1.8921997571441258,1
25.89,1.9473555579880335,1
25.9,2.0040225997426546,1
25.91,2.0263350569385645,1
25.92,2.0651042162034483,1
25.93,2.0958915571636174,1
25.94,2.1285482331457954,1
25.95,2.117170923714052,1
25.96,2.1478529095330696,1
25.97,2.164930022197393,1
25.98,2.1782780146616423,1
25.99,4.791188607666376,1
26.0,2.138067323612811,1
26.01,2.150181786028267,1
26.02,3.6431280343735364,1
26.03,2.0905257364746452,1
26.04,2.067715375167343,1
26.05,2.0387469595594974,1
26.06,5.413487279882941,1
26.07,1.937926628108385,1
26.08,1.9221948553750257,1
26.09,1.875279122250769,1
26.1,1.8147203607400062,1
26.11,1.739197288743645,1
26.12,1.6879673603867489,1
26.13,1.6267262481223717,1
26.14,1.5673663018838946,1
26.15,1.5008153465062088,1
26.16,1.4181092856687647,1
26.17,1.3565616609998639,1
26.18,1.2899875908333245,1
26.19,1.2294413690581518,1
26.2,1.1516041721419976,1
26.21,4.7473967218687445,1
26.22,1.0070028841170493,1
26.23,0.9529971157470538,1
26.24,0.8775172929236219,1
26.25,0.8015059848367634,1
26.26,0.7633729804481467,1
26.27,0.6984031893647202,1
26.28,0.6322582366931029,1
26.29,0.5806330332279848,1
26.3,3.1318270603931055,1
26.31,0.49902180796521145,1
26.32,0.45704951176428876,1
26.33,0.4232759911034777,1
26.34,0.4068085482131839,1
26.35,0.37485956353196637,1
26.36,0.3451725331561686,1
26.37,0.3366538906769322,1
26.38,0.30577587869441936,1
26.39,0.31382692032798976,1
26.4,0.3265412632785062,1
26.41,0.3096577154999882,1
26.42,0.3114524627861358,1
26.43,0.32617608154286803,1
26.44,0.33913120882487036,1
26.45,0.36387893557808093,1
26.46,0.3938663752227901,1
26.47,0.4132602694358719,1
26.48,0.4608425374434193,1
26.49,0.5064096971302032,1
26.5,0.5280237762201541,1
26.51,0.5946851814038441,1
26.52,0.6293151031038907,1
26.53,0.6811838372946502,1
26.54,0.7125451728860537,1
26.55,0.7771000902279207,1
26.56,0.8078597361491539,1
26.57,0.8782969622213672,1
26.58,0.9217150239695915,1
26.59,0.9757150724614758,1
26.6,4.0332968531889435,1
26.61,1.058758815151974,1
26.62,1.1202391867744672,1
26.63,1.1493635837441782,1
26.64,1.2057191435481265,1
26.65,1.2269669823439797,1
26.66,1.2856512671765763,1
26.67,1.2980437157411338,1
26.68,1.3454697872588588,1
26.69,1.3718931690763139,1
26.7,1.3802306976988303,1
26.71,1.4102391173576698,1
26.72,1.4197170159219314,1
26.73,1.419735176797412,1
26.74,1.4182408520171603,1
26.75,1.407000700068815,1
26.76,1.4234597603098091,1
26.77,1.3926577257316737,1
26.78,1.3926109924958259,1
26.79,1.3674199491711874,1
26.8,1.3503560628335824,1
26.81,1.3092679873693527,1
26.82,1.2730630741985363,1
26.83,1.2432529631772193,1
26.84,1.1945609980595202,1
26.85,1.1455678189035585,1
26.86,1.0944616437685704,1
26.87,1.0182154058333004,1
26.88,0.9816768724556382,1
26.89,4.514869907528423,1
26.9,0.8365168454000838,1
26.91,4.522832423641141,1
26.92,0.7098682603437808,1
26.93,0.6382653534666274,1
26.94,0.5711934807623398,1
26.95,0.5097109192165138,1
26.96,0.4334627775403103,1
26.97,0.3368867779613331,1
26.98,0.2841202524213492,1
26.99,0.22001449719699995,1
27.0,0.1407571672881621,1
27.01,0.07969678016691928,1
27.02,0.022927077979947752,1
27.03,-0.05044816558651599,1
27.04,-0.1188300277902245,1
27.05,-0.1683176188621729,1
27.06,-0.2312513683966141,1
27.07,-0.28257966528047307,1
27.08,-0.33236180442645774,1
27.09,-0.3549020550002682,1
27.1,-0.41584444746289856,1
27.11,-0.4247000699163371,1
27.12,-0.46246201744360454,1
27.13,-0.5038282817044235,1
27.14,2.46344067171686,1
27.15,-0.5400094811295395,1
27.16,-0.5194411121602489,1
27.17,-0.5182445394415182,1
27.18,-0.5291612106258357,1
27.19,-0.512942339776618,1
27.2,-0.48046742556602273,1
27.21,-0.4859121534402748,1
27.22,-0.4674584941283303,1
27.23,-0.41342077210946787,1
27.24,-0.3755442398679905,1
27.25,-0.35787163073274425,1
27.26,-0.3066053150042216,1
27.27,-0.2584808559024746,1
27.28,-0.23117433179570698,1
27.29,-0.17746898446031348,1
27.3,-0.10653887230760711,1
27.31,-0.045963201216967176,1
27.32,0.0007344570165323805,1
27.33,0.045721054348808604,1
27.34,0.13489653810309926,1
27.35,0.17090830661625098,1
27.36,0.23433262945872618,1
27.37,0.30243480450133686,1
27.38,0.375331014262092,1
27.39,0.4281510927260442,1
27.4,0.48222605543303504,1
27.41,0.5394312651332864,1
27.42,0.5898324495280027,1
27.43,0.6470912991990472,1
27.44,0.665492900913471,1
27.45,0.7339381695592099,1
27.46,0.7819624255573281,1
27.47,0.806928210898247,1
27.48,0.8571745829088803,1
27.49,0.8818895198679437,1
27.5,0.9276572170922632,1
27.51,0.9473706814064595,1
27.52,5.014728732960471,1
27.53,0.95876192222947,1
27.54,0.966423532287717,1
27.55,0.9645120318428073,1
27.56,0.9677990899735687,1
27.57,0.9500554053663524,1
27.58,0.933137997654875,1
27.59,0.932574633719131,1
27.6,0.9097573032745903,1
27.61,0.867887442160845,1
27.62,0.8528801121141123,1
27.63,0.8013365439182434,1
27.64,0.769869854780975,1
27.65,0.7314443412980293,1
27.66,0.6753057246406051,1
27.67,0.6293928118884136,1
27.68,0.5660125760323644,1
27.69,0.5130189573485415,1
27.7,3.8101194837001886,1
27.71,0.3890155890249827,1
27.72,0.3331667177232942,1
27.73,0.25689627015951066,1
27.74,0.20431712979266936,1
27.75,0.14303194948333597,1
27.76,3.6446502780309986,1
27.77,0.01782340254256215,1
27.78,-0.041860589670018045,1
27.79,-0.09650916523382652,1
27.8,-0.15080555330494605,1
27.81,-0.22208072409323393,1
27.82,-0.2810374216989749,1
27.83,-0.3298676913039735,1
27.84,-0.37144377382095184,1
27.85,-0.41358332558776184,1
27.86,-0.4573319935196304,1
27.87,-0.49796885295594145,1
27.88,-0.5205106629693046,1
27.89,-0.5404291895738998,1
27.9,-0.5577546060800058,1
27.91,-0.5857534968475367,1
27.92,-0.5956732522666084,1
27.93,-0.6069726534887755,1
27.94,-0.5989221945550445,1
27.95,-0.6027082745171521,1
27.96,-0.578830392569534,1
27.97,-0.5875200344239235,1
27.98,-0.5531927116246936,1
27.99,-0.5214614025795479,1
28.0,-0.49258853699527966,1
28.01,-0.43269740664503903,1
28.02,-0.41677487342698394,1
28.03,-0.38662907322199846,1
28.04,-0.3297825942614897,1
28.05,-0.29503223481782237,1
28.06,-0.22302220581728638,1
28.07,-0.1723217141799291,1
28.08,4.430457433653641,1
28.09,-0.044913363814546914,1
28.1,0.025025589570921575,1
28.11,0.0871512120221837,1
28.12,0.17951220000167067,1
28.13,3.887615429890783,1
28.14,0.3199612892932478,1
28.15,0.3798463019498984,1
28.16,0.4462509841629132,1
28.17,0.5140882844997839,1
28.18,0.5821486907395613,1
28.19,0.6251848765090097,1
28.2,0.7059772555952046,1
28.21,0.7792011907809488,1
28.22,0.8295639484043196,1
28.23,0.8722824673907661,1
28.24,0.9387480076632462,1
28.25,1.0056069263689436,1
28.26,1.04640831175635,1
28.27,1.07452157263092,1
28.28,1.1214630028608352,1
28.29,1.140499396752298,1
28.3,3.4055082388873883,1
28.31,1.1849455218202798,1
28.32,1.2273895773952515,1
28.33,1.2215232870767772,1
28.34,1.2292246683407662,1
28.35,1.2309416604085683,1
28.36,1.2502167821868233,1
28.37,1.2397113361860987,1
28.38,1.2330456362585709,1
28.39,1.191923033762224,1
28.4,1.1745253699800553,1
28.41,1.1300383452095146,1
28.42,1.1293981782913605,1
28.43,2.674981995401719,1
28.44,1.0439770816321832,1
28.45,0.9891381754737631,1
28.46,0.949400118718826,1
28.47,0.899295723009397,1
28.48,0.851515081391315,1
28.49,0.80003340672493,1
28.5,0.7460505261840362,1
28.51,0.7046360255298614,1
28.52,0.6290756729683725,1
28.53,0.5856003049469503,1
28.54,0.5386938718266785,1
28.55,0.4647507125057127,1
28.56,0.406718866282632,1
28.57,0.3566483227962986,1
28.58,0.3172322321326849,1
28.59,0.255659222067691,1
28.6,0.1988544252800638,1
28.61,0.16196779023186214,1
28.62,0.10191436670694054,1
28.63,0.07871756833587562,1
28.64,0.038406559236716875,1
28.65,-0.002622956835412027,1
28.66,-0.03783451773910107,1
28.67,-0.0640406946192501,1
28.68,-0.07118325509136447,1
28.69,-0.08107147380748836,1
28.7,-0.11190666569989194,1
28.71,-0.10836565916736596,1
28.72,4.444438380406911,1
28.73,-0.11912195935985925,1
28.74,-0.10645898716603597,1
28.75,-0.1032863472859813,1
28.76,-0.0868261434730484,1
28.77,-0.06273468092714563,1
28.78,-0.027180034432765066,1
28.79,-0.0016250803306858685,1
28.8,0.012426377663736221,1
28.81,0.05215926255870873,1
28.82,0.10961215658353185,1
28.83,0.16606369665643428,1
28.84,0.18302012831475872,1
28.85,3.581596354275892,1
28.86,0.3115927281591792,1
28.87,0.38741107895015625,1
28.88,0.428198298429835,1
28.89,0.4958706094886582,1
28.9,0.5545293036422612,1
28.91,0.593575169621082,1
28.92,0.6846137941940683,1
28.93,0.7410190670530646,1
28.94,0.8053589951523888,1
28.95,0.9000253019959811,1
28.96,0.8990862601391695,1
28.97,0.994626543290968,1
28.98,1.0298648539076853,1
28.99,1.08851221679481,1
29.0,1.1352703631116914,1
29.01,1.1784208826930949,1
29.02,1.2204374448136692,1
29.03,1.2691431119486887,1
29.04,1.2863565378658437,1
29.05,1.3404357007064127,1
29.06,1.3556710989278107,1
29.07,1.3707452850756838,1
29.08,1.3949063495272371,1
29.09,1.4243543443970803,1
29.1,1.4137214999762477,1
29.11,1.4247988910689897,1
29.12,1.4108562993852987,1
29.13,3.373609575027551,1
29.14,1.4033824938012023,1
29.15,1.3965170769073643,1
29.16,1.3527774773704788,1
29.17,1.3328478873255873,1
29.18,1.294055006070175,1
29.19,1.2684196547901125,1
29.2,1.2063506926230128,1
29.21,1.1750041481739495,1
29.22,1.1158308704237654,1
29.23,1.0638645051610152,1
29.24,1.0089759831004246,1
29.25,0.951295808183207,1
29.26,0.8858467699913251,1
29.27,0.8252866383315582,1
29.28,0.7733338971348438,1
29.29,0.7005026166123134,1
29.3,0.6315256324734477,1
29.31,0.5499699614074431,1
29.32,0.4772480169327286,1
29.33,0.4276519091432638,1
29.34,0.35957933981542545,1
29.35,4.786421905095859,1
29.36,0.21415232897521974,1
29.37,0.15535484157564272,1
29.38,0.08107988074188094,1
29.39,0.036112203854819724,1
29.4,-0.004342446878593698,1
29.41,-0.06988938779851728,1
29.42,-0.10599211054170171,1
29.43,-0.1574385962741779,1
29.44,-0.19112668111533393,1
29.45,-0.24013427317257063,1
29.46,-0.25733925083901804,1
29.47,-0.3126974313156422,1
29.48,-0.3041579219572599,1
29.49,-0.3328836874279777,1
29.5,-0.3135073354345629,1
29.51,-0.3214239264418133,1
29.52,-0.32278165101539474,1
29.53,-0.3051188702985891,1
29.54,-0.31737269650811384,1
29.55,-0.2727153019646762,1
29.56,-0.2580324673768363,1
29.57,-0.2418864382449014,1
29.58,2.026113885058347,1
29.59,3.2925560283442157,1
29.6,-0.1361380634633798,1
29.61,-0.08815922792132425,1
29.62,-0.037687771530660275,1
29.63,0.0102614602526242,1
29.64,0.08950492400964116,1
29.65,0.13400742879599342,1
29.66,3.061734700517872,1
29.67,0.2566875733335481,1
29.68,0.3098866310263929,1
29.69,0.397831227045146,1
29.7,0.4439727342090316,1
29.71,0.5308855002270594,1
29.72,0.5864601470170976,1
29.73,0.6882657220183704,1
29.74,2.6971501432367395,1
29.75,2.896614518235656,1
29.76,0.8797416837120102,1
29.77,0.9215356399520436,1
29.78,0.9960189421847074,1
29.79,1.0504982680541999,1
29.8,1.106044371820641,1
29.81,1.167697014902591,1
29.82,1.2102323361953018,1
29.83,1.2498164422925275,1
29.84,1.27023884503256,1
29.85,1.3126585706567975,1
29.86,1.3519199585250363,1
29.87,1.3802180213321424,1
29.88,1.3892331318641253,1
29.89,1.4409140433732417,1
29.9,1.4431646667529532,1
29.91,2.261793214994951,1
29.92,1.435826850565456,1
29.93,1.428906097136006,1
29.94,1.4124126693786283,1
29.95,1.4086852192845152,1
29.96,1.3916618621547836,1
29.97,1.3531876112902266,1
29.98,1.3409981750604394,1
29.99,1.303897097292188,1
30.0,1.2501373484957385,1
30.01,1.220585461336321,1
30.02,1.203683370242731,1
30.03,1.1784916904359908,1
30.04,1.1143572289351829,1
30.05,1.0421442442115476,1
30.06,1.0049233458586984,1
30.07,0.927373792801921,1
30.08,-0.7313944609602356,1
30.09,-5.300432065661749,1
30.1,-6.195412978466647,1
30.11,-9.726232196690706,1
30.12,-10.095028099000407,1
30.13,-9.834620414686551,1
30.14,-9.721814807090567,1
30.15,-9.571029207379441,1
30.16,-7.3800418508678565,1
30.17,-6.406493253515411,1
30.18,-3.9299019454124036,1
30.19,-4.048090295310249,1
30.2,-4.119692031811694,1
30.21,-4.216806531331661,1
30.22,-4.287475532147018,1
30.23,-4.33377114484375,1
30.24,-4.416675835175452,1
30.25,-4.445238990383356,1
30.26,-4.473549661395231,1
30.27,-4.495839898720822,1
30.28,-4.521161984522793,1
30.29,-4.522412640330559,1
30.3,-4.545437615536159,1
30.31,-4.51623649419271,1
30.32,-4.485715664503674,1
30.33,-4.472397796879202,1
30.34,-4.426296988714846,1
30.35,-4.379010037215669,1
30.36,-4.336089974168987,1
30.37,-4.273079589554003,1
30.38,-4.219829399473792,1
30.39,-4.141367642148747,1
30.4,-4.056386690517103,1
30.41,-3.9786201674990025,1
30.42,-3.8987220661469504,1
30.43,-3.798718999758755,1
30.44,-3.6978231816986513,1
30.45,-3.625860512444923,1
30.46,-3.4910342838079753,1
30.47,-3.4006180820405807,1
30.48,-3.2854959052466852,1
30.49,-3.1686378124782455,1
30.5,-3.0840415771940113,1
30.51,-2.966472670934616,1
30.52,-2.851150315522618,1
30.53,-2.7453042917379316,1
30.54,-2.6101059268493247,1
30.55,-2.527256043738613,1
30.56,-2.4171635381483236,1
30.57,-2.3045949785049684,1
30.58,-2.2162065185446016,1
30.59,-2.1085933492391153,1
30.6,0.04179711073714376,1
30.61,-1.9189838653082743,1
30.62,-1.8277913167473154,1
30.63,-1.747524664792771,1
30.64,-1.67716659337734,1
30.65,-1.5832267193826142,1
30.66,-1.498125489209219,1
30.67,-1.4496823958687375,1
30.68,-1.3867610829953887,1
30.69,-1.3262502311906696,1
30.7,-1.2952120504324989,1
30.71,-1.2200432607590215,1
30.72,-1.1948296664469942,1
30.73,-1.1455135081736918,1
30.74,-1.1392437629486996,1
30.75,-1.0887847783659343,1
30.76,-1.0790774538462555,1
30.77,-1.0657818550547664,1
30.78,-1.0578645393850996,1
30.79,-1.055749340271933,1
30.8,-1.0382193362362715,1
30.81,-1.0493939586137722,1
30.82,-1.074336318035002,1
30.83,-1.072647278087202,1
30.84,-1.072763798399715,1
30.85,-1.0795035298499465,1
30.86,-1.0967638862167992,1
30.87,-1.0991168137778973,1
30.88,-1.147047601501741,1
30.89,-1.1430550095033798,1
30.9,-1.17994817440778,1
30.91,-1.1713701919053339,1
30.92,-1.1966331831489867,1
30.93,-1.207341913256842,1
30.94,-1.234767741687917,1
30.95,-1.2262899042203,1
30.96,-1.2396240189110888,1
30.97,-1.25281507825273,1
30.98,-1.2658764161227056,1
30.99,-1.261723422914629,1
31.0,-1.2742519559891001,1
31.01,-1.254742452103795,1
31.02,-1.2391311407080743,1
31.03,-1.2332467373994123,1
31.04,-1.2353889646097134,1
31.05,-1.2042757647031488,1
31.06,-1.1961489482145098,1
31.07,-1.1482571313222385,1
31.08,-1.1156115302000735,1
31.09,-1.100294004665408,1
31.1,-1.0500353497401138,1
31.11,-0.9934475145905687,1
31.12,-0.9412660844227511,1
31.13,-0.8935363426841632,1
31.14,2.2787189045966914,1
31.15,-0.7524600289170493,1
31.16,-0.6876233251615069,1
31.17,-0.6201901455088912,1
31.18,-0.5255848487276025,1
31.19,-0.439717064964518,1
31.2,-0.37836522464234107,1
31.21,-0.29427216517444604,1
31.22,-0.19555808931374508,1
31.23,-0.11441783399543948,1
31.24,-0.02101007574163674,1
31.25,0.08021632832390074,1
31.26,0.14699112791078284,1
31.27,0.2729688878180607,1
31.28,0.3542626038005582,1
31.29,0.44281386737386474,1
31.3,0.5386747496461342,1
31.31,0.6306699991922717,1
31.32,0.7036623121341019,1
31.33,0.8239196800516272,1
31.34,0.8950784298328447,1
31.35,0.9821237575184207,1
31.36,1.0672101759610273,1
31.37,1.124150435212282,1
31.38,1.2121225376526796,1
31.39,1.2738095228663382,1
31.4,1.3498613006044997,1
31.41,1.3806006244544817,1
31.42,1.4567214459837956,1
31.43,1.5027001744442294,1
31.44,1.5590887584610698,1
31.45,1.6004012278636268,1
31.46,1.6243619028525091,1
31.47,1.6547935302468115,1
31.48,1.685993997532334,1
31.49,1.6980280677312742,1
31.5,1.7300483213955267,1
31.51,1.7273734228428475,1
31.52,1.7063290744370432,1
31.53,1.7310038406638373,1
31.54,1.718891253499605,1
31.55,1.7028393598877767,1
31.56,1.6922091796841536,1
31.57,1.6868938995296465,1
31.58,1.6763387429819003,1
31.59,1.6397436006172459,1
31.6,1.6007008178519955,1
31.61,4.131634068112827,1
31.62,1.533485511176736,1
31.63,3.299761318287133,1
31.64,1.4479634260515208,1
31.65,1.3998044835362804,1
31.66,1.3697290485225142,1
31.67,1.3303079249817558,1
31.68,1.2819398750987678,1
31.69,1.2322667512858692,1
31.7,1.1800626400184098,1
31.71,1.1484662370200796,1
31.72,1.0820056881080233,1
31.73,1.055787143297023,1
31.74,0.9910220631656286,1
31.75,0.946834348823297,1
31.76,0.8935095986971813,1
31.77,0.8578509086262401,1
31.78,0.8287736314679717,1
31.79,0.7826644681273554,1
31.8,0.7491760323138232,1
31.81,4.347301926628525,1
31.82,0.6665796411595546,1
31.83,0.6522918958187965,1
31.84,0.6323102957545859,1
31.85,0.6445955856309799,1
31.86,3.5051369549255336,1
31.87,0.6423097466483424,1
31.88,0.6528512099620073,1
31.89,0.6787951580273826,1
31.9,0.6787501452934123,1
31.91,0.7178204587362882,1
31.92,0.7665881614409271,1
31.93,0.7756058501137841,1
31.94,0.8090794302995191,1
31.95,0.8526022757799969,1
31.96,0.9295013039410944,1
31.97,0.9581736837876157,1
31.98,1.0312176390772727,1
31.99,4.576228126119533,1
32.0,0.0,1
32.01,0.0,1
32.02,0.0,1
32.03,0.0,1
32.04,0.0,1
32.05,0.0,1
32.06,0.0,1
32.07,0.0,1
32.08,0.0,1
32.09,0.0,1
32.1,0.0,1
32.11,0.0,1
32.12,0.0,1
32.13,0.0,1
32.14,0.0,1
32.15,0.0,1
32.160000000000004,0.0,1
32.17,0.0,1
32.18,0.0,1
32.19,0.0,1
32.2,0.0,1
32.21,0.0,1
32.22,0.0,1
32.230000000000004,0.0,1
32.24,0.0,1
32.25,0.0,1
32.26,0.0,1
32.27,0.0,1
32.28,0.0,1
32.29,0.0,1
32.3,0.0,1
32.31,0.0,1
32.32,0.0,1
32.33,0.0,1
32.34,0.0,1
32.35,0.0,1
32.36,0.0,1
32.37,0.0,1
32.38,0.0,1
32.39,0.0,1
32.4,0.0,1
32.410000000000004,0.0,1
32.42,0.0,1
32.43,0.0,1
32.44,0.0,1
32.45,0.0,1
32.46,0.0,1
32.47,0.0,1
32.480000000000004,0.0,1
32.49,0.0,1
32.5,1.0019628190910348,1
32.51,0.9194982017250998,1
32.52,0.8451329051416043,1
32.53,0.7735695785901437,1
32.54,0.6932718391655566,1
32.55,0.6203832230012613,1
32.56,0.5424115121125269,1
32.57,0.4797242590317766,1
32.58,0.4379094932387336,1
32.59,0.38341362764111764,1
32.6,0.3137031886101507,1
32.61,0.2677889073594031,1
32.62,0.21389267182910188,1
32.63,0.19476563052491846,1
32.64,0.15437320465960525,1
32.65,0.1364542640940415,1
32.660000000000004,0.08225196345834185,1
32.67,0.06590918379000166,1
32.68,0.05528054052131881,1
32.69,3.3702609961191,1
32.7,0.030922445951808708,1
32.71,0.020953404784026186,1
32.72,0.039260638117412316,1
32.730000000000004,0.04239096857597491,1
32.74,0.03450189935369041,1
32.75,0.06921264456697163,1
32.76,0.08259467854787894,1
32.77,0.09042096777080982,1
32.78,0.11069962270593214,1
32.79,0.13858134213144307,1
32.8,0.14952735813558254,1
32.81,0.18515558722814385,1
32.82,3.4028633137553532,1
32.83,0.25036621345489957,1
32.84,0.25525930733953106,1
32.85,0.3152627602709098,1
32.86,0.32597297541313286,1
32.87,0.35550547249167413,1
32.88,0.3786103136359911,1
32.89,0.40781224644194985,1
32.9,0.4488428987768562,1
32.910000000000004,0.43153761215745967,1
32.92,0.48840336251151667,1
32.93,0.4953663291936284,1
32.94,0.4930956110595365,1
32.95,0.5041347279773266,1
32.96,0.5376540213752027,1
32.97,0.3646633724489543,1
32.980000000000004,0.07272454429662223,1
32.99,0.001009325955134588,1
33.0,-0.12324044752609975,1
33.01,-0.22347967412114456,1
33.02,-0.28141433351723355,1
33.03,-0.3408195886182507,1
33.04,-0.341269519196839,1
33.05,2.8338733963532765,1
33.06,-0.34402418193812523,1
33.07,-0.3524258426854653,1
33.08,-0.35003876716742033,1
33.09,-0.38409592551573435,1
33.1,-0.4170447566185831,1
33.11,-0.42638316782275165,1
33.12,-0.4399864748716149,1
33.13,-0.5050513860521438,1
33.14,-0.5364073535660073,1
33.15,-0.5700688033990249,1
33.160000000000004,-0.6194609694696198,1
33.17,-0.6763571689253631,1
33.18,-0.7055077294603793,1
33.19,-0.7459375938739807,1
33.2,-0.8214328850512146,1
33.21,-0.8881483845050717,1
33.22,-0.9513711789167818,1
33.230000000000004,-0.9907319132118703,1
33.24,-1.0399504434235616,1
33.25,-1.1037517054939554,1
33.26,-1.1654679633774498,1
33.27,-1.2272965019190667,1
33.28,-1.2869033260604756,1
33.29,-1.3204371915975401,1
33.3,-1.3702939320851155,1
33.31,-1.4430110535497305,1
33.32,-1.4568995070003892,1
33.33,-1.5090881600570196,1
33.34,-1.5393355747492623,1
33.35,-1.6014340130923452,1
33.36,-1.6322615756582404,1
33.37,-1.6463494761238158,1
33.38,-1.6615379096324736,1
33.39,-1.6655698989812853,1
33.4,-1.6885443043417123,1
33.410000000000004,-1.7050801766994663,1
33.42,-1.7148464762100308,1
33.43,-1.6890300396392584,1
33.44,-1.7025115239728223,1
33.45,-1.6629035206787335,1
33.46,-1.6631800633088507,1
33.47,-1.620470231212291,1
33.480000000000004,-1.6006181045666508,1
33.49,-1.5749314902954525,1
33.5,-1.540194266276907,1
33.51,-1.4953243313172684,1
33.52,-1.4402431606912285,1
33.53,-1.3923089033285432,1
33.54,-1.343788143777364,1
33.55,-1.280787423537104,1
33.56,2.4233892480500243,1
33.57,-0.5781442671391077,1
33.58,-0.1562932616388989,1
33.59,0.18635628787543246,1
33.6,3.4851210787427047,1
33.61,0.7990395737431313,1
33.62,1.0635568983959616,1
33.63,1.31185405656069,1
33.64,1.54189261641571,1
33.65,1.773927917266994,1
33.660000000000004,1.8504063776889739,1
33.67,1.7961251701168743,1
33.68,1.8170778154901297,1
33.69,1.845867844090015,1
33.7,1.8762766859310576,1
33.71,5.279126442208236,1
33.72,1.9681546451275647,1
33.730000000000004,2.009357489228049,1
33.74,2.0099392885314673,1
33.75,2.0490638771668634,1
33.76,2.0854299917707384,1
33.77,2.1034186515854905,1
33.78,2.1385208568467053,1
33.79,2.1418811964371502,1
33.8,2.181640617729035,1
33.81,2.1777221737837595,1
33.82,2.1686963695363537,1
33.83,2.1724919251615087,1
33.84,2.1638392073505175,1
33.85,2.1326508048821986,1
33.86,2.1106691645359406,1
33.87,2.095295957265873,1
33.88,2.0740980421748,1
33.89,2.033294615605773,1
33.9,1.9782108744126983,1
33.910000000000004,1.9439100434074594,1
33.92,1.9052881762662723,1
33.93,1.8557685127414785,1
33.94,1.8234533043751178,1
33.95,1.7340945580743345,1
33.96,1.694597840742428,1
33.97,1.6437353936652643,1
33.980000000000004,1.5889443522498163,1
33.99,1.498035638752774,1
34.0,1.441698826039647,1
34.01,1.3764409272127585,1
34.02,1.3063147867671583,1
34.03,1.237052763596775,1
34.04,1.1765537956971597,1
34.05,1.0819006597025267,1
34.06,1.0503489619183464,1
34.07,0.9827637017653734,1
34.08,0.9193019201070194,1
34.09,0.8844414207633859,1
34.1,0.8024466156785295,1
34.11,0.753504107331802,1
34.12,0.7292247067294176,1
34.13,0.6564967647088731,1
34.14,0.6188337711762606,1
34.15,0.5866421700151181,1
34.160000000000004,0.5647813812143818,1
34.17,0.5313940336363788,1
34.18,0.49417915200627993,1
34.19,0.4845573290405538,1
34.2,0.4716689006325455,1
34.21,0.4699972162869084,1
34.22,0.47325975060217085,1
34.230000000000004,0.4766288473940462,1
34.24,0.46332167039755223,1
34.25,0.5054890236233479,1
34.26,0.5161869723430247,1
34.27,0.5512413875228455,1
34.28,0.5703442104830726,1
34.29,0.6100112017920537,1
34.300000000000004,0.6411380407605654,1
34.31,0.6915500166616891,1
34.32,0.7288015819185699,1
34.33,0.7716785428224573,1
34.34,0.8477365154287494,1
34.35,0.8892007824714228,1
34.36,0.9439392501868336,1
34.37,0.9855563801740748,1
34.38,1.047399278194824,1
34.39,1.1266252732898805,1
34.4,1.1896203774945164,1
34.410000000000004,1.2471341971787335,1
34.42,1.3310534960652072,1
34.43,1.4231718610815112,1
34.44,1.4914609671743806,1
34.45,1.547050421374522,1
34.46,1.6283554713508726,1
34.47,1.6928080180910243,1
34.480000000000004,1.7658333283920495,1
34.49,1.8302840414678214,1
34.5,1.8967544611359968,1
34.51,1.9432136541369527,1
34.52,2.0083203152452813,1
34.53,2.0537543880736027,1
34.54,2.0749409378047363,1
34.550000000000004,3.3309940528571245,1
34.56,2.191489401857158,1
34.57,4.310141170201774,1
34.58,2.234283502481078,1
34.59,2.240930861984581,1
34.6,2.282693825878533,1
34.61,2.292364851706445,1
34.62,2.2771942318178233,1
34.63,2.282726342282893,1
34.64,2.2658105477141586,1
34.65,2.237063239512987,1
34.660000000000004,2.2276232521850377,1
34.67,2.2094705739728866,1
34.68,2.175303228576781,1
34.69,2.1448633386117417,1
34.7,2.1090832834576565,1
34.71,2.068149711333596,1
34.72,2.0247472948215806,1
34.730000000000004,1.9655030307492638,1
34.74,1.917774771650442,1
34.75,6.16189920960063,1
34.76,1.8246714017692758,1
34.77,1.7356983394606318,1
34.78,1.708597414441938,1
34.79,1.650079026412429,1
34.800000000000004,1.5716039102508619,1
34.81,1.4866736603346136,1
34.82,1.4472549028217092,1
34.83,1.3888863137476128,1
34.84,1.3189893862623374,1
34.85,1.2648211790756148,1
34.86,1.2278590951728487,1
34.87,1.163879784007875,1
34.88,1.0951180146771204,1
34.89,1.0383348189635113,1
34.9,1.004137854406995,1
34.910000000000004,0.9618364810925725,1
34.92,0.9292553046310029,1
34.93,0.8832909314636659,1
34.94,0.8623818214128214,1
34.95,0.8497290511570441,1
34.96,0.8163184180088671,1
34.97,0.7903009338092964,1
34.980000000000004,0.7765276021193873,1
34.99,0.7674231650688118,1
35.0,0.0786685230719989,0
35.01,0.0613705217878909,0
35.02,0.0688982565223426,0
35.03,0.0697817514288547,0
35.04,0.0650975479272945,0
35.050000000000004,0.0572586960902127,0
35.06,0.075103848791247,0
35.07,0.0721780275526484,0
35.08,0.0787280467799007,0
35.09,0.0693512113745312,0
35.1,0.0878813683846296,0
35.11,0.0679160892858166,0
35.12,0.0948399831588036,0
35.13,0.0613043987701223,0
35.14,0.0842154181737865,0
35.15,0.0857350897389827,0
35.160000000000004,0.0741647284461609,0
35.17,0.0875305453745859,0
35.18,0.0972752312248654,0
35.19,0.0635327730173148,0
35.2,0.0919771528192859,0
35.21,0.0632939210688601,0
35.22,0.079875447963242,0
35.230000000000004,0.1071581363234497,0
35.24,0.0864123137281505,0
35.25,0.0818846647274612,0
35.26,0.0930674769701742,0
35.27,0.1171797707501061,0
35.28,0.0796686114041311,0
35.29,0.0889883572468346,0
35.300000000000004,0.1160235236861635,0
35.31,0.1212061521028737,0
35.32,0.1032073647198851,0
35.33,0.0934967912710651,0
35.34,0.1285249658349014,0
35.35,0.1252242292539965,0
35.36,0.1178171133583797,0
35.37,0.1046865386536408,0
35.38,0.1141387951333927,0
35.39,0.1148801633244218,0
35.4,0.1216836546515288,0
35.410000000000004,0.1348138038133577,0
35.42,0.1310644578466926,0
35.43,0.1135014678919104,0
35.44,0.1400841851705335,0
35.45,0.1315342044826559,0
35.46,0.1373975100139041,0
35.47,0.1473571829847679,0
35.480000000000004,0.1237825086581933,0
35.49,0.1367888817476617,0
35.5,0.1341243973387762,0
35.51,0.1260958340905565,0
35.52,0.1476214119190129,0
35.53,0.1716948888255824,0
35.54,0.1306494273357509,0
35.550000000000004,0.1512449077896666,0
35.56,0.1605380514542751,0
35.57,0.1579764959306921,0
35.58,0.1582765057848839,0
35.59,0.1491274864906621,0
35.6,0.1672099969280842,0
35.61,0.1601284210836702,0
35.62,0.148663077704014,0
35.63,0.1854276160463483,0
35.64,0.1860389917468145,0
35.65,0.180000111213419,0
35.660000000000004,0.184858442567536,0
35.67,0.196451808251477,0
35.68,0.1911506169647237,0
35.69,0.2012045827410655,0
35.7,0.1925063104062596,0
35.71,0.2119782521279306,0
35.72,0.2055057052803339,0
35.730000000000004,0.2077410711056522,0
35.74,0.1966666484091659,0
35.75,0.2158683898901472,0
35.76,0.2083765451442883,0
35.77,0.2140770804281952,0
35.78,0.2161373841344687,0
35.79,0.2175283021487827,0
35.800000000000004,0.253407026135215,0
35.81,0.2495113933056264,0
35.82,0.2595113149535132,0
35.83,0.2322601768441795,0
35.84,0.2494559021514412,0
35.85,0.2401361821906461,0
35.86,0.2505167886260934,0
35.87,0.2527704593882868,0
35.88,0.2789019777928886,0
35.89,0.2671755697340266,0
35.9,0.286531631868627,0
35.910000000000004,0.2866781679217187,0
35.92,0.3085424930936247,0
35.93,0.2756617014170193,0
35.94,0.3080801726424901,0
35.95,0.3120664151426915,0
35.96,0.2960656206838301,0
35.97,0.3211521776240472,0
35.980000000000004,0.3198085090527579,0
35.99,0.3196239965872396,0
36.0,0.3191972942943191,0
36.01,0.3258703006567022,0
36.02,0.3592717274976182,0
36.03,0.3445807201921006,0
36.04,0.3582841055254292,0
36.05,0.3485318347208067,0
36.06,0.3547099177480228,0
36.07,0.3794859000649824,0
36.08,0.3614182304218954,0
36.09,0.3770997770410011,0
36.1,0.3880222791452168,0
36.11,0.3953173249078524,0
36.12,0.3990251370745481,0
36.13,0.4114779609462561,0
36.14,0.421243372755371,0
36.15,0.4285476058473844,0
36.16,0.4183209977321936,0
36.17,0.4324060110995634,0
36.18,0.4543541052542028,0
36.19,0.4586027065442709,0
36.2,0.4432677958861366,0
36.21,0.4679410609710219,0
36.22,0.4521632547905902,0
36.23,0.4800228520327528,0
36.24,0.5062271087649421,0
36.25,0.4855536825082691,0
36.26,0.4945588168117788,0
36.27,0.5109359017173744,0
36.28,0.4161182974952399,0
36.29,0.399641535527238,0
36.3,0.3777044721155697,0
36.31,0.3389298536092239,0
36.32,0.31945463206158,0
36.33,0.3083589516511288,0
36.34,0.2860211352324014,0
36.35,0.2666839428290421,0
36.36,0.2438021926757736,0
36.37,0.2347912118939655,0
36.38,0.214289428540054,0
36.39,0.204949346998507,0
36.4,0.1805595767282038,0
36.41,0.1691039221067601,0
36.42,0.1466220748803937,0
36.43,0.1419162008379434,0
36.44,0.1200242010764466,0
36.45,0.1029623025436089,0
36.46,0.102740981469586,0
36.47,0.0894421599826554,0
36.48,0.0844917335208943,0
36.49,0.063685026801184,0
36.5,0.0651668319569705,0
36.51,0.061267724813084,0
36.52,0.0563145184403971,0
36.53,0.0410218766318632,0
36.54,0.0493755342722557,0
36.55,0.0512185482461411,0
36.56,0.0483465543703118,0
36.57,0.0290288152612568,0
36.58,0.0442184517372997,0
36.59,0.0599307266148259,0
36.6,0.0286150521479695,0
36.61,0.0201788674984732,0
36.62,0.0266554601492869,0
36.63,0.0220157080400937,0
36.64,0.027150894012715,0
36.65,-0.0006197163263993,0
36.66,0.0163573355850673,0
36.67,0.0123697338993578,0
36.68,0.0027707583871522,0
36.69,0.0055887213405555,0
36.7,0.0107636516639194,0
36.71,0.0076954561507829,0
36.72,-0.013739838286822,0
36.73,0.0048056490203196,0
36.74,-0.0049514027641862,0
36.75,-0.0043231224844754,0
36.76,-0.0049212251681903,0
36.77,-0.0076249257012116,0
36.78,0.0054444453076448,0
36.79,-0.0075525863641199,0
36.8,-0.0180571280080696,0
36.81,-0.0108566469150482,0
36.82,-0.0051166114084724,0
36.83,0.0054755109397332,0
36.84,-0.0006372650743472,0
36.85,-0.0149706134338494,0
36.86,0.0186377419697048,0
36.87,-0.0032729657073262,0
36.88,0.0071636546086699,0
36.89,-0.006744739180514,0
36.9,0.0004964439555822,0
36.91,0.0039717682041604,0
36.92,0.0081934083453013,0
36.93,0.0070363681393011,0
36.94,0.0056497323878752,0
36.95,-0.0057468811574813,0
36.96,-0.0078285514872101,0
36.97,0.0017063992875358,0
36.98,0.0082075249421127,0
36.99,-0.0028523233386784,0
37.0,0.0105263583367924,0
37.01,0.0149002436626375,0
37.02,-0.0082912934938373,0
37.03,-0.0070021877298636,0
37.04,0.0004546271676657,0
37.05,0.0054212249423843,0
37.06,-0.0024192711500512,0
37.07,0.0168236198794335,0
37.08,0.0080107536281148,0
37.09,0.0046258303839461,0
37.1,-0.0096741184296294,0
37.11,-0.0080275958219169,0
37.12,0.0083778972303829,0
37.13,-0.0153295100640055,0
37.14,0.0165426545761553,0
37.15,0.0052456069328403,0
37.16,0.0396598493203464,0
37.17,0.0307006829977609,0
37.18,0.0061904058574906,0
37.19,0.0073156555541302,0
37.2,0.0186997288397652,0
37.21,0.026131315424133,0
37.22,-0.0069341879275031,0
37.23,-0.0080802320608573,0
37.24,0.0038915868881142,0
37.25,0.0162588143102127,0
37.26,0.0157108823917811,0
37.27,0.0217418967323542,0
37.28,-0.0006592960422419,0
37.29,-0.0115386611275079,0
37.3,0.0204797692527853,0
37.31,0.0038864186179344,0
37.32,-0.0077556801329522,0
37.33,0.0141328795625079,0
37.34,0.0208594344402835,0
37.35,0.0119451012341429,0
37.36,0.0088179129992237,0
37.37,0.012026399249225,0
37.38,0.0101308901444317,0
37.39,0.0005661840499779,0
37.4,0.0071031984284741,0
37.41,0.0196597360715025,0
37.42,0.0178544046490894,0
37.43,0.0165028164385664,0
37.44,0.0050494135472852,0
37.45,0.0133587918097998,0
37.46,-0.0064294970350824,0
37.47,0.0172878126055655,0
37.48,0.0299482341385512,0
37.49,0.0010698175992358,0
37.5,0.0100983655564055,0
37.51,0.0193903808473338,0
37.52,0.0287647227973045,0
37.53,0.0118864866236118,0
37.54,0.0095742555399709,0
37.55,-0.0030687205848841,0
37.56,0.0177745007670709,0
37.57,0.0372764726685569,0
37.58,0.0197410008946612,0
37.59,0.0168525629355892,0
37.6,0.0204004635504626,0
37.61,0.0171694741616847,0
37.62,0.0092475843381303,0
37.63,0.0257045498239866,0
37.64,0.0198201851255747,0
37.65,0.0178264204808394,0
37.66,0.0079813462827671,0
37.67,0.0308519028249336,0
37.68,0.0245428606863323,0
37.69,0.0124429199967943,0
37.7,0.0280640470668083,0
37.71,0.0131412221475919,0
37.72,0.0103655742099615,0
37.73,0.0106548833258227,0
37.74,0.0006052419263931,0
37.75,0.0230931474290922,0
37.76,0.0001259291987061,0
37.77,0.0062105241178638,0
37.78,-0.0022053328009178,0
37.79,0.017743502286872,0
37.8,0.0171527801712122,0
37.81,0.015439003836083,0
37.82,0.0083284287634817,0
37.83,0.0070784246281795,0
37.84,0.0234893919152291,0
37.85,0.0133835355706483,0
37.86,0.0220944836133892,0
37.87,0.010118794444256,0
37.88,0.0208208765083614,0
37.89,0.032080631569434,0
37.9,0.0249457931597217,0
37.91,0.0149950089381371,0
37.92,0.0217249194583905,0
37.93,0.0167788753129052,0
37.94,0.0192957793067793,0
37.95,0.0159912138851393,0
37.96,0.0176332502854015,0
37.97,0.0214257846920517,0
37.98,0.009398518615012,0
37.99,0.0091996119044027,0
38.0,0.0054983424968896,0
38.01,0.0034055313717005,0
38.02,0.0072590264393475,0
38.03,0.0210492571254065,0
38.04,0.0105487319916469,0
38.05,0.0246339512845597,0
38.06,0.0198653950706915,0
38.07,-0.0001470561364401,0
38.08,0.0261067740447273,0
38.09,0.0276833638916677,0
38.1,0.0096544600389596,0
38.11,0.023812086513588,0
38.12,0.0110616677466013,0
38.13,0.0206192499541567,0
38.14,0.007012895927445,0
38.15,0.00174160648375,0
38.16,0.0158587661382325,0
38.17,0.0184634105348424,0
38.18,0.0157371769412175,0
38.19,0.0078864720838658,0
38.2,0.0157401361375595,0
38.21,0.0224439861047945,0
38.22,0.0193135976954089,0
38.23,0.0215986195181374,0
38.24,0.0130831449291247,0
38.25,0.0315117843993512,0
38.26,0.0080428143077443,0
38.27,0.0246897398194965,0
38.28,0.0316422960591399,0
38.29,0.0246413854768137,0
38.3,0.017815664780843,0
38.31,0.0145662330679015,0
38.32,0.0302180810023357,0
38.33,0.0056351712603195,0
38.34,0.0101711191105893,0
38.35,0.0159039602550516,0
38.36,0.032262996561151,0
38.37,0.0236908091101732,0
38.38,0.0102191107853267,0
38.39,0.0168026976721523,0
38.4,0.0137685276813399,0
38.41,0.0128196399485586,0
38.42,0.0297119897065048,0
38.43,0.0062110293957067,0
38.44,0.0360214424403905,0
38.45,0.0282209197242783,0
38.46,0.0308520489676268,0
38.47,0.0153186754576221,0
38.48,0.0184531350554202,0
38.49,0.0056253361227277,0
38.5,0.014714385898121,0
38.51,0.024901566092418,0
38.52,0.0329295117951282,0
38.53,0.008901037532233,0
38.54,0.0163211365059082,0
38.55,0.0184666651245257,0
38.56,0.0060251024846485,0
38.57,0.0258997034090229,0
38.58,0.0127494080038701,0
38.59,0.0180383963305896,0
38.6,0.0154756867228224,0
38.61,0.0121045711628377,0
38.62,0.0199301825532134,0
38.63,0.017847115294324,0
38.64,0.0162871175885782,0
38.65,0.0127234751147809,0
38.66,0.0232056460616053,0
38.67,0.0365487958244138,0
38.68,0.0214136381571334,0
38.69,0.0299780124539595,0
38.7,0.0061166002020578,0
38.71,0.0215983499975388,0
38.72,0.00904889899553,0
38.73,0.0052551115825203,0
38.74,0.0126323599297248,0
38.75,0.0319467181497401,0
38.76,0.0295294720592106,0
38.77,0.0224608917306086,0
38.78,0.0047053130602141,0
38.79,0.018070931758805,0
38.8,0.0230521049825531,0
38.81,0.0217917826898171,0
38.82,0.0015997519747724,0
38.83,0.0111357286455759,0
38.84,0.0193993031702621,0
38.85,0.0254041203761712,0
38.86,-0.0019189798678808,0
38.87,0.0184221053501916,0
38.88,0.0214748396314451,0
38.89,0.0285414403889805,0
38.9,0.0269748286669488,0
38.91,0.0258728621248734,0
38.92,0.0120486059173102,0
38.93,0.0009688182608207,0
38.94,0.0161191091049979,0
38.95,0.0300667210049461,0
38.96,0.0339856843781775,0
38.97,0.0271573384940305,0
38.98,0.0243459356829648,0
38.99,0.0238495773781095,0
39.0,0.0144926209753226,0
39.01,0.0187538087954519,0
39.02,0.0367456862516199,0
39.03,0.0106299662291729,0
39.04,0.0362038678719942,0
39.05,0.0168363104010492,0
39.06,0.0333114045679802,0
39.07,0.0059894041700766,0
39.08,0.0259170481858342,0
39.09,0.0126907381010436,0
39.1,0.0059061826155756,0
39.11,0.022244592843975,0
39.12,0.0301543520125285,0
39.13,0.0116105843665194,0
39.14,0.0050701887359503,0
39.15,0.0191422353251983,0
39.16,0.0191866489343858,0
39.17,0.0255445040821632,0
39.18,0.0295575455342067,0
39.19,0.0194677270953715,0
39.2,0.0386171787237527,0
39.21,0.0223047470068966,0
39.22,0.0165983769588836,0
39.23,0.0039471996955495,0
39.24,0.0174364976087941,0
39.25,0.0166994334136152,0
39.26,0.0296665499296895,0
39.27,0.0246885283667232,0
39.28,0.0082701808948116,0
39.29,0.0217865874065337,0
39.3,0.0267795173409888,0
39.31,0.035344673404764,0
39.32,0.028939545045146,0
39.33,0.0276731094822193,0
39.34,0.0206656325126771,0
39.35,0.0239480151974008,0
39.36,0.0325600602955439,0
39.37,0.0067373455095231,0
39.38,0.0165708280716459,0
39.39,0.0123396294862089,0
39.4,0.0238569372915605,0
39.41,0.0323677112501449,0
39.42,0.0140958240242264,0
39.43,-0.0038374042825836,0
39.44,0.0159434985359934,0
39.45,0.0292005050285413,0
39.46,0.0254421231110131,0
39.47,0.0243477386457497,0
39.48,0.0172659908337146,0
39.49,0.0072756590214711,0
39.5,0.0252189483122829,0
39.51,0.011723221002403,0
39.52,0.0419070363794331,0
39.53,0.0257711677936306,0
39.54,0.0142596347845936,0
39.55,0.0139522846861258,0
39.56,0.0191367106358199,0
39.57,0.0176711460279154,0
39.58,0.0312345115465178,0
39.59,0.0219303411745838,0
39.6,0.0127498638123377,0
39.61,0.0389705878868128,0
39.62,0.0205592609874751,0
39.63,0.0277545686465238,0
39.64,0.0139838980205829,0
39.65,0.0236973087162447,0
39.66,0.0231772383791404,0
39.67,0.0011696291981484,0
39.68,0.0402188547306152,0
39.69,0.0329725280680359,0
39.7,0.0160941075589579,0
39.71,0.0090433389101712,0
39.72,0.0235416258772502,0
39.73,0.0209329580097132,0
39.74,0.0236226402635184,0
39.75,0.0219816924894965,0
39.76,0.0251282942082224,0
39.77,0.0345389058116496,0
39.78,0.0257468437967217,0
39.79,0.0095692182069067,0
39.8,0.0336913614358565,0
39.81,0.0364718374217367,0
39.82,0.0515862160709722,0
39.83,0.0088306643053366,0
39.84,0.0224943786281791,0
39.85,-0.0007554749447468,0
39.86,0.025596955009645,0
39.87,0.014583411315401,0
39.88,0.0392998217656758,0
39.89,0.0123191628826767,0
39.9,0.0031734290825051,0
39.91,0.015352568221945,0
39.92,0.0003102734528493,0
39.93,0.0275760900613708,0
39.94,-0.0005857910276937,0
39.95,0.0203495573729189,0
39.96,-0.0007131946547435,0
39.97,0.0168618861687986,0
39.98,0.0364985865869709,0
39.99,0.023671223670049,0
