time_s,pitch_deg,pitch_rate_rad_s,elevator_cmd,altitude_ft
0.0,5.511710495795965e-06,0.026886923071276693,1.0,5000.000005662441
0.01,0.015416093466782181,0.05269204724849108,0.3545318829327641,4999.999704904854
0.02,0.045611921485477276,-0.035350925629945754,0.3087513555197432,4999.9993729144335
0.03,0.025362855639519417,-0.04530089274810963,0.46270088981025126,5000.005052834749
0.04,-0.0005870967945476448,-0.049329236840501015,0.4828796631886645,5000.006112873554
0.05,-0.028845085640235472,-0.07003518971071579,0.4930701805483093,5000.009404763579
0.06,-0.06896665041477694,-0.09134348704093914,0.5328844268469146,5000.013706967235
0.07,-0.12129688206530727,-0.11203638379929404,0.574721105383338,5000.018252972513
0.08,-0.18548315235691185,-0.13537917569317234,0.6164612195603604,5000.023349016905
0.09,-0.2630437017421356,-0.16134281652491037,0.663841509532384,5000.02904715389
0.1,-0.3554801220216542,-0.18965864190338474,0.7169351318620358,5000.035241927952
0.11,-0.46414006543634184,-0.22070580181775307,0.7753913247538053,5000.041887909174
0.12,-0.5905884132016093,-0.25483804905103646,0.8399905233094045,5000.048947650939
0.13,-0.7365927227349401,-0.2923376633423673,0.9114860719208093,5000.056360796094
0.14,-0.9040822753384112,-0.33354453415752966,0.9905217817945755,5000.064057342708
0.15,-1.0951810821517831,-0.37883071540588825,1.0,5000.071959923953
0.16,-1.3122263100841727,-0.42860899641800343,1.0,5000.079980045557
0.17,-1.55779161831187,-0.4747291322407511,1.0,5000.088017139584
0.18,-1.8297809645282785,-0.5162410114091883,1.0,5000.095491554588
0.19,-2.125553951530494,-0.553315424745411,1.0,5000.10222196579
0.2,-2.4425680523739546,-0.5861112410353204,1.0,5000.107870545238
0.21,-2.7783717801281123,-0.6148299536223939,1.0,5000.112098284066
0.22,-3.1306291115806024,-0.6396823302767234,1.0,5000.114564590156
0.23,-3.497124801554215,-0.660862887297559,1.0,5000.114925600588
0.24,-3.8757550706982085,-0.6785754653986867,1.0,5000.112836491317
0.25,-4.264532947638259,-0.6930428408936621,1.0,5000.107953641564
0.26,-4.661599118106443,-0.7044761436248869,1.0,5000.099936559796
0.27,-5.065215250533656,-0.7130644198133254,1.0,5000.0884495824575
0.28,-5.473751340875366,-0.7190270506250815,1.0,5000.073163490742
0.29,-5.885703093008431,-0.7225796257973571,1.0,5000.053756777197
0.3,-6.299689744818036,-0.7239612125912123,1.0,5000.029916934669
0.31,-6.714467515940732,-0.7231323285260797,1.0,5000.001673523337
0.32,-7.128770001791852,-0.7199694071520008,1.0,4999.96927042678
0.33,-7.541260000948201,-0.7146117829105738,1.0,4999.932518094778
0.34,-7.950680140820651,-0.7072029545458023,1.0,4999.891466535628
0.35000000000000003,-8.355855262557991,-0.6978874622196046,1.0,4999.846122797579
0.36,-8.755693016929206,-0.68681026319978,1.0,4999.796496074647
0.37,-9.149184102711155,-0.674116149852626,1.0,4999.742597017437
0.38,-9.53540217179917,-0.6599491929595552,1.0,4999.684437632561
0.39,-9.913503415529407,-0.6444522104034498,1.0,4999.622031126171
0.4,-10.28272584672815,-0.6277662615260061,1.0,4999.555391836911
0.41000000000000003,-10.642388292175566,-0.6100301675915442,1.0,4999.4845350869
0.42,-10.991889110421976,-0.5913800588933082,1.0,4999.409477040172
0.43,-11.330704650202511,-0.5719489491056364,1.0,4999.330234661698
0.44,-11.658387465043146,-0.551866337520013,1.0,4999.246825531125
0.45,-11.97456430001807,-0.5312578398060306,1.0,4999.159267794341
0.46,-12.278933866987261,-0.5102448479121187,1.0,4999.067580021918
0.47000000000000003,-12.571264424996727,-0.48894421966729745,1.0,4998.9717811234295
0.48,-12.85139118284788,-0.4674679985675541,1.0,4998.871890246868
0.49,-13.119213541120283,-0.44592316413136857,1.0,4998.7679266780615
0.5,-13.37469219115468,-0.4244114130918999,1.0,4998.659909792244
0.51,-13.617846088657576,-0.40302897156166434,1.0,4998.547858901322
0.52,-13.848749319668157,-0.38186643816238447,1.0,4998.431793238968
0.53,-14.067527876624935,-0.36100865796174536,1.0,4998.3117318451405
0.54,-14.274356362180583,-0.34053462690263503,1.0,4998.187693510205
0.55,-14.469454638233671,-0.3205174262526773,1.0,4998.0596967116
0.56,-14.653084437376641,-0.3010241864448478,1.0,4997.927759561688
0.5700000000000001,-14.825545953599567,-0.2821160795264922,1.0,4997.7918997220695
0.58,-14.987174428641113,-0.26384833928636314,1.0,4997.6521343924105
0.59,-15.138336749845712,-0.246270307989542,1.0,4997.508480224758
0.6,-15.279428074773161,-0.22942550851986082,1.0,4997.360953327268
0.61,-15.410868497119186,-0.2133517406105441,1.0,4997.209569178522
0.62,-15.533099767749935,-0.19808119973712218,1.0,4997.054342649877
0.63,-15.64658208383624,-0.18364061715361238,1.0,4996.89528791979
0.64,-15.75179095820357,-0.17005141947383412,1.0,4996.732418525964
0.65,-15.849214180097325,-0.15732990613546247,1.0,4996.565747261047
0.66,-15.93934887761146,-0.14548744303480032,1.0,4996.395286235958
0.67,-16.022698691046436,-0.1345306705858496,1.0,4996.221046820283
0.68,-16.09977106546261,-0.12446172443737888,1.0,4996.043039672077
0.6900000000000001,-16.17107466968283,-0.11527846707646332,1.0,4995.8612746968865
0.7000000000000001,-16.237116947982667,-0.10697472855554165,1.0,4995.675761088729
0.71,-16.298401809696852,-0.09954055460200184,1.0,4995.486507315189
0.72,-16.355427460972866,-0.09296246040366683,1.0,4995.293521128595
0.73,-16.408684381924495,-0.08722368840957599,1.0,4995.096809573472
0.74,-16.458653451487088,-0.08230446854204346,1.0,4994.896379008889
0.75,-16.50580422135667,-0.07818227928208922,1.0,4994.69223511219
0.76,-16.550593339514393,-0.074832108164849,1.0,4994.484382919967
0.77,-16.593463122998727,-0.07222671030331845,1.0,4994.272826813161
0.78,-16.634840278796975,-0.07033686364657359,1.0,4994.057570591569
0.79,-16.67513477098534,-0.0691316197712827,1.0,4993.838617429137
0.8,-16.7147388315594,-0.06857854910167034,1.0,4993.615969963372
0.81,-16.75402611176329,-0.06864397955203756,1.0,4993.389630291611
0.8200000000000001,-16.793350970149774,-0.06929322768631542,1.0,4993.159599989653
0.8300000000000001,-16.833047893084416,-0.07049082158997591,1.0,4992.925880175084
0.84,-16.87343104294607,-0.07220071474991152,1.0,4992.688471484929
0.85,-16.914793928872253,-0.07438649033677838,1.0,4992.447374161333
0.86,-16.95740919455103,-0.0770115553809362,1.0,4992.202588036656
0.87,-17.001528517269314,-0.08003932442682124,1.0,4991.95411260426
0.88,-17.047382612189875,-0.08343339234069774,1.0,4991.701946992427
0.89,-17.09518133564272,-0.0871576960327458,1.0,4991.446090061218
0.9,-17.145113881079645,-0.0911766649358673,1.0,4991.186540365219
0.91,-17.19734906125042,-0.0954553601601419,1.0,4990.923296250403
0.92,-17.25203567011264,-0.09995960231318608,1.0,4990.656355805695
0.93,-17.30930291798121,-0.10465608804267267,1.0,4990.385716982186
0.9400000000000001,-17.369260933456328,-0.10951249541773989,1.0,4990.111377518624
0.9500000000000001,-17.43200132573488,-0.11449757832104845,1.0,4989.833335075527
0.96,-17.497597801009267,-0.11958125007270341,1.0,4989.551587153226
0.97,-17.56610682678354,-0.12473465655141126,1.0,4989.2661312147975
0.98,-17.637568338089604,-0.12993023911702883,1.0,4988.976964615285
0.99,-17.712006479759808,-0.13514178767245325,1.0,4988.684084706008
1.0,-17.789430379106,-0.14034448423162496,1.0,4988.387488819659
1.01,-17.86983494356559,-0.1455149373846822,1.0,4988.087174281478
1.02,-17.953201678098548,-0.15063120807114577,1.0,4987.783138450235
1.03,-18.039499517355146,-0.15567282708776892,1.0,4987.475378707051
1.04,-18.128685667878543,-0.16062080476965543,1.0,4987.163892507553
1.05,-18.22070645585743,-0.16545763329167187,1.0,4986.848677385598
1.06,-18.315498176200258,-0.17016728204241832,1.0,4986.52973093465
1.07,-18.412987938961663,-0.17473518652531553,1.0,4986.207050871104
1.08,-18.513094509411975,-0.17914823124099877,1.0,4985.880635026842
1.09,-18.61572913830107,-0.18339472700251291,1.0,4985.550481334329
1.1,-18.720796379126593,-0.18746438312996583,1.0,4985.216587878764
1.11,-18.82819488947218,-0.19134827496460002,1.0,4984.878952875733
1.12,-18.937818213733603,-0.19503880713394445,1.0,4984.537574674934
1.1300000000000001,-19.04955554479833,-0.19852967298997026,1.0,4984.192451812327
1.1400000000000001,-19.163292462485128,-0.2018158106312331,1.0,4983.843582954258
1.1500000000000001,-19.278911646786298,-0.20489335590803823,1.0,4983.490966938436
1.16,-19.39629356418378,-0.20775959279681652,1.0,4983.13460277766
1.17,-19.51531712553128,-0.21041290151637723,1.0,4982.774489630014
1.18,-19.63586031420855,-0.21285270474459186,1.0,4982.4106268547475
1.19,-19.75780078345895,-0.21507941227948854,1.0,4982.043013948947
1.2,-19.88101642201898,-0.21709436447383812,1.0,4981.671650595963
1.21,-20.005385887336594,-0.21889977475713177,1.0,4981.2965366356075
1.22,-20.130789105855445,-0.22049867154352112,1.0,4980.9176721051335
1.23,-20.257107740012685,-0.22189483980884617,1.0,4980.535057164729
1.24,-20.384225621760866,-0.2230927626044103,1.0,4980.148692160845
1.25,-20.512029152577302,-0.22409756275969026,1.0,4979.758577581495
1.26,-20.64040767006915,-0.2249149450107805,1.0,4979.364714086056
1.27,-20.76925378141771,-0.22555113877607622,1.0,4978.967102468014
1.28,-20.89846366403312,-0.2260128417855459,1.0,4978.5657436698675
1.29,-21.027937333907865,-0.22630716475495993,1.0,4978.160638768226
1.3,-21.15757888226818,-0.2264415772816556,1.0,4977.751788970083
1.31,-21.287296681222898,-0.22642385512385158,1.0,4977.339195616543
1.32,-21.417003559202488,-0.22626202901120376,1.0,4976.922860164195
1.33,-21.546616947065672,-0.22596433512023484,1.0,4976.502784177661
1.34,-21.676058995827166,-0.22553916733449444,1.0,4976.078969344497
1.35,-21.80525666702972,-0.2249950313958314,1.0,4975.651417434216
1.36,-21.934141796843296,-0.2243405010399989,1.0,4975.220130320638
1.37,-22.062651135028823,-0.22358417619699772,1.0,4974.7851099558175
1.3800000000000001,-22.19072635994958,-0.22273464332408532,1.0,4974.3463583774865
1.3900000000000001,-22.31831407085191,-0.22180043792727977,1.0,4973.90387770161
1.4000000000000001,-22.44536575866936,-0.22079000931546924,1.0,4973.457670088857
1.41,-22.57183775662988,-0.2197116876199184,1.0,4973.0077377818525
1.42,-22.697691171963378,-0.2185736531010656,1.0,4972.554083067924
1.43,-22.822891800021274,-0.21738390775402816,1.0,4972.096708264202
1.44,-22.947410022124203,-0.21615024921421408,1.0,4971.635615751147
1.45,-23.071220688456712,-0.2148802469548752,1.0,4971.170807942748
1.46,-23.194302987321688,-0.21358122075934005,1.0,4970.702287245542
1.47,-23.31664030205828,-0.2122602214420645,1.0,4970.230056121945
1.48,-23.438220056911778,-0.21092401378453543,1.0,4969.754117041826
1.49,-23.55903355312471,-0.20957906164444742,1.0,4969.2744724825025
1.5,-23.679075796494374,-0.20823151518949887,1.0,4968.791124928743
1.51,-23.798345317614416,-0.20688720020058463,1.0,4968.304076865315
1.52,-23.916843985986237,-0.20555160938312386,1.0,4967.813330758363
1.53,-24.034576819150736,-0.2042298956197538,1.0,4967.318889077753
1.54,-24.15155178795333,-0.2029268670926476,1.0,4966.820754297078
1.55,-24.267779619013037,-0.20164698419926266,1.0,4966.318928852677
1.56,-24.383273595423745,-0.2003943581814097,1.0,4965.81341515854
1.57,-24.498049356669313,-0.19917275138414275,1.0,4965.304215606302
1.58,-24.61212469868627,-0.19798557905808573,1.0,4964.7913325838745
1.59,-24.725519374959006,-0.19683591261644373,1.0,4964.2747684158385
1.6,-24.83825489948031,-0.19572648425606956,1.0,4963.754525426775
1.61,-24.950354352359867,-0.19465969285057746,1.0,4963.230605877936
1.62,-25.061842188808537,-0.19363761102255939,1.0,4962.703012026846
1.6300000000000001,-25.17274405217511,-0.19266199330151196,1.0,4962.171746075153
1.6400000000000001,-25.283086591656915,-0.1917342852740373,1.0,4961.6368101798
1.6500000000000001,-25.39289728525323,-0.19085563363327968,1.0,4961.098206479102
1.6600000000000001,-25.50220426847685,-0.1900268970353402,1.0,4960.555937051773
1.67,-25.611036169285807,-0.18924865767156573,1.0,4960.010003950447
1.68,-25.719421949646076,-0.18852123346713137,1.0,4959.460409164429
1.69,-25.827390754083577,-0.1878446908181631,1.0,4958.907154675573
1.7,-25.934971765534257,-0.18721885778180464,1.0,4958.350242394954
1.71,-26.042194068752067,-0.18664333763604607,1.0,4957.7896742112935
1.72,-26.149086521486165,-0.1861175227288239,1.0,4957.225451942533
1.73,-26.25567763359362,-0.18564060853880285,1.0,4956.657577414066
1.74,-26.361995454208614,-0.1852116078733745,1.0,4956.086052373052
1.75,-26.468067467046744,-0.18482936513269174,1.0,4955.51087853685
1.76,-26.57392049388251,-0.184492570572023,1.0,4954.9320575892925
1.77,-26.67958060619876,-0.18419977449827904,1.0,4954.349591176957
1.78,-26.785073044970478,-0.18394940134026064,1.0,4953.763480909169
1.79,-26.890422148510606,-0.18373976353594487,1.0,4953.173728354275
1.8,-26.995651288272914,-0.18356907518396243,1.0,4952.580335069448
1.81,-27.10078281247696,-0.18343546541029285,1.0,4951.983302548528
1.82,-27.20583799739195,-0.18333699140509388,1.0,4951.382632277906
1.83,-27.3108370060902,-0.1832716510884801,1.0,4950.77832570672
1.84,-27.41579885445813,-0.18323739536793304,1.0,4950.170384261757
1.85,-27.52074138423022,-0.18323213995386697,1.0,4949.55880934
1.86,-27.625681242793256,-0.1832537767036583,1.0,4948.943602327257
1.87,-27.730633869490354,-0.18330018446816362,1.0,4948.324764560908
1.8800000000000001,-27.83561348813978,-0.18336923941838829,1.0,4947.702297382057
1.8900000000000001,-27.940633105471022,-0.18345882483350906,1.0,4947.076202113181
1.9000000000000001,-28.04570451516881,-0.18356684033488896,1.0,4946.446480043232
1.9100000000000001,-28.150838307208492,-0.1836912105540454,1.0,4945.813132464886
1.92,-28.256043882157815,-0.1838298932257262,1.0,4945.176160637289
1.93,-28.361329470115976,-0.18398088670030993,1.0,4944.535565812141
1.94,-28.46670215395736,-0.18414223687267137,1.0,4943.891349263489
1.95,-28.572167896545317,-0.18431204352742686,1.0,4943.243512216955
1.96,-28.67773157158201,-0.1844884661031026,1.0,4942.592055894434
1.97,-28.783396997761105,-0.18466972888024372,1.0,4941.936981540173
1.98,-28.88916697589337,-0.18485412560079217,1.0,4941.278290364891
1.99,-28.99504332867933,-0.18504002352822282,1.0,4940.615983594209
2.0,-29.10102694280874,-0.18522586695992715,1.0,4939.950062453747
2.0100000000000002,-29.207117813072706,-0.185410180205166,1.0,4939.280528146774
2.02,-29.313315088182843,-0.18559157004359766,1.0,4938.6073818951845
2.0300000000000002,-29.41961711799909,-0.18576872768090782,1.0,4937.930624932051
2.04,-29.52602150187894,-0.1859404302194317,1.0,4937.250258475542
2.05,-29.632525137869678,-0.18610554166287394,1.0,4936.566283740103
2.06,-29.73912427247688,-0.18626301347529467,1.0,4935.878701984882
2.07,-29.845814550753666,-0.1864118847154446,1.0,4935.187514431775
2.08,-29.95259106646788,-0.18655128176830477,1.0,4934.492722332478
2.09,-30.059448412115938,-0.18668041769632812,1.0,4933.794326946139
2.1,-30.166380728565645,-0.18679859123337528,1.0,4933.092329520732
2.11,-30.273381754123584,-0.18690518544471454,1.0,4932.386731330305
2.12,-30.380444872835316,-0.1869996660767106,1.0,4931.677533667535
2.13,-30.48756316184092,-0.18708157961995311,1.0,4930.964737799019
2.14,-30.594729437621744,-0.18715055110960707,1.0,4930.248345039785
2.15,-30.70193630098768,-0.18720628168668088,1.0,4929.52835669741
2.16,-30.809176180667894,-0.18724854594372195,1.0,4928.804774086922
2.17,-30.916441375382146,-0.18727718907818192,1.0,4928.07759853825
2.18,-31.023724094281587,-0.18729212387632432,1.0,4927.3468313887715
2.19,-31.13101649566286,-0.18729332755010447,1.0,4926.612474001944
2.2,-31.238310723870626,-0.1872808384489356,1.0,4925.874527726322
2.21,-31.34559894431726,-0.18725475266766248,1.0,4925.132993955165
2.22,-31.452873376560067,-0.18721512742629426,1.0,4924.3878740519285
2.23,-31.56012627205924,-0.18716196997049964,1.0,4923.639169435948
2.24,-31.66734988558221,-0.1870955748638545,1.0,4922.8868815377355
2.25,-31.774536639722406,-0.18701628407931187,1.0,4922.131011776626
2.2600000000000002,-31.881679152058222,-0.18692447771821794,1.0,4921.371561598033
2.27,-31.988770256995824,-0.18682057023060777,1.0,4920.608532443643
2.2800000000000002,-32.09580302544716,-0.18670500670130777,1.0,4919.841925766319
2.29,-32.20277078238174,-0.18657825919219492,1.0,4919.071743026376
2.3000000000000003,-32.30966712228325,-0.18644082315406946,1.0,4918.2979856953025
2.31,-32.41648592255178,-0.18629321392071158,1.0,4917.520655252039
2.32,-32.523221354898276,-0.18613596329667798,1.0,4916.739753182977
2.33,-32.62986789478507,-0.1859696162493779,1.0,4915.955280970782
2.34,-32.73642032897195,-0.18579472771496502,1.0,4915.167240127921
2.35,-32.842873761233584,-0.1856118595265767,1.0,4914.375632133335
2.36,-32.949223616317624,-0.18542157747246973,1.0,4913.580458510667
2.37,-33.05546564221835,-0.1852244484906349,1.0,4912.781720764935
2.38,-33.16159591084381,-0.18502103800551606,1.0,4911.9794204086065
2.39,-33.26761081715823,-0.18481190741154419,1.0,4911.173558972776
2.4,-33.37350707688303,-0.184597611707289,1.0,4910.364137969911
2.41,-33.479281722843595,-0.1843786566343394,1.0,4909.551158931106
2.42,-33.58493207677723,-0.18415529028882213,1.0,4908.7346233949065
2.43,-33.69045560183836,-0.18392801837178627,1.0,4907.914532933384
2.44,-33.79585005009106,-0.1836973410925285,1.0,4907.090889085084
2.45,-33.90111345937647,-0.18346374532676793,1.0,4906.263693407178
2.46,-34.00624414568728,-0.18322770307157213,1.0,4905.432947471738
2.47,-34.111240694658115,-0.18298967007679195,1.0,4904.59865283221
2.48,-34.21610195227196,-0.18275008462297992,1.0,4903.760811068118
2.49,-34.32082701486728,-0.1825093664436459,1.0,4902.919423736632
2.5,-34.42541521852764,-0.18226791578930027,1.0,4902.074492409825
2.5100000000000002,-34.529866127935996,-0.18202611263023022,1.0,4901.226018667221
2.52,-34.634179524772186,-0.18178431599447611,1.0,4900.374004073441
2.5300000000000002,-34.73835539573176,-0.18154286343704615,1.0,4899.518450204283
2.54,-34.84239392024063,-0.1813020706360128,1.0,4898.659358646721
2.5500000000000003,-34.946295457939016,-0.18106223111078026,1.0,4897.796730957925
2.56,-35.050060536003805,-0.18082361605749547,1.0,4896.930568732321
2.57,-35.153689836377,-0.18058647429630245,1.0,4896.060873530805
2.58,-35.25718418296402,-0.18035103232489494,1.0,4895.1876469403505
2.59,-35.36054452886284,-0.18011749447262515,1.0,4894.31089053303
2.6,-35.46377194368131,-0.17988604314925719,1.0,4893.430605895817
2.61,-35.566867600997384,-0.17965683918232478,1.0,4892.5467945709825
2.62,-35.66983276601223,-0.17943002223695237,1.0,4891.659458167851
2.63,-35.77266878344433,-0.17920571131194069,1.0,4890.768598243594
2.64,-35.87537706570716,-0.1789840053058733,1.0,4889.874216377735
2.65,-35.9779590814117,-0.1787649836470127,1.0,4888.976314134896
2.66,-36.080416344229356,-0.1785487069807649,1.0,4888.074893090874
2.67,-36.18275040214885,-0.1783352179085544,1.0,4887.169954821467
2.68,-36.28496282715605,-0.17812454177202244,1.0,4886.261500891298
2.69,-36.387055205363346,-0.17791668747656722,1.0,4885.349532857537
2.7,-36.489029127609996,-0.1777116483483653,1.0,4884.434052307159
2.71,-36.590886180554065,-0.17750940301916082,1.0,4883.515060793608
2.72,-36.69262793827048,-0.17730991633326737,1.0,4882.592559881508
2.73,-36.79425595436871,-0.17711314027141475,1.0,4881.666551139206
2.74,-36.89577175463963,-0.17691901488626136,1.0,4880.737036127597
2.75,-36.99717683023786,-0.17672746924460658,1.0,4879.8040164113045
2.7600000000000002,-37.09847263140388,-0.17653842237156087,1.0,4878.8674935512245
2.77,-37.19966056172665,-0.17635178419215872,1.0,4877.927469100803
2.7800000000000002,-37.30074197294562,-0.17616745646614754,1.0,4876.983944628388
2.79,-37.40171816028784,-0.17598533371192943,1.0,4876.036921694875
2.8000000000000003,-37.50259035833433,-0.17580530411588985,1.0,4875.086401857436
2.81,-37.60335973740698,-0.17562725042361005,1.0,4874.132386658341
2.82,-37.70402740046595,-0.17545105080971637,1.0,4873.174877677113
2.83,-37.804594380504994,-0.1752765797233913,1.0,4872.213876448572
2.84,-37.90506163843108,-0.1751037087068277,1.0,4871.24938455224
2.85,-38.00543006141254,-0.1749323071841843,1.0,4870.281403534114
2.86,-38.10570046167906,-0.17476224321884695,1.0,4869.309934951365
2.87,-38.20587357575533,-0.17459338423707665,1.0,4868.334980353713
2.88,-38.305950064108856,-0.17442559771636496,1.0,4867.356541313231
2.89,-38.40593051119223,-0.17425875183707926,1.0,4866.37461937964
2.9,-38.50581542585821,-0.17409271609621663,1.0,4865.389216095209
2.91,-38.60560524212648,-0.17392736188232977,1.0,4864.400333046913
2.92,-38.70530032027953,-0.17376256301091184,1.0,4863.407971769571
2.93,-38.80490094826497,-0.17359819621975012,1.0,4862.412133831531
2.94,-38.904407343381955,-0.17343414162397802,1.0,4861.412820782512
2.95,-39.00381965422743,-0.17327028313074724,1.0,4860.410034187138
2.96,-39.10313796288058,-0.17310650881364567,1.0,4859.403775613755
2.97,-39.20236228730121,-0.17294271124716284,1.0,4858.394046612084
2.98,-39.301492583919824,-0.17277878780168232,1.0,4857.380848746747
2.99,-39.40052875039677,-0.17261464089964118,1.0,4856.364183586091
3.0,-39.49947062852778,-0.1724501782336444,1.0,4855.344052691013
3.0100000000000002,-39.59831800727482,-0.17228531294746557,1.0,4854.320457622409
3.02,-39.69707062590028,-0.1721199637809934,1.0,4853.293399952352
3.0300000000000002,-39.795728177184465,-0.17195405518029663,1.0,4852.262881249189
3.04,-39.89429031070616,-0.17178751737408976,1.0,4851.228903081268
3.0500000000000003,-39.99275663616684,-0.1716202864179743,1.0,4850.191467009485
3.06,-40.09112672674048,-0.17145230420791296,1.0,4849.150574613363
3.0700000000000003,-40.18940012243119,-0.17128351846446804,1.0,4848.106227457523
3.08,-40.287576333421754,-0.17111388268939423,1.0,4847.0584271252155
3.09,-40.38565484339756,-0.17094335609622982,1.0,4846.007175181061
3.1,-40.48363511283095,-0.17077190351656654,1.0,4844.9524732120335
3.11,-40.5815165822118,-0.17059949528371515,1.0,4843.8943227902055
3.12,-40.67929867521177,-0.17042610709549647,1.0,4842.8327254951
3.13,-40.77698080177024,-0.17025171985790882,1.0,4841.76768289879
3.14,-40.87456236109066,-0.17007631951141558,1.0,4840.699196599424
3.15,-40.972042744537674,-0.16989989684160142,1.0,4839.6272681728005
3.16,-41.069421338425975,-0.16972244727592184,1.0,4838.551899198443
3.17,-41.16669752669318,-0.1695439706682594,1.0,4837.473091270775
3.18,-41.263870693449064,-0.16936447107296454,1.0,4836.390845969319
3.19,-41.36094022539602,-0.16918395651002688,1.0,4835.305164888501
3.2,-41.45790551411504,-0.16900243872298432,1.0,4834.216049611568
3.21,-41.55476595821322,-0.16881993293112657,1.0,4833.123501736671
3.22,-41.65152096532988,-0.16863645757750154,1.0,4832.027522850782
3.23,-41.748169953998335,-0.16845203407417483,1.0,4830.928114552051
3.24,-41.8447123553618,-0.16826668654613441,1.0,4829.825278427452
3.25,-41.94114761474362,-0.1680804415751667,1.0,4828.719016082585
3.2600000000000002,-42.03747519307009,-0.16789332794496387,1.0,4827.6093291044235
3.27,-42.1336945681484,-0.16770537638865282,1.0,4826.496219098568
3.2800000000000002,-42.22980523579957,-0.16751661933986334,1.0,4825.379687655717
3.29,-42.3258067108495,-0.16732709068838097,1.0,4824.259736388922
3.3000000000000003,-42.421698527980006,-0.16713682554135184,1.0,4823.136366888881
3.31,-42.51748024244362,-0.16694585999093406,1.0,4822.009580757469
3.3200000000000003,-42.61315143064516,-0.1667542308892117,1.0,4820.879379607737
3.33,-42.708711690594996,-0.16656197563111133,1.0,4819.745765030384
3.34,-42.804160642237925,-0.16636913194598246,1.0,4818.608738642186
3.35,-42.89949792766302,-0.16617573769843275,1.0,4817.468302037567
3.36,-42.994723211199386,-0.16598183069892625,1.0,4816.324456825852
3.37,-43.08983617940399,-0.16578744852458732,1.0,4815.177204620093
3.38,-43.184836540946556,-0.1655926283505734,1.0,4814.026547022164
3.39,-43.279724026398355,-0.16539740679231368,1.0,4812.872485648841
3.4,-43.37449838793065,-0.16520181975884304,1.0,4811.715022087097
3.41,-43.46915939892915,-0.16500590231738957,1.0,4810.554157972336
3.42,-43.56370685353108,-0.16480968856931785,1.0,4809.389894902706
3.43,-43.65814056609138,-0.16461321153745953,1.0,4808.222234491259
3.44,-43.75246037058395,-0.16441650306481698,1.0,4807.051178339869
3.45,-43.84666611994554,-0.16421959372455805,1.0,4805.8767280727625
3.46,-43.94075768536745,-0.16402251274117802,1.0,4804.698885291815
3.47,-44.03473495554257,-0.1638252879226486,1.0,4803.517651621252
3.48,-44.12859783587279,-0.16362794560333524,1.0,4802.33302866295
3.49,-44.22234624764444,-0.16343051059741429,1.0,4801.145018033683
3.5,-44.31598012717624,-0.16323300616249056,1.0,4799.9536213465035
3.5100000000000002,-44.40949942494646,-0.16303545397307373,1.0,4798.758840218186
3.52,-44.50290410470493,-0.16283787410354433,1.0,4797.560676261783
3.5300000000000002,-44.59619414257446,-0.16264028502020936,1.0,4796.359131097794
3.54,-44.68936952614817,-0.16244270358202442,1.0,4795.154206331819
3.5500000000000003,-44.78243025358619,-0.16224514504953425,1.0,4793.9459035769105
3.56,-44.875376332717636,-0.16204762310156903,1.0,4792.734224461019
3.5700000000000003,-44.968207780151594,-0.16185014985921473,1.0,4791.51917058602
3.58,-45.06092462040134,-0.16165273591656476,1.0,4790.300743576139
3.59,-45.15352688502564,-0.161455390377754,1.0,4789.078945051879
3.6,-45.2460146117911,-0.16125812089976382,1.0,4787.853776622564
3.61,-45.33838784385801,-0.16106093374048994,1.0,4786.62523990497
3.62,-45.43064662899358,-0.1608638338115604,1.0,4785.393336519599
3.63,-45.522791018814345,-0.16066682473539223,1.0,4784.158068083227
3.64,-45.614821068060984,-0.16046990890598295,1.0,4782.91943622008
3.65,-45.706736833907,-0.16027308755293657,1.0,4781.677442535758
3.66,-45.79853837530334,-0.16007636080823504,1.0,4780.432088654488
3.67,-45.890225752360664,-0.15987972777527515,1.0,4779.183376196772
3.68,-45.9817990257701,-0.1596831865997031,1.0,4777.9313067905605
3.69,-46.073258256263756,-0.15948673454159526,1.0,4776.675882034004
3.7,-46.16460350411576,-0.15929036804854885,1.0,4775.417103566229
3.71,-46.2558348286841,-0.1590940828292633,1.0,4774.154972996563
3.72,-46.34695228799379,-0.15889787392721003,1.0,4772.889491952956
3.73,-46.437955938360986,-0.15870173579401234,1.0,4771.620662044734
3.74,-46.528845834058394,-0.1585056623621722,1.0,4770.348484907299
3.75,-46.61962202702086,-0.15830964711680826,1.0,4769.072962161154
3.7600000000000002,-46.7102845665913,-0.15811368316608426,1.0,4767.794095423073
3.77,-46.80083349930573,-0.15791776331003746,1.0,4766.511886317283
3.7800000000000002,-46.89126886871628,-0.15772188010753224,1.0,4765.226336464286
3.79,-46.98159071525174,-0.1575260259410936,1.0,4763.937447492033
3.8000000000000003,-47.07179907611394,-0.15733019307939317,1.0,4762.6452210359275
3.81,-47.16189398520835,-0.15713437373718678,1.0,4761.349658709019
3.8200000000000003,-47.25187547310808,-0.15693856013252616,1.0,4760.0507621355355
3.83,-47.34174356704927,-0.1567427445410876,1.0,4758.748532954603
3.84,-47.43149829095641,-0.1565469193474859,1.0,4757.442972779274
3.85,-47.5211396654952,-0.1563510770934598,1.0,4756.134083248675
3.86,-47.610667708152555,-0.15615521052284442,1.0,4754.821865987033
3.87,-47.70008243334007,-0.15595931262325638,1.0,4753.506322614849
3.88,-47.78938385252085,-0.15576337666444848,1.0,4752.187454786152
3.89,-47.878571974356255,-0.15556739623330348,1.0,4750.865264117718
3.9,-47.967646804871805,-0.15537136526545445,1.0,4749.539752237499
3.91,-48.05660834763948,-0.15517527807354567,1.0,4748.210920784622
3.92,-48.14545660397517,-0.15497912937215352,1.0,4746.878771394491
3.93,-48.23419157314857,-0.15478291429941063,1.0,4745.543305706233
3.94,-48.32281325260472,-0.15458662843538823,1.0,4744.204525344074
3.95,-48.41132163819399,-0.15439026781730766,1.0,4742.862431958318
3.96,-48.49971672441013,-0.1541938289516629,1.0,4741.517027176917
3.97,-48.58799850463326,-0.15399730882334747,1.0,4740.168312642723
3.98,-48.67616697137749,-0.1538007049018935,1.0,4738.8162900060415
3.99,-48.76422211654008,-0.1536040151449349,1.0,4737.460960894823
4.0,-48.85216393165185,-0.1534072379990199,1.0,4736.102326955646
4.01,-48.93999240812642,-0.15321037239790447,1.0,4734.740389838815
4.0200000000000005,-49.02770753750752,-0.15301341775846183,1.0,4733.375151183456
4.03,-49.115309311712565,-0.15281637397435316,1.0,4732.006612639874
4.04,-49.20279772327165,-0.15261924140760597,1.0,4730.634775858372
4.05,-49.29017276556006,-0.1524220208782505,1.0,4729.259642481804
4.0600000000000005,-49.377434433024426,-0.1522247136521689,1.0,4727.881214164197
4.07,-49.46458272140021,-0.1520273214273112,1.0,4726.499492559582
4.08,-49.55161762792081,-0.15182984631843327,1.0,4725.114479321986
4.09,-49.63853915151642,-0.15163229084051316,1.0,4723.726176109165
4.1,-49.72534729300289,-0.1514346578909997,1.0,4722.334584567696
4.11,-49.81204205525909,-0.1512369507310465,1.0,4720.939706366509
4.12,-49.898623443393035,-0.15103917296588285,1.0,4719.541543163359
4.13,-49.985091464895554,-0.1508413285244648,1.0,4718.1400966234505
4.14,-50.07144612978212,-0.1506434216385561,1.0,4716.735368400812
4.15,-50.157687450721326,-0.15044545682137203,1.0,4715.327360171825
4.16,-50.24381544315092,-0.1502474388459263,1.0,4713.916073594242
4.17,-50.32983012538073,-0.15004937272320507,1.0,4712.50151033327
4.18,-50.415731518682385,-0.14985126368029547,1.0,4711.083672076464
4.19,-50.501519647366315,-0.14965311713858448,1.0,4709.662560477853
4.2,-50.58719453884555,-0.14945493869213816,1.0,4708.238177224994
4.21,-50.67275622368694,-0.149256734086369,1.0,4706.810523986816
4.22,-50.758204735649855,-0.14905850919708447,1.0,4705.379602443427
4.23,-50.843540111712464,-0.1488602700100114,1.0,4703.945414274931
4.24,-50.92876239208633,-0.14866202260087652,1.0,4702.507961161435
4.25,-51.013871620219305,-0.14846377311612086,1.0,4701.067244790494
4.26,-51.09886784278758,-0.14826552775431648,1.0,4699.623266842216
4.2700000000000005,-51.18375110967664,-0.14806729274834587,1.0,4698.176029011607
4.28,-51.26852147395251,-0.14786907434839963,1.0,4696.725532986224
4.29,-51.35317899182335,-0.14767087880583887,1.0,4695.271780457348
4.3,-51.43772372259175,-0.1474727123579608,1.0,4693.814773123711
4.3100000000000005,-51.5221557285989,-0.14727458121370277,1.0,4692.354512680322
4.32,-51.60647507516049,-0.14707649154030905,1.0,4690.891000818461
4.33,-51.690681830496025,-0.14687844945098058,1.0,4689.424239248037
4.34,-51.774776065650606,-0.14668046099352022,1.0,4687.9542296640575
4.3500000000000005,-51.85875785441174,-0.1464825321399811,1.0,4686.4809737838805
4.36,-51.94262727322002,-0.14628466877731872,1.0,4685.004473309964
4.37,-52.02638440107539,-0.14608687669904147,1.0,4683.524729955941
4.38,-52.1100293194395,-0.14588916159785276,1.0,4682.041745431721
4.39,-52.1935621121342,-0.1456915290592664,1.0,4680.5555214472115
4.4,-52.27698286523762,-0.14549398455617854,1.0,4679.066059734672
4.41,-52.36029166697789,-0.14529653344437055,1.0,4677.573362004012
4.42,-52.443488607624815,-0.1450991809589155,1.0,4676.077429976314
4.43,-52.5265737793813,-0.14490193221145994,1.0,4674.578265380114
4.44,-52.60954727627345,-0.14470479218834204,1.0,4673.075869951397
4.45,-52.69240919404108,-0.1445077657495103,1.0,4671.570245411247
4.46,-52.77515963002878,-0.14431085762820417,1.0,4670.0613934881985
4.47,-52.85779868307772,-0.144114072431353,1.0,4668.549315929413
4.48,-52.94032645341931,-0.14391741464064953,1.0,4667.034014474601
4.49,-53.02274304257027,-0.14372088861425036,1.0,4665.515490852296
4.5,-53.10504855323024,-0.14352449858905994,1.0,4663.993746820837
4.51,-53.18724308918233,-0.14332824868354782,1.0,4662.468784116209
4.5200000000000005,-53.26932675519599,-0.1431321429010504,1.0,4660.940604485571
4.53,-53.35129965693383,-0.14293618513350975,1.0,4659.409209698439
4.54,-53.43316190086172,-0.14274037916559995,1.0,4657.8746015019715
4.55,-53.5149135941627,-0.14254472867919138,1.0,4656.3367816358805
4.5600000000000005,-53.59655484465524,-0.14234923725810714,1.0,4654.79575189203
4.57,-53.67808576071543,-0.1421539083931229,1.0,4653.251514002681
4.58,-53.759506451203805,-0.14195874548716086,1.0,4651.704069763422
4.59,-53.840817025396674,-0.14176375186064055,1.0,4650.15342091769
4.6000000000000005,-53.92201759292191,-0.141568930756931,1.0,4648.5995692536235
4.61,-54.00310826369997,-0.14137428534787436,1.0,4647.042516540736
4.62,-54.084089147889046,-0.14117981873932897,1.0,4645.482264555991
4.63,-54.16496035583551,-0.14098553397670152,1.0,4643.918815087527
4.64,-54.245721998028976,-0.14079143405042624,1.0,4642.352169908583
4.65,-54.32637418506222,-0.14059752190135838,1.0,4640.782330811024
4.66,-54.40691702759565,-0.1404038004260493,1.0,4639.209299590439
4.67,-54.487350636326795,-0.14021027248187115,1.0,4637.633078034967
4.68,-54.567675121963795,-0.14001694089196445,1.0,4636.053667936474
4.69,-54.64789059520419,-0.13982380844998338,1.0,4634.4710710942745
4.7,-54.727997166717074,-0.1396308779246126,1.0,4632.885289315134
4.71,-54.80799494713034,-0.139438152063837,1.0,4631.296324398369
4.72,-54.88788404702147,-0.13924563359894448,1.0,4629.704178158194
4.73,-54.96766457691219,-0.13905332524824598,1.0,4628.108852405101
4.74,-55.04733664726728,-0.13886122972049797,1.0,4626.510348942131
4.75,-55.12690036849646,-0.13866934971801742,1.0,4624.908669605851
4.76,-55.20635585095957,-0.13847768793947826,1.0,4623.303816199303
4.7700000000000005,-55.28570320497526,-0.13828624708238174,1.0,4621.695790544152
4.78,-55.36494254083247,-0.13809502984519878,1.0,4620.084594484419
4.79,-55.444073968804155,-0.1379040389291781,1.0,4618.470229834318
4.8,-55.523097599164025,-0.13771327703981992,1.0,4616.852698422968
4.8100000000000005,-55.60201354220555,-0.13752274688801902,1.0,4615.232002098113
4.82,-55.680821908262324,-0.13733245119087598,1.0,4613.608142685145
4.83,-55.759522807731166,-0.1371423926721833,1.0,4611.9811220392585
4.84,-55.83811635109608,-0.13695257406259398,1.0,4610.350941997021
4.8500000000000005,-55.91660264895409,-0.13676299809947662,1.0,4608.717604395002
4.86,-55.99498181204176,-0.1365736675264701,1.0,4607.081111107022
4.87,-56.0732539512632,-0.13638458509274698,1.0,4605.441463969648
4.88,-56.151419177718296,-0.1361957535519937,1.0,4603.79866483435
4.89,-56.22947760273201,-0.13600717566112785,1.0,4602.152715578675
4.9,-56.30742933788345,-0.13581885417875947,1.0,4600.503618050367
4.91,-56.38527449503576,-0.13563079186341256,1.0,4598.85137411207
4.92,-56.46301318636545,-0.13544299147152536,1.0,4597.195985648781
4.93,-56.54064552439179,-0.13525545575524087,1.0,4595.53745451197
4.94,-56.618171622005974,-0.1350681874600058,1.0,4593.875782575458
4.95,-56.69559159249959,-0.1348811893219967,1.0,4592.210971735418
4.96,-56.77290554959255,-0.13469446406538754,1.0,4590.543023850769
4.97,-56.850113607460315,-0.13450801439947574,1.0,4588.871940817684
4.98,-56.92721588076018,-0.1343218430156889,1.0,4587.197724509984
4.99,-57.0042124846565,-0.134135952584483,1.0,4585.520376827568
5.0,-57.08110353484501,-0.13395034575215503,1.0,4583.839899647981
5.01,-57.15788914757571,-0.13376502513758357,1.0,4582.156294871122
5.0200000000000005,-57.234569439674715,-0.13357999332891796,1.0,4580.469564393163
5.03,-57.31114452856478,-0.13339525288022805,1.0,4578.779710110277
5.04,-57.38761453228407,-0.13321080630813603,1.0,4577.086733933538
5.05,-57.4639795695039,-0.13302665608844172,1.0,4575.390637755394
5.0600000000000005,-57.540239759544775,-0.1328428046527599,1.0,4573.691423479468
5.07,-57.61639522239116,-0.13265925438518408,1.0,4571.9890930354595
5.08,-57.69244607870396,-0.13247600761898976,1.0,4570.283648315817
5.09,-57.76839244983277,-0.13229306663339052,1.0,4568.5750912465155
5.1000000000000005,-57.844234457824996,-0.13211043365036365,1.0,4566.863423731178
5.11,-57.91997222543484,-0.1319281108315526,1.0,4565.14864769578
5.12,-57.995605876129744,-0.13174610027526193,1.0,4563.430765062571
5.13,-58.07113553409593,-0.13156440401355313,1.0,4561.709777768701
5.14,-58.146561324241915,-0.13138302400945281,1.0,4559.985687725246
5.15,-58.22188337220113,-0.13120196215428073,1.0,4558.258496861905
5.16,-58.29710180433262,-0.1310212202651106,1.0,4556.528207112104
5.17,-58.37221674772078,-0.13084080008236598,1.0,4554.794820412993
5.18,-58.4472283301734,-0.1306607032675616,1.0,4553.058338701725
5.19,-58.5221366802188,-0.13048093140119546,1.0,4551.318763911724
5.2,-58.59694192710142,-0.13030148598079705,1.0,4549.576097987592
5.21,-58.671644200776434,-0.13012236841913788,1.0,4547.830342877656
5.22,-58.74624363190347,-0.12994358004260534,1.0,4546.0815005116165
5.23,-58.820740351839035,-0.12976512208974597,1.0,4544.32957284525
5.24,-58.89513449262807,-0.12958699570997975,1.0,4542.57456183061
5.25,-58.96942618699489,-0.12940920196248637,1.0,4540.816469408572
5.26,-59.04361556833319,-0.1292317418152657,1.0,4539.055297546089
5.2700000000000005,-59.11770277069532,-0.12905461614437383,1.0,4537.291048191488
5.28,-59.191687928781086,-0.1288778257333313,1.0,4535.523723300546
5.29,-59.26557117792599,-0.12870137127270725,1.0,4533.753324832767
5.3,-59.33935265408904,-0.12852525335987638,1.0,4531.979854751378
5.3100000000000005,-59.41303249384027,-0.12834947249894574,1.0,4530.203315027058
5.32,-59.48661083434791,-0.12817402910085055,1.0,4528.423707611859
5.33,-59.56008781336532,-0.12799892348361677,1.0,4526.641034472734
5.34,-59.63346356921821,-0.12782415587278698,1.0,4524.855297584087
5.3500000000000005,-59.70673824079129,-0.12764972640200592,1.0,4523.066498916596
5.36,-59.779911967515474,-0.12747563511376045,1.0,4521.274640444666
5.37,-59.85298488935483,-0.12730188196027337,1.0,4519.47972413525
5.38,-59.92595714679417,-0.12712846680454307,1.0,4517.681751955301
5.39,-59.99882888082654,-0.12695538942152662,1.0,4515.880725901574
5.4,-60.071600232941336,-0.12678264949945942,1.0,4514.076647941023
5.41,-60.14427134511277,-0.12661024664130685,1.0,4512.269520055503
5.42,-60.21684235978862,-0.12643818036634485,1.0,4510.459344223142
5.43,-60.28931341988025,-0.12626645011185927,1.0,4508.6461224369705
5.44,-60.36168466875202,-0.12609505523496256,1.0,4506.829856663942
5.45,-60.43395625021276,-0.12592399501451906,1.0,4505.010548908263
5.46,-60.506128308506845,-0.12575326865317574,1.0,4503.188201148063
5.47,-60.57820098830679,-0.12558287527948833,1.0,4501.362815372646
5.48,-60.65017443470616,-0.1254128139501421,1.0,4499.534393571317
5.49,-60.72204879321355,-0.12524308365225592,1.0,4497.702937733382
5.5,-60.793824209747726,-0.12507368330576768,1.0,4495.868449859321
5.51,-60.86550083063287,-0.12490461176589276,1.0,4494.030931934714
5.5200000000000005,-60.93707880259566,-0.12473586782564924,1.0,4492.1903859600425
5.53,-61.00855827276317,-0.12456745021844633,1.0,4490.346813920885
5.54,-61.07993938866077,-0.12439935762072699,1.0,4488.50021783635
5.55,-61.151222298212694,-0.12423158865466098,1.0,4486.650599684566
5.5600000000000005,-61.22240714974225,-0.12406414189088093,1.0,4484.79796147719
5.57,-61.293494091973365,-0.12389701585125773,1.0,4482.942305210978
5.58,-61.36448327403373,-0.12373020901170714,1.0,4481.0836328826845
5.59,-61.435374845458405,-0.12356371980502445,1.0,4479.221946503967
5.6000000000000005,-61.50616895619436,-0.12339754662373988,1.0,4477.357248082757
5.61,-61.57686575660654,-0.12323168782298988,1.0,4475.489539608359
5.62,-61.64746539748426,-0.12306614172339993,1.0,4473.618823099881
5.63,-61.71796803004928,-0.12290090661397408,1.0,4471.745100565255
5.64,-61.788373805964035,-0.12273598075498296,1.0,4469.868374001235
5.65,-61.858682877341444,-0.1225713623808505,1.0,4467.98864543438
5.66,-61.92889539675544,-0.12240704970303112,1.0,4466.105916853994
5.67,-61.99901151725189,-0.12224304091287287,1.0,4464.220190294087
5.68,-62.06903139236099,-0.12207933418446577,1.0,4462.331467747688
5.69,-62.13895517611004,-0.12191592767746486,1.0,4460.439751248807
5.7,-62.20878302303701,-0.12175281953989164,1.0,4458.5450427904725
5.71,-62.27851508820467,-0.12159000791090188,1.0,4456.647344399244
5.72,-62.348151527215954,-0.1214274909235236,1.0,4454.746658083051
5.73,-62.41769249622871,-0.12126526670735545,1.0,4452.842985875905
5.74,-62.487138151972374,-0.12110333339122586,1.0,4450.936329778284
5.75,-62.55648865176383,-0.12094168910580672,1.0,4449.026691816747
5.76,-62.62574415352465,-0.12078033198618301,1.0,4447.114074006677
5.7700000000000005,-62.69490481579795,-0.12061926017436916,1.0,4445.1984783783555
5.78,-62.76397079776619,-0.12045847182177472,1.0,4443.279906932265
5.79,-62.83294225926817,-0.12029796509161239,1.0,4441.3583617173135
5.8,-62.90181936081762,-0.12013773816125145,1.0,4439.433844737709
5.8100000000000005,-62.970602263620165,-0.11997778922450505,1.0,4437.506358034909
5.82,-63.03929112959165,-0.11981811649386011,1.0,4435.575903620571
5.83,-63.10788612137566,-0.11965871820263814,1.0,4433.642483517528
5.84,-63.17638740236104,-0.11949959260709274,1.0,4431.706099763513
5.8500000000000005,-63.24479513669913,-0.11934073798843554,1.0,4429.766754381359
5.86,-63.31310948932104,-0.1191821526547923,1.0,4427.824449408799
5.87,-63.3813306259537,-0.11902383494308852,1.0,4425.879186861217
5.88,-63.44945871313659,-0.11886578322086003,1.0,4423.9309687800705
5.89,-63.51749391823675,-0.11870799588799133,1.0,4421.979797195643
5.9,-63.58543640946407,-0.11855047137837568,1.0,4420.025674138218
5.91,-63.6532863558856,-0.11839320816150165,1.0,4418.068601634353
5.92,-63.72104392743861,-0.1182362047439605,1.0,4416.108581729233
5.93,-63.788709294943864,-0.11807945967087766,1.0,4414.145616453141
5.94,-63.856282630116574,-0.1179229715272641,1.0,4412.179707851261
5.95,-63.92376410557807,-0.11776673893929106,1.0,4410.210857953876
5.96,-63.991153894864496,-0.11761076057548442,1.0,4408.239068806171
5.97,-64.0584521724362,-0.11745503514784297,1.0,4406.264342434704
5.98,-64.12565911368455,-0.11729956141287515,1.0,4404.286680888385
5.99,-64.19277489493838,-0.1171443381725606,1.0,4402.306086216122
6.0,-64.25979969346874,-0.11698936427523138,1.0,4400.32256045565
6.01,-64.3267336874921,-0.11683463861637719,1.0,4398.336105648428
6.0200000000000005,-64.39357705617262,-0.11668016013937367,1.0,4396.346723843366
6.03,-64.46032997962273,-0.11652592783613568,1.0,4394.354417089373
6.04,-64.52699263890185,-0.11637194074769418,1.0,4392.359187427908
6.05,-64.59356521601407,-0.11621819796470029,1.0,4390.361036915332
6.0600000000000005,-64.66004789390394,-0.11606469862785725,1.0,4388.3599676042795
6.07,-64.7264408564503,-0.11591144192827912,1.0,4386.355981532484
6.08,-64.79274428845962,-0.11575842710778102,1.0,4384.349080763757
6.09,-64.85895837565546,-0.11560565345910118,1.0,4382.339267361909
6.1000000000000005,-64.92508330466879,-0.11545312032605422,1.0,4380.326543372124
6.11,-64.99111926302447,-0.11530082710362001,1.0,4378.310910850763
6.12,-65.05706643912676,-0.11514877323797038,1.0,4376.292371857911
6.13,-65.12292502224324,-0.11499695822643277,1.0,4374.270928453654
6.140000000000001,-65.18869520248658,-0.11484538161739401,1.0,4372.246582701802
6.15,-65.25437717079441,-0.11469404301014732,1.0,4370.219336669892
6.16,-65.31997111890784,-0.11454294205468256,1.0,4368.1891924105585
6.17,-65.38547723934745,-0.11439207845142317,1.0,4366.156151998788
6.18,-65.45089572538832,-0.11424145195091308,1.0,4364.120217517018
6.19,-65.51622677103273,-0.11409106235345225,1.0,4362.081391006708
6.2,-65.581470570981,-0.11394090950868507,1.0,4360.039674561471
6.21,-65.64662732060133,-0.11379099331514748,1.0,4357.995070245117
6.22,-65.7116972158965,-0.11364131371976627,1.0,4355.947580140084
6.23,-65.77668045347075,-0.11349187071732224,1.0,4353.897206317633
6.24,-65.8415772304936,-0.1133426643498726,1.0,4351.843950856477
6.25,-65.9063877446622,-0.11319369470613948,1.0,4349.787815835327
6.26,-65.97111219416311,-0.11304496192086362,1.0,4347.728803347796
6.2700000000000005,-66.03575077763136,-0.11289646617412719,1.0,4345.666915468872
6.28,-66.10030369410873,-0.11274820769064597,1.0,4343.602154288441
6.29,-66.16477114300046,-0.11260018673903695,1.0,4341.534521896392
6.3,-66.22915332403073,-0.1124524036310581,1.0,4339.464020375162
6.3100000000000005,-66.29345043719668,-0.11230485872082731,1.0,4337.390651833266
6.32,-66.35766268272145,-0.1121575524040189,1.0,4335.314418349415
6.33,-66.42179026100573,-0.11201048511704034,1.0,4333.235322035849
6.34,-66.48583337257885,-0.11186365733619437,1.0,4331.153364986181
6.3500000000000005,-66.54979221804824,-0.11171706957682127,1.0,4329.068549290299
6.36,-66.61366699804867,-0.1115707223924307,1.0,4326.980877067894
6.37,-66.67745791318977,-0.11142461637381997,1.0,4324.890350420028
6.38,-66.74116516400413,-0.1112787521481796,1.0,4322.796971458942
6.390000000000001,-66.8047889508932,-0.11113313037819139,1.0,4320.700742285699
6.4,-66.86832947407453,-0.11098775176111686,1.0,4318.601665019989
6.41,-66.93178693352642,-0.11084261702787913,1.0,4316.499741781503
6.42,-66.99516152893412,-0.11069772694213757,1.0,4314.39497468248
6.43,-67.05845345963478,-0.11055308229935781,1.0,4312.287365850061
6.44,-67.12166292456227,-0.11040868392587755,1.0,4310.176917400211
6.45,-67.18479012219264,-0.11026453267796683,1.0,4308.063631460071
6.46,-67.24783525048832,-0.11012062944088787,1.0,4305.947510160506
6.47,-67.3107985068443,-0.10997697512794936,1.0,4303.828555632383
6.48,-67.3736800880325,-0.1098335706795599,1.0,4301.7067700102925
6.49,-67.43648019014827,-0.1096904170622788,1.0,4299.582155432552
6.5,-67.49919900855613,-0.10954751526786484,1.0,4297.454714030027
6.51,-67.56183673783669,-0.10940486631232303,1.0,4295.324447955936
6.5200000000000005,-67.62439357173373,-0.1092624712349502,1.0,4293.19135934487
6.53,-67.6868697031025,-0.10912033109737646,1.0,4291.055450350046
6.54,-67.74926532385862,-0.10897844698260625,1.0,4288.916723124683
6.55,-67.81158062492764,-0.10883681999405533,1.0,4286.775179814547
6.5600000000000005,-67.87381579619577,-0.10869545125458399,1.0,4284.630822584033
6.57,-67.93597102646207,-0.10855434190552911,1.0,4282.4836535826325
6.58,-67.99804650339127,-0.10841349310572886,1.0,4280.333674971014
6.59,-68.06004241346804,-0.10827290603054421,1.0,4278.180888928473
6.6000000000000005,-68.1219589419524,-0.10813258187087467,1.0,4276.025297615677
6.61,-68.18379627283711,-0.10799252183216623,1.0,4273.86690319702
6.62,-68.24555458880597,-0.1078527271334142,1.0,4271.705707851797
6.63,-68.30723407119353,-0.10771319900615742,1.0,4269.541713763028
6.640000000000001,-68.36883489994707,-0.10757393869346257,1.0,4267.374923098832
6.65,-68.43035725358996,-0.1074349474488992,1.0,4265.205338053405
6.66,-68.49180130918612,-0.10729622653550608,1.0,4263.032960802317
6.67,-68.55316724230738,-0.10715777722474334,1.0,4260.8577935397625
6.68,-68.61445522700163,-0.10701960079543495,1.0,4258.679838452488
6.69,-68.67566543576372,-0.10688169853269597,1.0,4256.499097753316
6.7,-68.73679803950733,-0.10674407172684792,1.0,4254.31557360664
6.71,-68.79785320753993,-0.10660672167231679,1.0,4252.1292682513595
6.72,-68.85883110753814,-0.10646964966652102,1.0,4249.940183870494
6.73,-68.91973190552723,-0.10633285700873563,1.0,4247.7483226805925
6.74,-68.98055576586027,-0.10619634499894744,1.0,4245.553686894476
6.75,-69.04130285120138,-0.10606011493668903,1.0,4243.356278710067
6.76,-69.10197332250958,-0.10592416811985565,1.0,4241.156100351363
6.7700000000000005,-69.16256733902584,-0.10578850584350614,1.0,4238.953154049814
6.78,-69.22308505826079,-0.10565312939864357,1.0,4236.747442025691
6.79,-69.28352663598625,-0.10551804007097754,1.0,4234.538966488093
6.8,-69.3438922262275,-0.10538323913967033,1.0,4232.327729687095
6.8100000000000005,-69.40418198125806,-0.10524872787606405,1.0,4230.113733842969
6.82,-69.46439605159652,-0.10511450754238767,1.0,4227.896981198341
6.83,-69.52453458600546,-0.10498057939044908,1.0,4225.677473995835
6.84,-69.584597731492,-0.10484694466030797,1.0,4223.455214463174
6.8500000000000005,-69.6445856333114,-0.10471360457893249,1.0,4221.230204861611
6.86,-69.704498434971,-0.10458056035884178,1.0,4219.002447430044
6.87,-69.7643362782373,-0.10444781319672877,1.0,4216.771944422275
6.88,-69.82409930314498,-0.10431536427207405,1.0,4214.538698092103
6.890000000000001,-69.88378764800673,-0.10418321474574281,1.0,4212.30271070078
6.9,-69.94340144942616,-0.10405136575857173,1.0,4210.063984505832
6.91,-70.00294084231172,-0.10391981842994445,1.0,4207.82252176851
6.92,-70.0624059598921,-0.1037885738563594,1.0,4205.578324757516
6.93,-70.12179693373497,-0.10365763310998903,1.0,4203.331395745277
6.94,-70.18111389376466,-0.10352699723723471,1.0,4201.0817370042205
6.95,-70.24035696828417,-0.10339666725727674,1.0,4198.829350806773
6.96,-70.29952628399667,-0.10326664416062421,1.0,4196.574239425361
6.97,-70.35862196602994,-0.1031369289076652,1.0,4194.316405154765
6.98,-70.41764413796116,-0.10300752242722007,1.0,4192.055850274861
6.99,-70.47659292184363,-0.10287842561509904,1.0,4189.792577061802
7.0,-70.5354684382348,-0.10274963933266962,1.0,4187.526587828994
7.01,-70.59427080622541,-0.1026211644054336,1.0,4185.257884845138
7.0200000000000005,-70.65300014346967,-0.1024930016216162,1.0,4182.986470423639
7.03,-70.71165656621713,-0.10236515173077392,1.0,4180.712346851826
7.04,-70.77024018934515,-0.10223761544241836,1.0,4178.435516428202
7.05,-70.82875112639236,-0.10211039342466403,1.0,4176.155981466174
7.0600000000000005,-70.88718948959345,-0.10198348630290008,1.0,4173.873744275421
7.07,-70.94555538991462,-0.10185689465848922,1.0,4171.588807150722
7.08,-71.00384893709,-0.10173061902749791,1.0,4169.301172416657
7.09,-71.06207023965844,-0.10160465989946212,1.0,4167.010842379183
7.1000000000000005,-71.12021940500216,-0.10147901771618675,1.0,4164.717819355428
7.11,-71.17829653938432,-0.10135369287058836,1.0,4162.422105677426
7.12,-71.23630174798939,-0.10122868570557914,1.0,4160.123703647405
7.13,-71.29423513496162,-0.10110399651299734,1.0,4157.822615608573
7.140000000000001,-71.35209680344634,-0.10097962553258859,1.0,4155.518843874335
7.15,-71.4098868556306,-0.10085557295103627,1.0,4153.212390776724
7.16,-71.46760539278377,-0.10073183890105096,1.0,4150.903258651495
7.17,-71.52525251530008,-0.10060842346051471,1.0,4148.591449826956
7.18,-71.58282832273967,-0.10048532665168773,1.0,4146.276966638863
7.19,-71.64033291387152,-0.10036254844047841,1.0,4143.959811437875
7.2,-71.69776638671536,-0.1002400887357794,1.0,4141.639986548573
7.21,-71.75512883858512,-0.1001179473888711,1.0,4139.317494317889
7.22,-71.81242036613108,-0.09999612419289923,1.0,4136.992337092757
7.23,-71.86964106538353,-0.09987461888242216,1.0,4134.664517216384
7.24,-71.9267910317956,-0.09975343113303548,1.0,4132.334037043154
7.25,-71.98387036028645,-0.09963256056107365,1.0,4130.00089892
7.26,-72.04087914528512,-0.09951200672338983,1.0,4127.665105201304
7.2700000000000005,-72.09781748077299,-0.09939176911721725,1.0,4125.326658241451
7.28,-72.1546854603281,-0.0992718471801127,1.0,4122.985560391098
7.29,-72.21148317716761,-0.0991522402899828,1.0,4120.641814019531
7.3,-72.26821072419162,-0.09903294776519557,1.0,4118.295421477407
7.3100000000000005,-72.32486819402605,-0.09891396886477608,1.0,4115.946385130286
7.32,-72.38145567906622,-0.09879530278869017,1.0,4113.594707340002
7.33,-72.4379732715192,-0.09867694867821257,1.0,4111.240390468389
7.34,-72.49442106344681,-0.09855890561638274,1.0,4108.883436892182
7.3500000000000005,-72.55079914680888,-0.0984411726285488,1.0,4106.523848973215
7.36,-72.60710761350539,-0.09832374868299551,1.0,4104.161629077047
7.37,-72.66334655541867,-0.09820663269166136,1.0,4101.796779580414
7.38,-72.71951606445619,-0.09808982351094055,1.0,4099.429302856326
7.390000000000001,-72.77561623259186,-0.09797331994256878,1.0,4097.059201281518
7.4,-72.83164715190834,-0.09785712073459543,1.0,4094.6864772215486
7.41,-72.88760891463812,-0.09774122458243631,1.0,4092.311133068055
7.42,-72.94350161320531,-0.09762563013001051,1.0,4089.933171186596
7.43,-72.99932534026618,-0.097510335970954,1.0,4087.5525939688087
7.44,-73.05508018874986,-0.09739534064991402,1.0,4085.169403783977
7.45,-73.11076625189932,-0.09728064266391771,1.0,4082.7836030237377
7.46,-73.16638362331099,-0.09716624046381606,1.0,4080.395194064826
7.47,-73.2219323969747,-0.09705213245579716,1.0,4078.0041792988777
7.48,-73.27741266731272,-0.0969383170029712,1.0,4075.6105611026287
7.49,-73.3328245292196,-0.09682479242701846,1.0,4073.2143418714404
7.5,-73.38816807810029,-0.09671155700990355,1.0,4070.815523996949
7.51,-73.44344340990844,-0.09659860899564708,1.0,4068.4141098447144
7.5200000000000005,-73.49865062118445,-0.09648594659215556,1.0,4066.0101018361747
7.53,-73.55378980909254,-0.09637356797310667,1.0,4063.6035023368895
7.54,-73.60886107145798,-0.0962614712798796,1.0,4061.194313764572
7.55,-73.66386450680295,-0.09614965462353814,1.0,4058.7825384810567
7.5600000000000005,-73.71880021438292,-0.09603811608685055,1.0,4056.3681789040565
7.57,-73.77366829422164,-0.09592685372635527,1.0,4053.951237421483
7.58,-73.82846884714581,-0.09581586557445447,1.0,4051.531716428697
7.59,-73.8832019748186,-0.09570514964154368,1.0,4049.109618317336
7.6000000000000005,-73.93786777977425,-0.09559470391816692,1.0,4046.6849454939365
7.61,-73.99246636544883,-0.0954845263771957,1.0,4044.257700357586
7.62,-74.04699783621389,-0.09537461497602569,1.0,4041.8278852961957
7.63,-74.10146229740626,-0.09526496765878897,1.0,4039.395502716303
7.640000000000001,-74.15585985535853,-0.09515558235857885,1.0,4036.960555024445
7.65,-74.21019061742834,-0.09504645699967788,1.0,4034.5230446085334
7.66,-74.26445469202692,-0.09493758949979016,1.0,4032.0829738900065
7.67,-74.31865218864613,-0.09482897777227348,1.0,4029.640345249325
7.68,-74.37278321788466,-0.09472061972836196,1.0,4027.195161111653
7.69,-74.4268478914732,-0.09461251327938379,1.0,4024.7474238686264
7.7,-74.48084632229882,-0.09450465633896035,1.0,4022.297135923058
7.71,-74.53477862442722,-0.09439704682519227,1.0,4019.84429968521
7.72,-74.58864491312433,-0.09428968266282141,1.0,4017.3889175727963
7.73,-74.6424453048763,-0.094182561785368,1.0,4014.930991973728
7.74,-74.69617991740893,-0.09407568213723926,1.0,4012.4705253094435
7.75,-74.74984886970385,-0.09396904167580752,1.0,4010.0075199864805
7.76,-74.80345228201516,-0.09386263837344976,1.0,4007.541978403926
7.7700000000000005,-74.85699027588291,-0.09375647021954993,1.0,4005.0739029869437
7.78,-74.91046297414574,-0.09365053522246003,1.0,4002.6032961420715
7.79,-74.96387050095241,-0.09354483141141354,1.0,4000.1301602721214
7.8,-75.01721298176918,-0.09343935683839355,1.0,3997.6544977985322
7.8100000000000005,-75.07049054338835,-0.09333410957994936,1.0,3995.1763111390173
7.82,-75.12370331393291,-0.09322908773895915,1.0,3992.695602685213
7.83,-75.17685142285968,-0.09312428944633762,1.0,3990.21237488091
7.84,-75.22993500096086,-0.09301971286268822,1.0,3987.726630125195
7.8500000000000005,-75.28295418036261,-0.09291535617988952,1.0,3985.238370832056
7.86,-75.33590909452292,-0.09281121762262752,1.0,3982.7475994192064
7.87,-75.38879987822534,-0.09270729544985906,1.0,3980.2543183118105
7.88,-75.44162666757198,-0.09260358795621292,1.0,3977.7585299238563
7.890000000000001,-75.49438959997384,-0.09250009347332312,1.0,3975.2602366767824
7.9,-75.54708881413838,-0.09239681037109608,1.0,3972.759440984577
7.91,-75.59972445005523,-0.09229373705890886,1.0,3970.2561452761292
7.92,-75.65229664897882,-0.09219087198673862,1.0,3967.7503519691527
7.930000000000001,-75.70480555340913,-0.09208821364622068,1.0,3965.242063485086
7.94,-75.75725130706947,-0.09198576057163785,1.0,3962.731282249093
7.95,-75.8096340548821,-0.09188351134083869,1.0,3960.218010686338
7.96,-75.86195394294107,-0.09178146457608397,1.0,3957.7022512219846
7.97,-75.91421111848214,-0.09167961894482322,1.0,3955.184006277472
7.98,-75.9664057298505,-0.09157797316039976,1.0,3952.663278285414
7.99,-76.01853792646584,-0.09147652598268614,1.0,3950.140069682151
8.0,-76.07060785878471,-0.09137527621864816,1.0,3947.614382877946
8.01,-76.12261567825966,-0.0912742227228404,1.0,3945.086220316589
8.02,-76.17456153729647,-0.09117336439783422,1.0,3942.55558443442
8.03,-76.22644558920881,-0.09107270019457388,1.0,3940.0224776491523
8.040000000000001,-76.278267988169,-0.09097222911266917,1.0,3937.486902412027
8.05,-76.33002888915779,-0.09087195020062146,1.0,3934.948861133307
8.06,-76.38172844791029,-0.09077186255598248,1.0,3932.40835628286
8.07,-76.43336682085993,-0.09067196532545335,1.0,3929.8653902709484
8.08,-76.48494416507947,-0.09057225770491524,1.0,3927.319965545088
8.09,-76.53646063822022,-0.09047273893940662,1.0,3924.7720845490694
8.1,-76.587916398447,-0.09037340832303402,1.0,3922.2217497229576
8.11,-76.6393116043738,-0.09027426519882824,1.0,3919.668963506818
8.120000000000001,-76.69064641499313,-0.09017530895854296,1.0,3917.1137283481658
8.13,-76.74192098960617,-0.09007653904239867,1.0,3914.5560466870666
8.14,-76.79313548774994,-0.08997795493877293,1.0,3911.995920971036
8.15,-76.84429006912025,-0.08987955618383872,1.0,3909.4333536587656
8.16,-76.8953848934959,-0.08978134236115304,1.0,3906.868347194046
8.17,-76.94642012065832,-0.08968331310119555,1.0,3904.3009040243924
8.18,-76.99739591030982,-0.08958546808086301,1.0,3901.7310266047716
8.19,-77.04831242199046,-0.0894878070229169,1.0,3899.1587173976004
8.2,-77.09916981499288,-0.08939032969538725,1.0,3896.5839788503945
8.21,-77.1499682482752,-0.08929303591093551,1.0,3894.0068134218454
8.22,-77.20070788037309,-0.08919592552617674,1.0,3891.42722357437
8.23,-77.25138886930931,-0.08909899844096322,1.0,3888.845211774111
8.24,-77.30201137250269,-0.08900225459763093,1.0,3886.260780479759
8.25,-77.35257554667578,-0.08890569398020992,1.0,3883.6739321500063
8.26,-77.40308154776066,-0.08880931661360196,1.0,3881.084669265896
8.27,-77.4535295308055,-0.08871312256272479,1.0,3878.4929942823946
8.28,-77.50391964987759,-0.08861711193162382,1.0,3875.8989096805453
8.290000000000001,-77.55425205796836,-0.08852128486255628,1.0,3873.302417933941
8.3,-77.60452690689594,-0.08842564153504406,1.0,3870.7035215087235
8.31,-77.65474434720765,-0.08833018216490157,1.0,3868.1022228859365
8.32,-77.70490452808308,-0.08823490700323651,1.0,3865.4985245391726
8.33,-77.75500759723528,-0.08813981633542457,1.0,3862.892428960651
8.34,-77.80505370081354,-0.08804491048006169,1.0,3860.283938612789
8.35,-77.8550429833044,-0.08795018978789156,1.0,3857.6730560064316
8.36,-77.90497558743536,-0.08785565464071363,1.0,3855.059783603996
8.370000000000001,-77.95485165407648,-0.08776130545026595,1.0,3852.444123905152
8.38,-78.00467132214355,-0.08766714265709301,1.0,3849.826079405844
8.39,-78.05443472850162,-0.08757316672938976,1.0,3847.2056525945663
8.4,-78.10414200786998,-0.08747937816182855,1.0,3844.5828459598124
8.41,-78.15379329272622,-0.08738577747436894,1.0,3841.9576620161533
8.42,-78.20338871321411,-0.08729236521105006,1.0,3839.3301032446325
8.43,-78.25292839704926,-0.0871991419387641,1.0,3836.7001721560955
8.44,-78.30241246942877,-0.08710610824601844,1.0,3834.067871261388
8.45,-78.35184105294093,-0.08701326474167873,1.0,3831.4332030527294
8.46,-78.40121426747652,-0.08692061205369792,1.0,3828.796170052141
8.47,-78.45053223014224,-0.08682815082783389,1.0,3826.156774751842
8.48,-78.49979505517521,-0.08673588172634938,1.0,3823.5150196924806
8.49,-78.54900285386012,-0.08664380542670348,1.0,3820.870907370001
8.5,-78.5981557344468,-0.08655192262022636,1.0,3818.2244403101504
8.51,-78.64725380207227,-0.08646023401078587,1.0,3815.5756210312247
8.52,-78.69629715868288,-0.08636874031344131,1.0,3812.9244520515203
8.53,-78.74528590295908,-0.08627744225308681,1.0,3810.2709359116852
8.540000000000001,-78.79422013024345,-0.086186340563085,1.0,3807.6150751262903
8.55,-78.84309993247034,-0.08609543598389072,1.0,3804.9568722210824
8.56,-78.89192539809838,-0.08600472926166731,1.0,3802.2963297367096
8.57,-78.9406966120448,-0.08591422114689432,1.0,3799.6334502100945
8.58,-78.98941365562371,-0.08582391239296802,1.0,3796.9682361744344
8.59,-79.0380766064862,-0.08573380375479563,1.0,3794.3006901703775
8.6,-79.0866855385632,-0.08564389598738444,1.0,3791.6308147385716
8.61,-79.13524052201129,-0.08555418984442616,1.0,3788.95861242339
8.620000000000001,-79.18374162316223,-0.08546468607687796,1.0,3786.2840857729316
8.63,-79.23218890447306,-0.08537538543154052,1.0,3783.607237331569
8.64,-79.28058242448245,-0.08528628864963488,1.0,3780.9280696585774
8.65,-79.32892223776636,-0.0851973964653793,1.0,3778.2465852983296
8.66,-79.37720839490073,-0.08510870960456585,1.0,3775.5627868175507
8.67,-79.42544094242275,-0.08502022878314132,1.0,3772.87667677179
8.68,-79.47361992279912,-0.08493195470578874,1.0,3770.188257712871
8.69,-79.52174537439436,-0.08484388806451681,1.0,3767.4975322149694
8.700000000000001,-79.56981733144396,-0.08475602953725445,1.0,3764.804502841085
8.71,-79.61783582402971,-0.08466837978645239,1.0,3762.109172154218
8.72,-79.6658008780585,-0.08458093945769617,1.0,3759.4115427173674
8.73,-79.713712515243,-0.0844937091783297,1.0,3756.711617127061
8.74,-79.76157075308711,-0.0844066895560924,1.0,3754.0093979351223
8.75,-79.80937560487222,-0.08431988117776819,1.0,3751.304887726903
8.76,-79.85712707964777,-0.0842332846078567,1.0,3748.598089084029
8.77,-79.90482518222466,-0.0841469003872585,1.0,3745.8890045806766
8.78,-79.95246991317003,-0.08406072903198251,1.0,3743.177636805922
8.790000000000001,-80.00006126880649,-0.08397477103187735,1.0,3740.463988341391
8.8,-80.04759924121312,-0.08388902684938494,1.0,3737.748061776161
8.81,-80.09508381822846,-0.08380349691832256,1.0,3735.029859699309
8.82,-80.14251498345764,-0.08371818164269369,1.0,3732.309384699911
8.83,-80.18989271628041,-0.08363308139552897,1.0,3729.58663937822
8.84,-80.23721699186252,-0.08354819651776163,1.0,3726.861626327038
8.85,-80.28448778116916,-0.08346352731713667,1.0,3724.134348139167
8.86,-80.33170505097983,-0.08337907406715954,1.0,3721.4048074148595
8.870000000000001,-80.37886876390662,-0.08329483700608292,1.0,3718.6730067692697
8.88,-80.42597887841391,-0.08321081633593622,1.0,3715.9389487802982
8.89,-80.47303534883962,-0.08312701222159752,1.0,3713.202636074275
8.9,-80.5200381254187,-0.08304342478991547,1.0,3710.4640712589025
8.91,-80.56698715430842,-0.08296005412887372,1.0,3707.7232569269836
8.92,-80.61388237761584,-0.08287690028680898,1.0,3704.9801957011223
8.93,-80.6607237334243,-0.08279396327168287,1.0,3702.234890189022
8.94,-80.70751115582509,-0.08271124305040263,1.0,3699.4873430095613
8.950000000000001,-80.75424457494707,-0.08262873954820242,1.0,3696.737556770444
8.96,-80.80092391698976,-0.08254645264807911,1.0,3693.985534094274
8.97,-80.84754910425556,-0.0824643821902899,1.0,3691.231277588755
8.98,-80.89412005518464,-0.08238252797190869,1.0,3688.4747898951173
8.99,-80.94063668438932,-0.08230088974644659,1.0,3685.7160736210644
9.0,-80.98709890269046,-0.08221946722353318,1.0,3682.9551314003766
9.01,-81.0335066171521,-0.08213826006866697,1.0,3680.1919658333063
9.02,-81.07985973111978,-0.08205726790302796,1.0,3677.4265795722604
9.03,-81.1261581442554,-0.08197649030336246,1.0,3674.6589752286673
9.040000000000001,-81.17240175257632,-0.08189592680192849,1.0,3671.889155447483
9.05,-81.21859044849,-0.08181557688651743,1.0,3669.117122836411
9.06,-81.26472412083248,-0.08173544000053952,1.0,3666.3428800441325
9.07,-81.31080265490395,-0.0816555155431841,1.0,3663.5664297007024
9.08,-81.35682593250566,-0.08157580286964494,1.0,3660.787774436176
9.09,-81.40279383197465,-0.08149630129141973,1.0,3658.0069168806076
9.1,-81.44870622821857,-0.0814170100766784,1.0,3655.223859682679
9.11,-81.49456299274988,-0.08133792845070228,1.0,3652.4386054612696
9.120000000000001,-81.540363993719,-0.08125905559639067,1.0,3649.651156876236
9.13,-81.58610909594505,-0.08118039065484196,1.0,3646.8615165539086
9.14,-81.63179816094731,-0.08110193272599645,1.0,3644.069687128067
9.15,-81.67743104697298,-0.08102368086935328,1.0,3641.275671251118
9.16,-81.72300760902537,-0.08094563410475208,1.0,3638.4794715605676
9.17,-81.76852769888873,-0.08086779141321815,1.0,3635.681090697646
9.18,-81.81399116515112,-0.08079015173787575,1.0,3632.880531296134
9.19,-81.85939785322714,-0.08071271398492301,1.0,3630.0777960307896
9.200000000000001,-81.90474760537487,-0.0806354770246681,1.0,3627.272887509316
9.21,-81.95004026071311,-0.08055843969262289,1.0,3624.4658083990216
9.22,-81.99527565523586,-0.08048160079066115,1.0,3621.656561333686
9.23,-82.04045362182093,-0.08040495908822483,1.0,3618.8451489768922
9.24,-82.0855739902394,-0.08032851332358912,1.0,3616.03157396242
9.25,-82.1306365871592,-0.08025226220517563,1.0,3613.215838942677
9.26,-82.17564123614649,-0.08017620441291723,1.0,3610.3979465663433
9.27,-82.22058775766179,-0.08010033859966761,1.0,3607.577899489552
9.28,-82.26547596905499,-0.08002466339265506,1.0,3604.7557003498077
9.290000000000001,-82.3103056845532,-0.0799491773949763,1.0,3601.931351799518
9.3,-82.35507671524678,-0.07987387918713093,1.0,3599.1048564873636
9.31,-82.39978886906837,-0.07979876732858875,1.0,3596.2762170769274
9.32,-82.44444195077021,-0.07972384035938987,1.0,3593.445436205715
9.33,-82.48903576189394,-0.0796490968017734,1.0,3590.6125165447593
9.34,-82.53357010073638,-0.07957453516183415,1.0,3587.7774607278407
9.35,-82.57804476230976,-0.07950015393119947,1.0,3584.9402714148164
9.36,-82.62245953829526,-0.07942595158872845,1.0,3582.100951254368
9.370000000000001,-82.66681421699303,-0.07935192660222506,1.0,3579.259502902627
9.38,-82.71110858326198,-0.07927807743016602,1.0,3576.415929015726
9.39,-82.7553424184585,-0.07920440252343645,1.0,3573.5702322386205
9.4,-82.79951550036252,-0.07913090032707415,1.0,3570.722415242344
9.41,-82.84362760310192,-0.07905756928201603,1.0,3567.872480675578
9.42,-82.88767849706471,-0.07898440782684281,1.0,3565.0204311832786
9.43,-82.9316679488082,-0.07891141439952341,1.0,3562.1662694253027
9.44,-82.97559572095635,-0.07883858743915155,1.0,3559.3099980577826
9.450000000000001,-83.01946157209211,-0.07876592538767048,1.0,3556.451619733125
9.46,-83.06326525663829,-0.07869342669158721,1.0,3553.591137122363
9.47,-83.10700652473152,-0.07862108980367,1.0,3550.7285528592765
9.48,-83.15068512208684,-0.078548913184625,1.0,3547.8638696074486
9.49,-83.19430078985131,-0.07847689530475498,1.0,3544.997090034187
9.5,-83.23785326444968,-0.07840503464558903,1.0,3542.128216791898
9.51,-83.28134227741768,-0.07833332970148534,1.0,3539.257252525538
9.52,-83.32476755522741,-0.07826177898120552,1.0,3536.3841999061406
9.53,-83.36812881909742,-0.07819038100945587,1.0,3533.509061589837
9.540000000000001,-83.41142578479729,-0.0781191343283895,1.0,3530.631840221584
9.55,-83.45465816243366,-0.07804803749907557,1.0,3527.7525384649634
9.56,-83.49782565622972,-0.07797708910292615,1.0,3524.8711589872837
9.57,-83.54092796428918,-0.07790628774307914,1.0,3521.9877044446766
9.58,-83.58396477834624,-0.07783563204573934,1.0,3519.102177478373
9.59,-83.62693578350445,-0.0777651206614734,1.0,3516.2145807631314
9.6,-83.6698406579618,-0.07769475226645656,1.0,3513.324916958809
9.61,-83.71267907271651,-0.07762452556366722,1.0,3510.4331887178123
9.620000000000001,-83.75545069126377,-0.07755443928403344,1.0,3507.539398703724
9.63,-83.79815516927363,-0.07748449218752682,1.0,3504.6435495726764
9.64,-83.8407921542531,-0.0774146830642005,1.0,3501.7456439882517
9.65,-83.8833612851926,-0.07734501073517427,1.0,3498.845684610307
9.66,-83.9258621921947,-0.07727547405356261,1.0,3495.943674094975
9.67,-83.96829449608549,-0.0772060719053464,1.0,3493.039615109563
9.68,-84.01065780800582,-0.07713680321018722,1.0,3490.133510313928
9.69,-84.05295172898725,-0.07706766692218248,1.0,3487.2253623604774
9.700000000000001,-84.09517584950551,-0.07699866203056417,1.0,3484.3151739239693
9.71,-84.13732974901268,-0.07692978756033687,1.0,3481.402947667986
9.72,-84.17941299545372,-0.07686104257285545,1.0,3478.4886862523854
9.73,-84.22142514475574,-0.0767924261663458,1.0,3475.572392337024
9.74,-84.2633657402972,-0.07672393747636494,1.0,3472.654068585485
9.75,-84.30523431235544,-0.07665557567620256,1.0,3469.733717661351
9.76,-84.34703037752783,-0.07658733997722243,1.0,3466.8113422356546
9.77,-84.38875343813032,-0.07651922962914513,1.0,3463.8869449794292
9.78,-84.43040298156853,-0.07645124392027201,1.0,3460.9605285413563
9.790000000000001,-84.4719784796847,-0.07638338217765182,1.0,3458.032095603645
9.8,-84.51347938807467,-0.07631564376719133,1.0,3455.101648826152
9.81,-84.55490514538164,-0.07624802809370437,1.0,3452.169190876186
9.82,-84.59625517255202,-0.0761805346009104,1.0,3449.2347244285047
9.83,-84.63752887207123,-0.07611316277137418,1.0,3446.298252142966
9.84,-84.67872562716109,-0.0760459121263916,1.0,3443.3597766943276
9.85,-84.71984480094694,-0.0759787822258234,1.0,3440.419300761074
9.86,-84.76088573559183,-0.07591177266787409,1.0,3437.476827006787
9.870000000000001,-84.80184775139669,-0.0758448830888201,1.0,3434.532358098775
9.88,-84.84273014586094,-0.07577811316268881,1.0,3431.585896715522
9.89,-84.88353219270917,-0.07571146260088733,1.0,3428.637445535511
9.9,-84.92425314087966,-0.07564493115178146,1.0,3425.6870072223246
9.91,-84.9648922134689,-0.07557851860022886,1.0,3422.734584465623
9.92,-85.00544860663847,-0.07551222476706793,1.0,3419.780179928988
9.93,-85.04592148847574,-0.07544604950855854,1.0,3416.823796298355
9.94,-85.0863099978118,-0.07537999271578304,1.0,3413.8654362410307
9.950000000000001,-85.12661324299322,-0.0753140543140026,1.0,3410.9051024504006
9.96,-85.16683030060099,-0.07524823426197433,1.0,3407.9427975974977
9.97,-85.20696021412675,-0.07518253255122721,1.0,3404.978524364531
9.98,-85.24700199259004,-0.07511694920530211,1.0,3402.012285437435
9.99,-85.28695460910382,-0.07505148427895346,1.0,3399.0440834984183
10.0,-85.3268169993852,-0.07498613785731548,-1.0,3396.073921225965
10.01,-85.366588060205,-0.07492091005503491,1.0,3393.10180131346
10.02,-85.4062666477771,0.5193618335151392,1.0,3390.1277264393866
10.03,-85.13244303931904,0.4630058675078573,1.0,3387.1440312452614
10.040000000000001,-84.88615044039786,0.3985919426068966,1.0,3384.1667942143977
10.05,-84.67271998616707,0.33392808466708995,1.0,3381.1841598302126
10.06,-84.49305101953061,0.26992953391348307,1.0,3378.2002940177917
10.07,-84.3473203059323,0.20731827715756895,1.0,3375.2146112695336
10.08,-84.23514703380785,0.14673223572334076,1.0,3372.227089073509
10.09,-84.15568059219746,0.08872726523262488,1.0,3369.237710148096
10.1,-84.10767478393312,0.033778158785179424,1.0,3366.246458210051
10.11,-84.08955328396519,-0.017719467323638133,1.0,3363.253318000585
10.120000000000001,-84.09946856024374,-0.06544650824670395,1.0,3360.2582754828036
10.13,-84.13535557193403,-0.10915705750850645,1.0,3357.261317882687
10.14,-84.1949810400853,-0.14867456737128423,1.0,3354.262433812022
10.15,-84.27598878070762,-0.18388759184727946,1.0,3351.2616132721305
10.16,-84.37594141336818,-0.21474520973031613,1.0,3348.2588477171957
10.17,-84.49235865908459,-0.2412522137615456,1.0,3345.254130076617
10.18,-84.62275238875692,-0.2634641416504587,1.0,3342.2474546916783
10.19,-84.7646585585914,-0.28148221531537865,1.0,3339.2388173267245
10.200000000000001,-84.91566615956783,-0.2954482464605103,1.0,3336.2282151170075
10.21,-85.07344330558986,-0.3055395594623002,1.0,3333.215646520257
10.22,-85.23576058318683,-0.3119639764274576,1.0,3330.2011112309992
10.23,-85.40051177936203,-0.31495490409668436,1.0,3327.1846101246774
10.24,-85.56573208893118,-0.314766557862306,1.0,3324.166145168245
10.25,-85.7296138747454,-0.31166935439148413,1.0,3321.1457193158567
10.26,-85.89052001102912,-0.3059455010445392,1.0,3318.123336441815
10.27,-86.04699478134957,-0.2978848073030049,1.0,3315.0990012176335
10.28,-86.19777223155411,-0.287780740642344,1.0,3312.0727190449834
10.290000000000001,-86.34178180231267,-0.2759267465882584,1.0,3309.0444959253073
10.3,-86.47815099910409,-0.26261284999515927,1.0,3306.014338389039
10.31,-86.60620481827011,-0.24812255181795048,1.0,3302.982253383845
10.32,-86.7254616574273,-0.2327300327758096,1.0,3299.9482482150197
10.33,-86.83562551619706,-0.21669767231509365,1.0,3296.912330403924
10.34,-86.93657444908531,-0.2002738881746292,1.0,3293.8745076693594
10.35,-87.02834546096942,-0.18369129866582495,1.0,3290.834787800908
10.36,-87.11111631189969,-0.1671652065413256,1.0,3287.79317862913
10.370000000000001,-87.18518497863096,-0.15089240008990648,1.0,3284.7496879175305
10.38,-87.25094775227302,-0.13505026391833602,1.0,3281.704323336482
10.39,-87.30887708509185,-0.1197961888233304,1.0,3278.65709239617
10.4,-87.35950030258884,-0.10526726727769087,1.0,3275.6080024130642
10.41,-87.40338016465167,-0.09158025841076832,1.0,3272.5570604652166
10.42,-87.44109801539122,-0.07883180400484138,1.0,3269.5042733438313
10.43,-87.47323995042017,-0.06709887499856886,1.0,3266.449647553265
10.44,-87.50038610673312,-0.05643942631985549,1.0,3263.393189281225
10.450000000000001,-87.52310289323975,-0.04689323658649628,1.0,3260.334904368967
10.46,-87.5419377645416,-0.03848290832676001,1.0,3257.2747983299196
10.47,-87.5574160127963,-0.031215003885876235,1.0,3254.212876327336
10.48,-87.5700390112409,-0.025081292090430796,1.0,3251.1491431705654
10.49,-87.5802833738198,-0.02006008102412806,1.0,3248.0836033262312
10.5,-87.58860057708175,-0.016117612900025714,1.0,3245.0162609629333
10.51,-87.59541670010648,-0.013209497964319323,1.0,3241.9471198804677
10.52,-87.60113205543894,-0.011282165597664087,1.0,3238.8761836104095
10.53,-87.60612059309545,-0.010274312250657384,1.0,3235.803455390036
10.540000000000001,-87.61072905070952,-0.01011832751664255,1.0,3232.7289381809533
10.55,-87.6152758907829,-0.010741681462945263,1.0,3229.652634717524
10.56,-87.62005011024078,-0.012068258266559615,1.0,3226.574547495693
10.57,-87.625310030107,-0.014019623189484173,1.0,3223.4946788176894
10.58,-87.63128217822269,-0.016516211942147356,1.0,3220.4130308181047
10.59,-87.63816036995884,-0.01947843348377686,1.0,3217.329605471343
10.6,-87.64610507542909,-0.022827679263328925,1.0,3214.2444046400487
10.61,-87.6552431406587,-0.02648723378514795,1.0,3211.157430060208
10.620000000000001,-87.66566790761375,-0.03038308316597023,1.0,3208.0686834082007
10.63,-87.6774397562321,-0.034444620014886164,1.0,3204.978166282177
10.64,-87.69058707202124,-0.038605244500640463,1.0,3201.8858802579343
10.65,-87.70510762618913,-0.04280286286061562,1.0,3198.791826877743
10.66,-87.72097034195025,-0.046980285846417884,1.0,3195.6960076913238
10.67,-87.73811741048364,-0.051085530689061076,1.0,3192.598424255848
10.68,-87.75646671270295,-0.055072031102357775,1.0,3189.4990781620145
10.69,-87.77591449810122,-0.058898760628875196,1.0,3186.3979710265994
10.700000000000001,-87.79633826901885,-0.06253027527353178,1.0,3183.2951045259833
10.71,-87.81759981717143,-0.06593668187208923,1.0,3180.190480403602
10.72,-87.83954835892605,-0.0690935390133119,1.0,3177.0841004624963
10.73,-87.86202371611466,-0.0719816975832107,1.0,3173.9759665727615
10.74,-87.88485949005738,-0.07458708813699655,1.0,3170.8660807050765
10.75,-87.90788617758665,-0.07690046233893755,1.0,3167.754444885999
10.76,-87.93093417942625,-0.0789170956522134,1.0,3164.641061246395
10.77,-87.95383665306176,-0.08063645831995822,1.0,3161.5259319879115
10.78,-87.97643216459912,-0.0820618614647338,1.0,3158.409059420228
10.790000000000001,-87.998567097135,-0.08320008485613975,1.0,3155.2904458865523
10.8,-88.02009777700846,-0.08406099256424998,1.0,3152.170093856752
10.81,-88.04089228441669,-0.0846571423387968,1.0,3149.0480058528483
10.82,-88.0608319210566,-0.08500339413880587,1.0,3145.9241844676435
10.83,-88.0798123151356,-0.08511652279262366,1.0,3142.7986323796213
10.84,-88.09774415291183,-0.0850148393013542,1.0,3139.671352304518
10.85,-88.11455353580715,-0.0847178248167014,1.0,3136.5423470437527
10.86,-88.13018197265392,-0.0842457808336142,1.0,3133.411619409919
10.870000000000001,-88.14458602723413,-0.08361949864508882,1.0,3130.2791723012924
10.88,-88.15773665140726,-0.08285995061671485,1.0,3127.1450086422265
10.89,-88.16961824310127,-0.08198800535724472,1.0,3124.0091313682497
10.9,-88.18022747566937,-0.08102416839349463,1.0,3120.871543467045
10.91,-88.18957195023202,-0.07998834950752334,1.0,3117.732247952372
10.92,-88.19766872516021,-0.07889965746519512,1.0,3114.5912478379905
10.93,-88.20454277690969,-0.07777622246132437,1.0,3111.448546141386
10.94,-88.2102254440036,-0.07663504623051735,1.0,3108.3041459172964
10.950000000000001,-88.21475290143132,-0.07549187942701288,1.0,3105.1580502167344
10.96,-88.2181647065502,-0.07436112556320915,1.0,3102.010262057185
10.97,-88.22050245028174,-0.07325577051661303,1.0,3098.860784471035
10.98,-88.22180853950758,-0.07218733636958287,1.0,3095.7096205055714
10.99,-88.22212512870699,-0.07116585813594721,1.0,3092.556773159653
11.0,-88.22149321130499,-0.07019988175341232,1.0,3089.402245439589
11.01,-88.21995187449308,-0.06929648158018836,1.0,3086.246040325612
11.02,-88.21753771546365,-0.06846129552760437,1.0,3083.088160790503
11.03,-88.21428441224035,-0.06769857588652321,1.0,3079.928609777242
11.040000000000001,-88.2102224387396,-0.0670112538624765,1.0,3076.7673902139068
11.05,-88.20537891101554,-0.06640101582084891,1.0,3073.6045050174
11.06,-88.19977755007353,-0.06586838925698846,1.0,3070.4399570710957
11.07,-88.19343874573813,-0.06541283654455393,1.0,3067.273749243468
11.08,-88.18637970586849,-0.06503285457622048,1.0,3064.105884388089
11.09,-88.1786146754956,-0.06472607849147625,1.0,3060.9363653324544
11.1,-88.17015521113196,-0.06448938778400452,1.0,3057.7651948854327
11.11,-88.16101049636147,-0.06431901319335281,1.0,3054.5923758372664
11.120000000000001,-88.15118768596429,-0.06421064290958568,1.0,3051.4179109707475
11.13,-88.14069226685731,-0.06415952675275392,1.0,3048.241803046316
11.14,-88.12952842545107,-0.064160577128785,1.0,3045.0640548169613
11.15,-88.11769941209768,-0.0642084657073447,1.0,3041.8846690021455
11.16,-88.10520789452578,-0.06429771491308905,1.0,3038.7036483325064
11.17,-88.09205629330987,-0.06442278346738249,1.0,3035.5209955237806
11.18,-88.07824709346961,-0.06457814536105559,1.0,3032.3367132768035
11.19,-88.0637831274384,-0.06475836177840151,1.0,3029.1508042924106
11.200000000000001,-88.04866782561243,-0.06495814562677156,1.0,3025.9632712602615
11.21,-88.03290543173394,-0.06517241845352383,1.0,3022.774116873741
11.22,-88.01650118130368,-0.06539635965155688,1.0,3019.583343807608
11.23,-87.99946144212583,-0.06562544796529918,1.0,3016.390954747796
11.24,-87.98179381695421,-0.06585549541009446,1.0,3013.1969523765147
11.25,-87.96350720900297,-0.06608267380889017,1.0,3010.001339379698
11.26,-87.94461185181653,-0.06630353423064576,1.0,3006.8041184209287
11.27,-87.9251193055798,-0.06651501968475469,1.0,3003.6052922047675
11.28,-87.90504242258802,-0.06671447148498733,1.0,3000.4048634059727
11.290000000000001,-87.88439528493404,-0.06689962974512595,1.0,2997.2028347067535
11.3,-87.86319311789127,-0.06706862850687108,1.0,2993.9992088228464
11.31,-87.84145218268178,-0.06721998602904385,1.0,2990.7939884215593
11.32,-87.819189652421,-0.0673525907861331,1.0,2987.587176222354
11.33,-87.79642347512626,-0.06746568373435809,1.0,2984.3787749111652
11.34,-87.77317222755893,-0.06755883740522695,1.0,2981.1687872111797
11.35,-87.74945496357184,-0.0676319323808378,1.0,2977.957215823233
11.36,-87.72529106039062,-0.06768513169249876,1.0,2974.744063474238
11.370000000000001,-87.70070006602349,-0.06771885366549359,1.0,2971.5293328762054
11.38,-87.67570155064779,-0.06773374370866897,1.0,2968.313026763499
11.39,-87.65031496448354,-0.06773064551881822,1.0,2965.09514785558
11.4,-87.62455950432222,-0.06771057213727942,1.0,2961.8756988942623
11.41,-87.5984539904567,-0.0676746772605775,1.0,2958.6546826139092
11.42,-87.57201675541968,-0.0676242271689871,1.0,2955.4321017488837
11.43,-87.54526554556284,-0.06756057359733268,1.0,2952.2079590447247
11.44,-87.51821743615389,-0.06748512783179286,1.0,2948.9822572395205
11.450000000000001,-87.49088876035752,-0.06739933627558203,1.0,2945.7549990974367
11.46,-87.46329505215921,-0.06730465768572602,1.0,2942.5261873602867
11.47,-87.43545100304004,-0.06720254224321588,1.0,2939.2958247698843
11.48,-87.40737043196303,-0.06709441258014605,1.0,2936.0639140941203
11.49,-87.37906626805298,-0.06698164685035683,1.0,2932.830458071083
11.5,-87.35055054517224,-0.06686556389503967,1.0,2929.5954594649374
11.51,-87.32183440747023,-0.06674741052199358,1.0,2926.3589210361242
11.52,-87.29292812489376,-0.06662835088697212,1.0,2923.1208455227315
11.53,-87.26384111755327,-0.06650945793807585,1.0,2919.8812356851995
11.540000000000001,-87.23458198782923,-0.06639170685951797,1.0,2916.6400942876935
11.55,-87.20515855904888,-0.06627597042942693,1.0,2913.397424079478
11.56,-87.17557791960368,-0.0661630161877078,1.0,2910.1532278098166
11.57,-87.14584647135963,-0.06605350529434072,1.0,2906.9075082428753
11.58,-87.11596998130085,-0.06594799294580748,1.0,2903.660268113017
11.59,-87.08595363535193,-0.06584693020754914,1.0,2900.4115101844072
11.6,-87.05580209342612,-0.06575066711334264,1.0,2897.1612372137606
11.61,-87.02551954479796,-0.06565945687808745,1.0,2893.9094519391656
11.620000000000001,-86.99510976298706,-0.06557346106859727,1.0,2890.6561571098864
11.63,-86.96457615942901,-0.06549275557735802,1.0,2887.4013554789126
11.64,-86.93392183529126,-0.06541733724667806,1.0,2884.145049791783
11.65,-86.9031496308796,-0.06534713099499921,1.0,2880.887242794037
11.66,-86.87226217217511,-0.06528199730314349,1.0,2877.6279372237623
11.67,-86.8412619141289,-0.0652217399256921,1.0,2874.3671358302236
11.68,-86.81015118041748,-0.065166113701351,1.0,2871.104841362685
11.69,-86.77893219945226,-0.06511483234577903,1.0,2867.8410565555096
11.700000000000001,-86.74760713650488,-0.0650675761207711,1.0,2864.575784150511
11.71,-86.71617812188329,-0.06502399928464717,1.0,2861.3090268932283
11.72,-86.68464727516572,-0.0649837372400313,1.0,2858.040787514299
11.73,-86.65301672553676,-0.06494641330671126,1.0,2854.7710687741637
11.74,-86.62128862834678,-0.06491164505878154,1.0,2851.4998733885586
11.75,-86.58946517804567,-0.0648790501766153,1.0,2848.227204106748
11.76,-86.55754861768396,-0.06484825177527953,1.0,2844.9530636779964
11.77,-86.52554124521308,-0.06481888318160768,1.0,2841.6774548254907
11.78,-86.49344541682716,-0.06479059214225608,1.0,2838.4003802910447
11.790000000000001,-86.4612635476277,-0.064763044454514,1.0,2835.1218428239226
11.8,-86.42899810988982,-0.06473592702038174,1.0,2831.8418451584876
11.81,-86.39665162923033,-0.06470895033242155,1.0,2828.560390032828
11.82,-86.36422667896565,-0.06468185040705351,1.0,2825.277480185032
11.83,-86.33172587296559,-0.0646543901872846,1.0,2821.9931183569133
11.84,-86.29915185728434,-0.06462636044233806,1.0,2818.7073072865605
11.85,-86.26650730085109,-0.06459758019625492,1.0,2815.4200497195125
11.86,-86.23379488549347,-0.06456789672130085,1.0,2812.1313483938575
11.870000000000001,-86.20101729553392,-0.06453718513494433,1.0,2808.8412060514092
11.88,-86.16817720720643,-0.0645053476413035,1.0,2805.549625441432
11.89,-86.13527727809542,-0.06447231245933983,1.0,2802.2566092796624
11.9,-86.1023201368024,-0.06443803248073506,1.0,2798.962160333991
11.91,-86.06930837299805,-0.06440248370040563,1.0,2795.6662813462317
11.92,-86.03624452802225,-0.06436566346198533,1.0,2792.368975047022
11.93,-86.00313108614674,-0.06432758855950518,1.0,2789.0702441968024
11.94,-85.96997046661286,-0.06428829323484994,1.0,2785.7700915262103
11.950000000000001,-85.93676501651943,-0.06424782710854786,1.0,2782.4685197770596
11.96,-85.90351700462443,-0.06420625307907901,1.0,2779.1655317023396
11.97,-85.87022861610305,-0.06416364522319976,1.0,2775.8611300438643
11.98,-85.83690194827857,-0.06412008672690281,1.0,2772.555317543447
11.99,-85.80353900733505,-0.06407566787356961,1.0,2769.248096950352
12.0,-85.77014170599683,-0.06403048411271227,1.0,2765.939471013844
12.01,-85.73671186215124,-0.06398463422948059,1.0,2762.6294424794614
12.02,-85.70325119837409,-0.06393821863190208,1.0,2759.3180140778422
12.030000000000001,-85.66976134230981,-0.06389133776963832,1.0,2756.0051885806024
12.040000000000001,-85.63624382784727,-0.06384409069495818,1.0,2752.6909687146544
12.05,-85.60270009702333,-0.06379657377364531,1.0,2749.3753572292626
12.06,-85.56913150258691,-0.06374887955076282,1.0,2746.058356873691
12.07,-85.53553931114283,-0.06370109577352881,1.0,2742.7399703897536
12.08,-85.5019247068007,-0.06365330457114067,1.0,2739.4202005304396
12.09,-85.46828879524638,-0.06360558178915449,1.0,2736.099050037563
12.1,-85.43463260815888,-0.0635579964740351,1.0,2732.776521656662
12.11,-85.40095710789141,-0.06351061050174264,1.0,2729.4526181295514
12.120000000000001,-85.36726319234522,-0.06346347834270705,1.0,2726.1273422054946
12.13,-85.33355169996048,-0.06341664695427685,1.0,2722.800696633756
12.14,-85.29982341475237,-0.06337015579069877,1.0,2719.472684148699
12.15,-85.26607907133973,-0.06332403691989025,1.0,2716.1433074995875
12.16,-85.23231935989345,-0.06327831523569752,1.0,2712.8125694431365
12.17,-85.19854493096639,-0.06323300875396641,1.0,2709.4804726988077
12.18,-85.16475640014495,-0.06318812898060355,1.0,2706.147020034492
12.19,-85.13095435249076,-0.06314368133982659,1.0,2702.8122141696513
12.200000000000001,-85.0971393467365,-0.06309966565098164,1.0,2699.476057868451
12.21,-85.06331191920545,-0.0630560766426738,1.0,2696.1385538578033
12.22,-85.0294725874321,-0.06301290449339761,1.0,2692.799704890698
12.23,-84.9956218534753,-0.06297013538847342,1.0,2689.459513697773
12.24,-84.96176020690201,-0.06292775208374715,1.0,2686.117983032018
12.25,-84.92788812744647,-0.06288573446729387,1.0,2682.775115620345
12.26,-84.89400608733969,-0.0628440601111647,1.0,2679.4309142157435
12.27,-84.8601145533125,-0.0628027048060896,1.0,2676.085381541401
12.280000000000001,-84.82621398828593,-0.06276164307292223,1.0,2672.738520361483
12.290000000000001,-84.79230485275254,-0.06272084864552016,1.0,2669.3903333880007
12.3,-84.75838760587168,-0.06268029492063365,1.0,2666.0408233702183
12.31,-84.72446270629258,-0.06263995537127477,1.0,2662.6899930536747
12.32,-84.69053061272021,-0.06259980392085812,1.0,2659.3378451541066
12.33,-84.65659178425699,-0.06255981527624883,1.0,2655.984382431954
12.34,-84.62264668053055,-0.06251996521860605,1.0,2652.629607591778
12.35,-84.58869576163714,-0.062480230851617524,1.0,2649.2735233977437
12.36,-84.55473948792346,-0.06244059080740484,1.0,2645.9161325655878
12.370000000000001,-84.52077831963143,-0.062401025410936194,1.0,2642.5574378333986
12.38,-84.48681271642523,-0.06236151680435228,1.0,2639.1974419392645
12.39,-84.45284313682782,-0.062322049033036696,1.0,2635.836147606373
12.4,-84.41887003758681,-0.06228260809567702,1.0,2632.473557572812
12.41,-84.38489387298883,-0.06224318196088154,1.0,2629.1096745580435
12.42,-84.35091509414463,-0.06220376055316805,1.0,2625.7445013038814
12.43,-84.31693414825958,-0.06216433571134764,1.0,2622.378040522337
12.44,-84.28295147790851,-0.06212490112244219,1.0,2619.010294958949
12.450000000000001,-84.24896752032649,-0.06208545223436668,1.0,2615.6412673331797
12.46,-84.21498270673065,-0.06204598615060742,1.0,2612.2709603644907
12.47,-84.18099746168413,-0.062006501510117565,1.0,2608.89937678352
12.48,-84.14701220250622,-0.06196699835556282,1.0,2605.526519320905
12.49,-84.1130273387443,-0.06192747799294043,1.0,2602.152390692383
12.5,-84.07904327170651,-0.061887942845451176,1.0,2598.7769936211407
12.51,-84.04506039406273,-0.06184839630432527,1.0,2595.4003308340907
12.52,-84.01107908951319,-0.061808842579095837,1.0,2592.022405039519
12.530000000000001,-83.97709973253228,-0.061769286549604036,1.0,2588.6432189680636
12.540000000000001,-83.94312268817835,-0.06172973362178235,1.0,2585.262775339186
12.55,-83.90914831197544,-0.06169018958901384,1.0,2581.881076864898
12.56,-83.8751769498642,-0.06165066050063084,1.0,2578.4981262609363
12.57,-83.84120893821046,-0.06161115253885821,1.0,2575.113926243037
12.58,-83.80724460387968,-0.061571671905264365,1.0,2571.728479538113
12.59,-83.77328426436459,-0.06153222471754456,1.0,2568.341788843274
12.6,-83.73932822796068,-0.061492816917232185,1.0,2564.9538568779826
12.61,-83.7053767939885,-0.06145345418872176,1.0,2561.564686357975
12.620000000000001,-83.6714302530548,-0.06141414188976904,1.0,2558.1742799840868
12.63,-83.63748888734305,-0.06137488499346344,1.0,2554.7826404832304
12.64,-83.60355297093464,-0.06133568804149083,1.0,2551.3897705487907
12.65,-83.56962277014794,-0.061296555108344246,1.0,2547.9956728965044
12.66,-83.53569854389413,-0.06125748977602654,1.0,2544.6003502309322
12.67,-83.50178054404081,-0.06121849511865292,1.0,2541.2038052529097
12.68,-83.4678690157825,-0.06117957369628168,1.0,2537.8060406781733
12.69,-83.43396419800686,-0.06114072755721928,1.0,2534.4070592038333
12.700000000000001,-83.40006632365956,-0.06110195824798483,1.0,2531.006863527
12.71,-83.366175620097,-0.06106326683008781,1.0,2527.605456355959
12.72,-83.33229230942882,-0.06102465390273666,1.0,2524.202840398997
12.73,-83.29841660884196,-0.06098611963059563,1.0,2520.7990183383226
12.74,-83.2645487309087,-0.060947663775708275,1.0,2517.3939928859472
12.75,-83.23068888387235,-0.06090928573273055,1.0,2513.9877667315304
12.76,-83.19683727191216,-0.06087098456662873,1.0,2510.5803425759077
12.77,-83.16299409538257,-0.06083275905206262,1.0,2507.171723112464
12.780000000000001,-83.12915955102989,-0.06079460771369419,1.0,2503.76191104576
12.790000000000001,-83.09533383218435,-0.060756528866739566,1.0,2500.3509090468287
12.8,-83.0615171289256,-0.060718520657124825,1.0,2496.938719831407
12.81,-83.02770962822623,-0.06068058110068355,1.0,2493.5253460742533
12.82,-82.99391151406937,-0.06064270812088446,1.0,2490.1107904799283
12.83,-82.96012296754654,-0.06060489958466776,1.0,2486.695055730641
12.84,-82.92634416692806,-0.06056715333601269,1.0,2483.2781445123255
12.85,-82.89257528772254,-0.06052946722694712,1.0,2479.8600595220923
12.86,-82.85881650270807,-0.060491839145763164,1.0,2476.4408034347
12.870000000000001,-82.82506798195199,-0.06045426704226916,1.0,2473.0203789509833
12.88,-82.79132989281672,-0.06041674894997468,1.0,2469.598788741976
12.89,-82.75760239994645,-0.06037928300514996,1.0,2466.1760354936123
12.9,-82.72388566524727,-0.060341867462766666,1.0,2462.7521218918264
12.91,-82.69017984785758,-0.06030450070935933,1.0,2459.327050630003
12.92,-82.65648510410685,-0.06026718127290298,1.0,2455.9008243717253
12.93,-82.62280158747272,-0.060229907829826825,1.0,2452.473445802927
12.94,-82.58912944853141,-0.06019267920933124,1.0,2449.0449176095426
12.950000000000001,-82.55546883490679,-0.060155494395178,1.0,2445.6152424551547
12.96,-82.52181989121641,-0.06011835252516966,1.0,2442.1844230405986
12.97,-82.48818275902013,-0.06008125288853454,1.0,2438.752462018281
12.98,-82.45455757676847,-0.06004419492144574,1.0,2435.3193620815873
12.99,-82.42094447975502,-0.06000717820092417,1.0,2431.8851258940995
13.0,-82.38734360007096,-0.059970202437349115,1.0,2428.449756141752
13.01,-82.35375506656486,-0.059933267465831885,1.0,2425.013255484402
13.02,-82.32017900480876,-0.05989637323667581,1.0,2421.5756266117096
13.030000000000001,-82.2866155370682,-0.0598595198051547,1.0,2418.136872176081
13.040000000000001,-82.25306478227948,-0.0598227073208201,1.0,2414.6969948634505
13.05,-82.21952685603333,-0.059785936016546234,1.0,2411.2559973448515
13.06,-82.18600187056552,-0.059749206197488455,1.0,2407.813882276416
13.07,-82.15248993475407,-0.059712518230137915,1.0,2404.3706523366272
13.08,-82.11899115412334,-0.05967587253161875,1.0,2400.9263101927936
13.09,-82.08550563085515,-0.05963926955935995,1.0,2397.4808585122228
13.1,-82.05203346380652,-0.05960270980126473,1.0,2394.0342999584973
13.11,-82.01857474853244,-0.05956619376646918,1.0,2390.5866371951997
13.120000000000001,-81.98512957731766,-0.05952972197677214,1.0,2387.137872900814
13.13,-81.95169803921036,-0.0594932949587948,1.0,2383.6880097202957
13.14,-81.91828022006385,-0.05945691323691455,1.0,2380.2370503246784
13.15,-81.88487620258245,-0.05942057732700446,1.0,2376.784997384995
13.16,-81.8514860663702,-0.05938428773098275,1.0,2373.3318535499275
13.17,-81.81810988798657,-0.059348044932175874,1.0,2369.8776214905083
13.18,-81.78474774100196,-0.05931184939148493,1.0,2366.4223038591444
13.19,-81.75139969605942,-0.05927570154431922,1.0,2362.9659033305943
13.200000000000001,-81.71806582093626,-0.05923960179827378,1.0,2359.5084225460887
13.21,-81.68474618061059,-0.05920355053149766,1.0,2356.049864165485
13.22,-81.65144083732622,-0.05916754809171365,1.0,2352.590230859816
13.23,-81.61814985066142,-0.05913159479582253,1.0,2349.1295252777636
13.24,-81.5848732775977,-0.059095690930039566,1.0,2345.667750068009
13.25,-81.55161117258837,-0.059059836750502304,1.0,2342.2049079053104
13.26,-81.51836358762941,-0.059024032484282986,1.0,2338.7410014271736
13.27,-81.4851305723284,-0.05898827833073957,1.0,2335.2760332897305
13.280000000000001,-81.45191217397327,-0.0589525744631519,1.0,2331.8100061528385
13.290000000000001,-81.41870843760296,-0.05891692103057089,1.0,2328.342922665179
13.3,-81.38551940607388,-0.05888131815982846,1.0,2324.8747854717076
13.31,-81.35234512012836,-0.05884576595765186,1.0,2321.4055972397327
13.32,-81.31918561846159,-0.05881026451282978,1.0,2317.9353606030345
13.33,-81.28604093778749,-0.058774813898380365,1.0,2314.46407822147
13.34,-81.2529111129021,-0.058739414173686076,1.0,2310.9917527399957
13.35,-81.21979617674944,-0.05870406538654728,1.0,2307.5183868035674
13.36,-81.18669616048261,-0.05866876757513035,1.0,2304.0439830608666
13.370000000000001,-81.15361109352578,-0.05863352076977755,1.0,2300.5685441605747
13.38,-81.12054100363461,-0.0585983249946556,1.0,2297.092072751373
13.39,-81.08748591695705,-0.05856318026922883,1.0,2293.6145714707673
13.4,-81.05444585809055,-0.0585280866095406,1.0,2290.1360429674387
13.41,-81.02142085014056,-0.05849304402929641,1.0,2286.6564898751676
13.42,-80.98841091477672,-0.05845805254074307,1.0,2283.1759148538113
13.43,-80.9554160722903,-0.05842311215534534,1.0,2279.6943205296993
13.44,-80.92243634164815,-0.058388222884258795,1.0,2276.211709547788
13.450000000000001,-80.88947174054806,-0.058353384738614664,1.0,2272.728084553033
13.46,-80.85652228547262,-0.05831859772961475,1.0,2269.24344817549
13.47,-80.82358799174288,-0.058283861868456056,1.0,2265.757803052664
13.48,-80.79066887357132,-0.05824917716609756,1.0,2262.2711518369615
13.49,-80.75776494411319,-0.05821454363288063,1.0,2258.7834971509874
13.5,-80.72487621552028,-0.05817996127802179,1.0,2255.294841632247
13.51,-80.69200269899089,-0.05814543010900064,1.0,2251.80518790707
13.52,-80.65914440482128,-0.05811095013084977,1.0,2248.3145386353135
13.530000000000001,-80.62630134245639,-0.05807652134537498,1.0,2244.822896413505
13.540000000000001,-80.59347352054017,-0.058042143750313316,1.0,2241.330263901502
13.55,-80.56066094696465,-0.05800781733846274,1.0,2237.8366437144578
13.56,-80.52786362891948,-0.05797354209677808,1.0,2234.342038489878
13.57,-80.49508157294035,-0.05793931800547018,1.0,2230.846450854093
13.58,-80.46231478495746,-0.05790514503710787,1.0,2227.3498834334314
13.59,-80.42956327034283,-0.057871023155746215,1.0,2223.8523388542235
13.6,-80.39682703395711,-0.05783695231608873,1.0,2220.353819742799
13.61,-80.36410608019551,-0.0578029324626958,1.0,2216.8543287217617
13.620000000000001,-80.3314004130338,-0.057768963529249234,1.0,2213.3538684099913
13.63,-80.29871003607212,-0.05773504543788092,1.0,2209.852441444993
13.64,-80.2660349525792,-0.05770117809857241,1.0,2206.3500504270196
13.65,-80.2333751655353,-0.05766736140862957,1.0,2202.8466979935765
13.66,-80.20073067767298,-0.05763359525224145,1.0,2199.3423867486417
13.67,-80.16810149151844,-0.0575998795001167,1.0,2195.8371193297207
13.68,-80.13548760943094,-0.05756621400921066,1.0,2192.330898333341
13.69,-80.10288903364116,-0.05753259862253014,1.0,2188.8237263783813
13.700000000000001,-80.07030576628785,-0.05749903316903035,1.0,2185.315606087446
13.71,-80.03773780945289,-0.057465517463587024,1.0,2181.8065400645137
13.72,-80.00518516519746,-0.05743205130705028,1.0,2178.2965309284627
13.73,-79.97264783559292,-0.05739863448637842,1.0,2174.785581279546
13.74,-79.9401258227527,-0.05736526677483764,1.0,2171.273693740368
13.75,-79.90761912886248,-0.05733194793227605,1.0,2167.7608709074557
13.76,-79.87512775620836,-0.057298677705453986,1.0,2164.2471153847873
13.77,-79.84265170720256,-0.057265455828439386,1.0,2160.732429794967
13.780000000000001,-79.81019098440939,-0.05723228202305023,1.0,2157.2168167196214
13.790000000000001,-79.77774559056856,-0.05719915599934281,1.0,2153.7002787813544
13.8,-79.74531552861559,-0.05716607745614837,1.0,2150.1828185617924
13.81,-79.71290080170341,-0.05713304608163597,1.0,2146.6644386798143
13.82,-79.68050141321967,-0.05710006155391461,1.0,2143.145141713321
13.83,-79.64811736680296,-0.05706712354165164,1.0,2139.6249302737415
13.84,-79.6157486663591,-0.05703423170472095,1.0,2136.103806961328
13.85,-79.58339531607278,-0.057001385694857215,1.0,2132.5817743465304
13.86,-79.55105732041983,-0.05696858515632642,1.0,2129.058835051954
13.870000000000001,-79.51873468417739,-0.0569358297266045,1.0,2125.5349916405976
13.88,-79.48642741243151,-0.05690311903705128,1.0,2122.010246731341
13.89,-79.4541355105842,-0.05687045271359575,1.0,2118.484602883458
13.9,-79.42185898435858,-0.05683783037740588,1.0,2114.958062708378
13.91,-79.3895978398023,-0.056805251645563416,1.0,2111.430628772825
13.92,-79.35735208328936,-0.05677271613171936,1.0,2107.9023036696017
13.93,-79.32512172152089,-0.05674022344675044,1.0,2104.3730899840593
13.94,-79.29290676152442,-0.05670777319939441,1.0,2100.842990282923
13.950000000000001,-79.26070721065186,-0.056675364996875185,1.0,2097.3120071664453
13.96,-79.22852307657521,-0.05664299844551723,1.0,2093.780143197626
13.97,-79.19635436728241,-0.05661067315133612,1.0,2090.2474009618163
13.98,-79.16420109107061,-0.056578388720622146,1.0,2086.7137830257416
13.99,-79.13206325653972,-0.056546144760501245,1.0,2083.1792919673026
14.0,-79.0999408725831,-0.056513940879483596,1.0,2079.6439303644
14.01,-79.0678339483787,-0.05648177668799165,1.0,2076.107700776309
14.02,-79.0357424933779,-0.05644965179887308,1.0,2072.570605777204
14.030000000000001,-79.00366651729476,-0.05641756582789974,1.0,2069.032647933811
14.040000000000001,-78.9716060300927,-0.05638551839424475,1.0,2065.493829805404
14.05,-78.93956104197174,-0.056353509120948324,1.0,2061.954153969884
14.06,-78.907531563354,-0.05632153763536553,1.0,2058.4136229790747
14.07,-78.87551760486882,-0.05628960356959597,1.0,2054.872239395976
14.08,-78.84351917733709,-0.0562577065609031,1.0,2051.330005787313
14.09,-78.81153629175488,-0.05622584625211439,1.0,2047.7869246974587
14.1,-78.77956895927683,-0.05619402229200623,1.0,2044.2429987043142
14.11,-78.74761719119809,-0.05616223433567828,1.0,2040.6982303373516
14.120000000000001,-78.71568099893618,-0.05613048204490457,1.0,2037.152622167021
14.13,-78.68376039401393,-0.05609876508848086,1.0,2033.6061767414212
14.14,-78.65185538803848,-0.05606708314254632,1.0,2030.0588966049254
14.15,-78.61996599268372,-0.05603543589089709,1.0,2026.5107843130827
14.16,-78.5880922196699,-0.05600382302528332,1.0,2022.9618424102664
14.17,-78.55623408074462,-0.055972244245688696,1.0,2019.4120734408498
14.18,-78.524391587662,-0.055940699260597034,1.0,2015.8614799492061
14.19,-78.49256475216315,-0.055909187787241806,1.0,2012.310064483434
14.200000000000001,-78.46075358595586,-0.0558777095518403,1.0,2008.7578295730054
14.21,-78.42895810069415,-0.055846264289809114,1.0,2005.2047777697444
14.22,-78.39717830795837,-0.05581485174596697,1.0,2001.6509116068482
14.23,-78.36541421923494,-0.05578347167471581,1.0,1998.096233613789
14.24,-78.33366584589561,-0.055752123840206995,1.0,1994.540746331215
14.25,-78.30193319917865,-0.05572080801648954,1.0,1990.9844522960484
14.26,-78.27021629016777,-0.055689523987637435,1.0,1987.427354041487
14.27,-78.23851512977376,-0.05565827154786038,1.0,1983.8694540821016
14.280000000000001,-78.20682972871415,-0.055627050501593674,1.0,1980.3107549585402
14.290000000000001,-78.17516009749517,-0.055595860663573304,1.0,1976.7512591965497
14.3,-78.14350624639232,-0.055564701858883056,1.0,1973.1909693144262
14.31,-78.11186818543297,-0.05553357392298875,1.0,1969.629887856543
14.32,-78.08024592437751,-0.055502476701749216,1.0,1966.0680173188448
14.33,-78.04863947270324,-0.055471410051404484,1.0,1962.505360238254
14.34,-78.01704883958617,-0.05544037383855224,1.0,1958.9419191293418
14.35,-77.98547403388616,-0.05540936794009195,1.0,1955.377696517855
14.36,-77.95391506412996,-0.05537839224315772,1.0,1951.8126948997378
14.370000000000001,-77.92237193849681,-0.05534744664502465,1.0,1948.2469168230891
14.38,-77.89084466480392,-0.05531653105300282,1.0,1944.6803647764027
14.39,-77.85933325049179,-0.05528564538429919,1.0,1941.1130412779748
14.4,-77.8278377026124,-0.05525478956587257,1.0,1937.5449488423765
14.41,-77.79635802781553,-0.05522396353426184,1.0,1933.9760899692774
14.42,-77.7648942323377,-0.05519316723539606,1.0,1930.4064671732485
14.43,-77.7334463219912,-0.05516240062438833,1.0,1926.836082957685
14.44,-77.70201430215339,-0.0551316636653095,1.0,1923.2649398334324
14.450000000000001,-77.67059817775777,-0.055100956330945604,1.0,1919.6930402964354
14.46,-77.63919795328502,-0.055070278602537534,1.0,1916.1203868538141
14.47,-77.60781363275528,-0.055039630469507536,1.0,1912.5469820015132
14.48,-77.57644521972159,-0.055009011929166095,1.0,1908.9728282429278
14.49,-77.54509271726289,-0.05497842298640796,1.0,1905.397928070277
14.5,-77.51375612797943,-0.05494786365339207,1.0,1901.8222839906812
14.51,-77.48243545398795,-0.054917333949210445,1.0,1898.2458984814584
14.52,-77.45113069691809,-0.05488683389954182,1.0,1894.6687740460038
14.530000000000001,-77.41984185790974,-0.05485636353630011,1.0,1891.0909131765366
14.540000000000001,-77.38856893761108,-0.05482592289726544,1.0,1887.5123183615506
14.55,-77.35731193617752,-0.05479551202571032,1.0,1883.9329920858145
14.56,-77.32607085327105,-0.05476513097001598,1.0,1880.3529368415475
14.57,-77.29484568806198,-0.054734779783282554,1.0,1876.7721551135182
14.58,-77.26363643922876,-0.05470445852293046,1.0,1873.1906493902206
14.59,-77.23244310496183,-0.054674167250297466,1.0,1869.6084221564233
14.6,-77.20126568296551,-0.054643906030231885,1.0,1866.0254758819938
14.61,-77.17010417046264,-0.054613674930680624,1.0,1862.4418130554259
14.620000000000001,-77.13895856419862,-0.05458347402227731,1.0,1858.8574361503124
14.63,-77.10782886044741,-0.054553303377924474,1.0,1855.2723476476967
14.64,-77.07671505501698,-0.05452316307237861,1.0,1851.6865500211716
14.65,-77.04561714325693,-0.054493053181833534,1.0,1848.1000457443297
14.66,-77.01453512006583,-0.05446297378350518,1.0,1844.5128372907639
14.67,-76.98346897989886,-0.054432924955218606,1.0,1840.9249271452427
14.68,-76.95241871677791,-0.05440290677499701,1.0,1837.3363177590072
14.69,-76.92138432430005,-0.05437291932065482,1.0,1833.7470116056502
14.700000000000001,-76.89036579564855,-0.05434296266939733,1.0,1830.1570111624897
14.71,-76.85936312360312,-0.054313036897422465,1.0,1826.5663188770413
14.72,-76.82837630055134,-0.05428314207952977,1.0,1822.9749372266233
14.73,-76.79740531850072,-0.05425327828873946,1.0,1819.3828686699271
14.74,-76.76645016909097,-0.05422344559591307,1.0,1815.7901156768203
14.75,-76.7355108436066,-0.05419364406938858,1.0,1812.196680687368
14.76,-76.70458733299034,-0.05416387377461943,1.0,1808.6025661863387
14.77,-76.67367962785718,-0.05413413477383026,1.0,1805.0077745988965
14.780000000000001,-76.6427877185077,-0.054104427125674225,1.0,1801.4123084060848
14.790000000000001,-76.611911594943,-0.05407475088491181,1.0,1797.8161700591445
14.8,-76.58105124687924,-0.05404510610209058,1.0,1794.2193619981408
14.81,-76.55020666376252,-0.0540154928232446,1.0,1790.62188667804
14.82,-76.51937783478421,-0.053985911089606854,1.0,1787.0237465500832
14.83,-76.48856474889654,-0.053956360937330874,1.0,1783.4249440655112
14.84,-76.45776739482798,-0.05392684239722817,1.0,1779.8254816569388
14.85,-76.426985761099,-0.05389735549452019,1.0,1776.2253617793322
14.86,-76.39621983603794,-0.053867900248607825,1.0,1772.624586880207
14.870000000000001,-76.36546960779746,-0.05383847667284964,1.0,1769.023159392178
14.88,-76.33473506436954,-0.05380908477436099,1.0,1765.4210817590356
14.89,-76.30401619360259,-0.053779724553827506,1.0,1761.8183564133942
14.9,-76.2733129832166,-0.053750396005334565,1.0,1758.2149858027697
14.91,-76.24262542081946,-0.05372109911621343,1.0,1754.6109723448753
14.92,-76.21195349392295,-0.05369183386690206,1.0,1751.0063184909523
14.93,-76.18129718995809,-0.05366260023082829,1.0,1747.4010266661644
14.94,-76.15065649629099,-0.05363339817430149,1.0,1743.795099299401
14.950000000000001,-76.1200314002383,-0.05360422765642828,1.0,1740.1885388195515
14.96,-76.08942188908264,-0.05357508862904354,1.0,1736.5813476517797
14.97,-76.05882795008685,-0.05354598103665735,1.0,1732.9735282212496
14.98,-76.02824957050957,-0.05351690481642009,1.0,1729.3650829605758
14.99,-75.99768673761922,-0.05348785989810458,1.0,1725.7560142725706
15.0,-75.96713943870864,-0.05345884620410395,1.0,1722.146324597299
15.01,-75.93660766110817,-0.053429863649450925,1.0,1718.5360163412988
15.02,-75.90609139219976,-0.053400912141846696,1.0,1714.9250919185579
15.030000000000001,-75.87559061943,-0.053371991581713386,1.0,1711.3135537616909
15.040000000000001,-75.84510533032231,-0.05334310186226043,1.0,1707.7014042660594
15.05,-75.8146355124899,-0.05331424286956246,1.0,1704.0886458419263
15.06,-75.78418115364686,-0.05328541448266257,1.0,1700.4752809144557
15.07,-75.75374224162042,-0.05325661657368372,1.0,1696.8613118827343
15.08,-75.72331876436111,-0.053227849007956185,1.0,1693.2467411495745
15.09,-75.69291070995358,-0.05319911164416305,1.0,1689.6315711289644
15.1,-75.66251806662626,-0.053170404334497455,1.0,1686.0158042162657
15.11,-75.63214082276119,-0.05314172692483415,1.0,1682.3994428142905
15.120000000000001,-75.60177896690237,-0.053113079254915575,1.0,1678.7824893146753
15.13,-75.57143248776434,-0.0530844611585497,1.0,1675.1649461239576
15.14,-75.54110137424027,-0.05305587246382154,1.0,1671.5468156412244
15.15,-75.51078561540866,-0.05302731299331374,1.0,1667.9281002432108
15.16,-75.48048520054046,-0.05299878256434113,1.0,1664.3088023401797
15.17,-75.45020011910492,-0.05297028098919716,1.0,1660.6889243200421
15.18,-75.41993036077523,-0.052941808075404245,1.0,1657.0684685595334
15.19,-75.38967591543367,-0.05291336362598004,1.0,1653.4474374391139
15.200000000000001,-75.35943677317574,-0.05288494743971025,1.0,1649.8258333653212
15.21,-75.3292129243139,-0.05285655931142958,1.0,1646.2036587111652
15.22,-75.29900435938154,-0.052828199032305574,1.0,1642.5809158459306
15.23,-75.26881106913487,-0.0527998663901357,1.0,1638.957607164979
15.24,-75.23863304455524,-0.05277156116964893,1.0,1635.3337350301445
15.25,-75.20847027685109,-0.05274328315280728,1.0,1631.709301829338
15.26,-75.17832275745837,-0.05271503211911901,1.0,1628.084309924394
15.27,-75.14819047804161,-0.05268680784594936,1.0,1624.4587616957724
15.280000000000001,-75.11807343049331,-0.0526586101088382,1.0,1620.8326595053077
15.290000000000001,-75.08797160693352,-0.052630438681817195,1.0,1617.2060057260096
15.3,-75.05788499970895,-0.052602293337731115,1.0,1613.578802715987
15.31,-75.02781360139087,-0.052574173848555915,1.0,1609.9510528482497
15.32,-74.99775740477334,-0.05254607998572175,1.0,1606.3227584660053
15.33,-74.96771640287048,-0.0525180115204302,1.0,1602.6939219497144
15.34,-74.93769058891296,-0.05248996822397535,1.0,1599.0645456463099
15.35,-74.90767995634525,-0.05246194986805429,1.0,1595.4346319176257
15.36,-74.8776844988209,-0.05243395622508497,1.0,1591.8041831068695
15.370000000000001,-74.84770421019826,-0.05240598706851159,1.0,1588.17320157215
15.38,-74.81773908453629,-0.05237804217311198,1.0,1584.5416896604002
15.39,-74.78778911608788,-0.052350121315295844,1.0,1580.9096497222781
15.4,-74.75785429929627,-0.05232222427339927,1.0,1577.2770840972662
15.41,-74.7279346287872,-0.05229435082797187,1.0,1573.6439951322973
15.42,-74.69803009936362,-0.05226650076205869,1.0,1570.0103851780295
15.43,-74.6681407059988,-0.05223867386147207,1.0,1566.3762565590441
15.44,-74.63826644382975,-0.05221086991505716,1.0,1562.741611622274
15.450000000000001,-74.60840730814962,-0.052183088714950705,1.0,1559.1064526997507
15.46,-74.57856329440068,-0.052155330056825926,1.0,1555.4707821309566
15.47,-74.54873439816595,-0.052127593740132365,1.0,1551.834602240473
15.48,-74.51892061516213,-0.05209987956832191,1.0,1548.197915352881
15.49,-74.4891219412314,-0.05207218734906841,1.0,1544.560723811388
15.5,-74.45933837233258,-0.05204451689447384,1.0,1540.9230299331248
15.51,-74.4295699045334,-0.05201686802126091,1.0,1537.2848360463977
15.52,-74.39981653400191,-0.05198924055095975,1.0,1533.6461444683373
15.530000000000001,-74.37007825699743,-0.05196163431007729,1.0,1530.0069575160742
15.540000000000001,-74.3403550698624,-0.051934049130258245,1.0,1526.3672775141895
15.55,-74.31064696901338,-0.0519064848484317,1.0,1522.7271067760885
15.56,-74.28095395093217,-0.051878941306945044,1.0,1519.0864476114511
15.57,-74.25127601215709,-0.05185141835368415,1.0,1515.445302337408
15.58,-74.22161314927452,-0.05182391584218315,1.0,1511.8036732673645
15.59,-74.19196535890944,-0.05179643363171792,1.0,1508.1615627035499
15.6,-74.16233263771733,-0.05176897158738807,1.0,1504.5189729481936
15.610000000000001,-74.1327149823749,-0.05174152958018533,1.0,1500.8759063109756
15.620000000000001,-74.10311238957222,-0.051714107487048834,1.0,1497.2323650978506
15.63,-74.07352485600342,-0.05168670519090481,1.0,1493.588351599872
15.64,-74.04395237835907,-0.051659322580695,1.0,1489.9438681155443
15.65,-74.01439495331752,-0.05163195955139183,1.0,1486.2989169545472
15.66,-73.98485257753683,-0.051604616003999876,1.0,1482.653500393033
15.67,-73.955325247647,-0.05157729184554103,1.0,1479.0076207332313
15.68,-73.92581296024214,-0.05154998698903373,1.0,1475.3612802661955
15.69,-73.8963157118731,-0.051522701353451675,1.0,1471.7144812755287
15.700000000000001,-73.86683349903998,-0.0514954348636746,1.0,1468.067226048559
15.71,-73.83736631818522,-0.05146818745042614,1.0,1464.4195168726146
15.72,-73.80791416568671,-0.05144095905019746,1.0,1460.7713560312986
15.73,-73.77847703785133,-0.051413749605160174,1.0,1457.122745797038
15.74,-73.74905493090847,-0.051386559063068354,1.0,1453.473688453436
15.75,-73.71964784100408,-0.05135938737714909,1.0,1449.8241862803698
15.76,-73.69025576419502,-0.051332234505980616,1.0,1446.1742415428162
15.77,-73.66087869644362,-0.051305100413360775,1.0,1442.5238565206528
15.780000000000001,-73.63151663361265,-0.05127798506816699,1.0,1438.8730334863067
15.790000000000001,-73.60216957146014,-0.05125088844420378,1.0,1435.2217747084796
15.8,-73.57283750563546,-0.051223810520041796,1.0,1431.5700824409723
15.81,-73.54352043167484,-0.051196751278848374,1.0,1427.9179589673877
15.82,-73.51421834499759,-0.05116971070821235,1.0,1424.2654065415263
15.83,-73.48493124090263,-0.051142688799953366,1.0,1420.6124274246395
15.84,-73.45565911456563,-0.051115685549931726,1.0,1416.9590238705277
15.85,-73.42640196103575,-0.05108870095784774,1.0,1413.305198147893
15.860000000000001,-73.39715977523355,-0.05106173502703572,1.0,1409.6509524956346
15.870000000000001,-73.3679325519491,-0.051034787764249086,1.0,1405.9962891861796
15.88,-73.33872028583961,-0.05100785917944534,1.0,1402.3412104584277
15.89,-73.30952297142854,-0.050980949285559365,1.0,1398.6857185699046
15.9,-73.28034060310472,-0.05095405809827993,1.0,1395.0298157557845
15.91,-73.25117317512085,-0.05092718563581685,1.0,1391.3735042698681
15.92,-73.22202068159426,-0.05090033191866889,1.0,1387.7167863585055
15.93,-73.1928831165061,-0.05087349696938499,1.0,1384.059664260596
15.94,-73.16376047370173,-0.05084668081232664,1.0,1380.4021402038634
15.950000000000001,-73.13465274689194,-0.05081988347342713,1.0,1376.7442164458334
15.96,-73.10555992965304,-0.0507931049799529,1.0,1373.0858952105045
15.97,-73.07648201542926,-0.050766345360257946,1.0,1369.4271787293255
15.98,-73.04741899753327,-0.05073960464354593,1.0,1365.768069241196
15.99,-73.01837086914873,-0.050712882859629084,1.0,1362.108568970114
16.0,-72.98933762333245,-0.05068618003868721,1.0,1358.448680151254
16.01,-72.96031925301654,-0.05065949621103295,1.0,1354.7884050011635
16.02,-72.93131575101168,-0.050632831406873885,1.0,1351.1277457512915
16.03,-72.90232711000975,-0.050606185656082936,1.0,1347.466704621911
16.04,-72.87335332258706,-0.05057955898796738,1.0,1343.805283833295
16.05,-72.84439438120843,-0.05055295143104494,1.0,1340.1434856019914
16.06,-72.81545027823016,-0.05052636301282261,1.0,1336.4813121519983
16.07,-72.7865210059049,-0.050499793759581954,1.0,1332.8187656737864
16.080000000000002,-72.75760655638491,-0.05047324369616662,1.0,1329.1558484062552
16.09,-72.72870692172727,-0.050446712845782095,1.0,1325.4925625510514
16.1,-72.69982209389804,-0.050420201229789956,1.0,1321.828910306096
16.11,-72.67095206477687,-0.050393708867521425,1.0,1318.1648938916624
16.12,-72.64209682616223,-0.05036723577609135,1.0,1314.5005155056715
16.13,-72.61325636977642,-0.05034078197021751,1.0,1310.8357773460448
16.14,-72.58443068727064,-0.050314347462053294,1.0,1307.1706816256046
16.15,-72.55561977023021,-0.05028793226102583,1.0,1303.5052305273712
16.16,-72.52682361017997,-0.05026153637367899,1.0,1299.8394262604415
16.17,-72.49804219859024,-0.050235159803531944,1.0,1296.1732710115612
16.18,-72.46927552688157,-0.050208802550939735,1.0,1292.506766974926
16.19,-72.4405235864313,-0.05018246461296752,1.0,1288.8399163372815
16.2,-72.41178636857836,-0.050156145983272726,1.0,1285.1727212965488
16.21,-72.38306386462945,-0.050129846651995685,1.0,1281.5051840245724
16.22,-72.35435606586489,-0.05010356660566105,1.0,1277.8373067192733
16.23,-72.32566296354393,-0.050077305827090454,1.0,1274.1690915487707
16.240000000000002,-72.2969845489111,-0.050051064295321204,1.0,1270.5005406998098
16.25,-72.26832081320099,-0.05002484198553978,1.0,1266.8316563516855
16.26,-72.23967174764518,-0.04999863886902194,1.0,1263.162440676242
16.27,-72.21103734347666,-0.049972454913083796,1.0,1259.4928958527744
16.28,-72.1824175919362,-0.04994629008104409,1.0,1255.8230240494013
16.29,-72.15381248427776,-0.04992014433219616,1.0,1252.152827437967
16.3,-72.12522201177353,-0.0498940176217903,1.0,1248.4823081828654
16.31,-72.09664616571989,-0.049867909901025444,1.0,1244.8114684447646
16.32,-72.0680849374419,-0.04984182111705262,1.0,1241.1403103917837
16.330000000000002,-72.0395383182993,-0.04981575121298846,1.0,1237.4688362032175
16.34,-72.01100629969082,-0.04978970012793496,1.0,1233.7970480024815
16.35,-71.98248887305915,-0.04976366779701037,1.0,1230.1249479688704
16.36,-71.9539860298964,-0.04973765415139863,1.0,1226.4525382518768
16.37,-71.92549776174755,-0.04971165911839262,1.0,1222.7798210047185
16.38,-71.89702406021576,-0.04968568262145822,1.0,1219.1067983806133
16.39,-71.86856491696597,-0.049659724580303224,1.0,1215.4334725290537
16.4,-71.84012032372988,-0.04963378491095417,1.0,1211.759845584631
16.41,-71.81169027230877,-0.04960786352584499,1.0,1208.0859197042882
16.42,-71.78327475457797,-0.049581960333912746,1.0,1204.4116970263422
16.43,-71.7548737624902,-0.04955607524069693,1.0,1200.7371796816587
16.44,-71.72648728807854,-0.04953020814845278,1.0,1197.0623698197305
16.45,-71.69811532346026,-0.049504358956269555,1.0,1193.3872695676982
16.46,-71.6697578608388,-0.049478527560192304,1.0,1189.7118810676038
16.47,-71.64141489250757,-0.04945271385335629,1.0,1186.0362064428627
16.48,-71.6130864108512,-0.04942691772612196,1.0,1182.360247824341
16.490000000000002,-71.58477240834901,-0.049401139066219665,1.0,1178.6840073391795
16.5,-71.55647287757616,-0.04937537775889892,1.0,1175.0074871070683
16.51,-71.52818781120577,-0.04934963368708007,1.0,1171.3306892625988
16.52,-71.49991720201076,-0.049323906731516064,1.0,1167.6536159180105
16.53,-71.47166104286494,-0.04929819677095048,1.0,1163.976269185543
16.54,-71.44341932674413,-0.04927250368228781,1.0,1160.2986511923373
16.55,-71.41519204672731,-0.049246827340762314,1.0,1156.6207640394568
16.56,-71.38697919599744,-0.049221167620108676,1.0,1152.9426098428667
16.57,-71.35878076784152,-0.04919552439273993,1.0,1149.2641907148063
16.580000000000002,-71.330596755651,-0.04916989752992277,1.0,1145.5855087637901
16.59,-71.30242715292256,-0.04914428690195627,1.0,1141.9065660908818
16.6,-71.27427195325667,-0.04911869237835115,1.0,1138.2273647896945
16.61,-71.24613115035854,-0.04909311382801215,1.0,1134.547906972468
16.62,-71.21800473803667,-0.04906755111941758,1.0,1130.8681947365403
16.63,-71.18989271020257,-0.04904200412079948,1.0,1127.1882301680744
16.64,-71.1617950608697,-0.049016472700322694,1.0,1123.508015371859
16.65,-71.13371178415196,-0.04899095672626552,1.0,1119.8275524266064
16.66,-71.10564287426341,-0.04896545606719605,1.0,1116.1468434333801
16.67,-71.07758832551542,-0.048939970592148704,1.0,1112.4658904708922
16.68,-71.04954813231619,-0.04891450017079537,1.0,1108.7846956215799
16.69,-71.02152228916816,-0.04888904467361675,1.0,1105.1032609716058
16.7,-70.99351079066633,-0.048863603972071006,1.0,1101.4215885959566
16.71,-70.96551363149646,-0.04883817793875597,1.0,1097.7396805807948
16.72,-70.93753080643204,-0.04881276644757005,1.0,1094.0575390011072
16.73,-70.90956231033228,-0.04878736937386657,1.0,1090.3751659207046
16.740000000000002,-70.88160813813985,-0.048761986594606344,1.0,1086.6925634108484
16.75,-70.85366828487787,-0.04873661798850523,1.0,1083.0097335465252
16.76,-70.8257427456472,-0.048711263436174074,1.0,1079.326678391546
16.77,-70.79783151562347,-0.04868592282025501,1.0,1075.6434000059962
16.78,-70.76993459005463,-0.048660596025551194,1.0,1071.959900457412
16.79,-70.74205196425729,-0.04863528293915224,1.0,1068.2761818058789
16.8,-70.71418363361374,-0.048609983450550794,1.0,1064.5922460965812
16.81,-70.68632959356911,-0.04858469745175428,1.0,1060.9080953970551
16.82,-70.65848983962768,-0.04855942483739185,1.0,1057.223731752485
16.830000000000002,-70.63066436735004,-0.04853416550480953,1.0,1053.5391572192311
16.84,-70.60285317234897,-0.048508919354163064,1.0,1049.8543738350272
16.85,-70.57505625028703,-0.04848368628850045,1.0,1046.1693836562335
16.86,-70.54727359687271,-0.04845846621384029,1.0,1042.484188720584
16.87,-70.51950520785651,-0.04843325903923921,1.0,1038.7987910695374
16.88,-70.49175107902849,-0.04840806467685421,1.0,1035.113192744553
16.89,-70.46401120621398,-0.04838288304199572,1.0,1031.42739578709
16.9,-70.43628558527094,-0.048357714053174426,1.0,1027.7414022125304
16.91,-70.40857421208574,-0.04833255763213944,1.0,1024.055214073509
16.92,-70.38087708257044,-0.04830741370391179,1.0,1020.3688333854079
16.93,-70.35319419265916,-0.04828228219680287,1.0,1016.682262185961
16.94,-70.32552553830472,-0.04825716304243321,1.0,1012.995502486825
16.95,-70.29787111547554,-0.048232056175738405,1.0,1009.3085563369095
16.96,-70.27023092015231,-0.04820696153497198,1.0,1005.6214257255197
16.97,-70.2426049483251,-0.04818187906169242,1.0,1001.9341126941144
16.98,-70.21499319598976,-0.0481568087007549,1.0,998.2466192506254
16.990000000000002,-70.18739565914568,-0.04813175040028389,1.0,994.5589474029839
17.0,-70.15981233379212,-0.048106704111646005,1.0,990.8710991702974
17.01,-70.13224321592568,-0.04808166978941375,1.0,987.1830765642226
17.02,-70.10468830153793,-0.048056647391320324,1.0,983.4948815815151
17.03,-70.07714758661209,-0.04803163687820956,1.0,979.8065162375569
17.04,-70.04962106712108,-0.04800663821398125,1.0,976.1179825291038
17.05,-70.02210873902452,-0.047981651365524264,1.0,972.4292824566364
17.06,-69.99461059826683,-0.047956676302650054,1.0,968.7404180206358
17.07,-69.96712664077509,-0.04793171299801581,1.0,965.0513912215829
17.080000000000002,-69.93965686245647,-0.04790676142704362,1.0,961.362204041332
17.09,-69.91220125919666,-0.04788182156783271,1.0,957.6728584803641
17.1,-69.88475982685797,-0.04785689340107047,1.0,953.9833565205336
17.11,-69.85733256127742,-0.047831976909933384,1.0,950.2937001474202
17.12,-69.8299194582652,-0.04780707207998708,1.0,946.6038913615048
17.13,-69.80252051360367,-0.047782178899079576,1.0,942.9139321260154
17.14,-69.77513572304503,-0.04775729735723065,1.0,939.2238244377077
17.150000000000002,-69.74776508231126,-0.047732427446521807,1.0,935.5335702523589
17.16,-69.72040858709225,-0.04770756916097412,1.0,931.8431715704501
17.17,-69.6930662330452,-0.047682722496433905,1.0,928.1526303514838
17.18,-69.66573801579362,-0.04765788745044439,1.0,924.4619485624135
17.19,-69.6384239309273,-0.04763306402212301,1.0,920.7711281813681
17.2,-69.61112397400092,-0.047608252212034956,1.0,917.0801711715758
17.21,-69.58383814053397,-0.04758345202206079,1.0,913.3890794925392
17.22,-69.55656642601086,-0.04755866345526705,1.0,909.6978551112115
17.23,-69.52930882588029,-0.04753388651577469,1.0,906.0064999870956
17.240000000000002,-69.50206533555571,-0.04750912120862436,1.0,902.3150160834193
17.25,-69.4748359504148,-0.04748436753964444,1.0,898.623405341059
17.26,-69.44762066580056,-0.04745962551531545,1.0,894.9316697269678
17.27,-69.42041947702087,-0.04743489514263917,1.0,891.2398111820221
17.28,-69.39323237934963,-0.04741017642900335,1.0,887.5478316582739
17.29,-69.3660593680269,-0.047385469382050065,1.0,883.8557331040502
17.3,-69.3389004382599,-0.047360774009545234,1.0,880.1635174490511
17.31,-69.31175558522375,-0.04733609031924678,1.0,876.4711866565049
17.32,-69.28462480406236,-0.04731141831878049,1.0,872.778742659837
17.330000000000002,-69.25750808988953,-0.04728675801550841,1.0,869.0861873812973
17.34,-69.23040543779008,-0.04726210941640792,1.0,865.393522772938
17.35,-69.2033168428209,-0.04723747252795174,1.0,861.7007507607341
17.36,-69.17624230001266,-0.04721284735598569,1.0,858.0078732743859
17.37,-69.14918180437078,-0.047188233905616474,1.0,854.3148922398686
17.38,-69.12213535087736,-0.047163632181098605,1.0,850.6218095831573
17.39,-69.09510293449178,-0.04713904218572634,1.0,846.928627230227
17.400000000000002,-69.06808455015371,-0.047114463921728314,1.0,843.2353471033275
17.41,-69.04108019278378,-0.047089897390166544,1.0,839.5419711247087
17.42,-69.01408985728558,-0.04706534259084118,1.0,835.8485011942685
17.43,-68.98711353854748,-0.04704079952219668,1.0,832.154939237982
17.44,-68.96015123144456,-0.0470162681812383,1.0,828.4612871743739
17.45,-68.93320293084022,-0.04699174856344604,1.0,824.7675469070673
17.46,-68.90626863158838,-0.046967240662695905,1.0,821.0737203396857
17.47,-68.8793483285354,-0.04694274447119167,1.0,817.3798093795776
17.48,-68.85244201652189,-0.046918259979394916,1.0,813.6858159266412
17.490000000000002,-68.82554969038473,-0.04689378717596399,1.0,809.9917418807745
17.5,-68.79867134495923,-0.046869326047696086,1.0,806.2975891530514
17.51,-68.77180697508102,-0.046844876579479146,1.0,802.603359632194
17.52,-68.74495657558816,-0.04682043875424131,1.0,798.9090551994741
17.53,-68.71812014132324,-0.04679601255291562,1.0,795.2146777585149
17.54,-68.69129766713509,-0.04677159795440534,1.0,791.5202291943133
17.55,-68.66448914788099,-0.046747194935554244,1.0,787.8257113993168
17.56,-68.63769457842892,-0.04672280347112366,1.0,784.1311262510717
17.57,-68.61091395365912,-0.04669842353377747,1.0,780.4364756308496
17.580000000000002,-68.5841472684662,-0.04667405509406913,1.0,776.7417614161968
17.59,-68.55739451776111,-0.046649698120437726,1.0,773.0469854958355
17.6,-68.53065569647298,-0.0466253525792076,1.0,769.3521497286856
17.61,-68.50393079955113,-0.04660101843459207,1.0,765.6572560071945
17.62,-68.4772198219664,-0.046576695648709074,1.0,761.9623061791062
17.63,-68.45052275871355,-0.04655238418159182,1.0,758.2673021256924
17.64,-68.42383960481263,-0.04652808399121802,1.0,754.5722457095981
17.650000000000002,-68.39717035531069,-0.0465037950335321,1.0,750.877138800919
17.66,-68.37051500528328,-0.04647951726247893,1.0,747.1819832473993
17.67,-68.3438735498362,-0.046455250630041446,1.0,743.4867809154093
17.68,-68.31724598410676,-0.04643099508628373,1.0,739.7915336564183
17.69,-68.29063230326562,-0.04640675057939767,1.0,736.0962433256209
17.7,-68.26403250251748,-0.04638251705575433,1.0,732.4009117782116
17.71,-68.23744657710306,-0.04635829445995962,1.0,728.7055408656597
17.72,-68.21087452229972,-0.046334082734914565,1.0,725.0101324133575
17.73,-68.18431633342301,-0.046309881821878875,1.0,721.3146882876754
17.740000000000002,-68.15777200582758,-0.0462856916605425,1.0,717.6192103251815
17.75,-68.13124153490813,-0.04626151218909221,1.0,713.9237003661692
17.76,-68.1047249161003,-0.04623734334428737,1.0,710.2281602360308
17.77,-68.07822214488161,-0.04621318506154035,1.0,706.5325917862356
17.78,-68.05173321677195,-0.046189037274997895,1.0,702.8369968421757
17.79,-68.02525812733482,-0.04616489991762042,1.0,699.1413772292435
17.8,-67.99879687217712,-0.046140772921271424,1.0,695.4457347765565
17.81,-67.97234944695026,-0.046116656216806814,1.0,691.7500713132322
17.82,-67.94591584735028,-0.04609254973416277,1.0,688.0543886572123
17.830000000000002,-67.91949606911831,-0.04606845340244852,1.0,684.3586886227131
17.84,-67.89309010804088,-0.0460443671500408,1.0,680.6629730425775
17.85,-67.86669795994978,-0.04602029090467867,1.0,676.9672437272966
17.86,-67.84031962072261,-0.04599622459355694,1.0,673.2715024873614
17.87,-67.81395508628243,-0.0459721681434246,1.0,669.5757511295378
17.88,-67.78760435259797,-0.045948121480682017,1.0,665.8799914717674
17.89,-67.76126741568308,-0.04592408453147771,1.0,662.1842253133655
17.900000000000002,-67.73494427159727,-0.04590005722180457,1.0,658.4884544536471
17.91,-67.70863491644447,-0.045876039477598246,1.0,654.7926807031035
17.92,-67.6823393463735,-0.04585203122483336,1.0,651.0969058461487
17.93,-67.65605755757718,-0.045828032389618086,1.0,647.4011316969991
17.94,-67.629789546292,-0.045804042898291736,1.0,643.7053600437939
17.95,-67.60353530879745,-0.0457800626775138,1.0,640.0095926634967
17.96,-67.57729484141576,-0.04575609165435923,1.0,636.3138313665986
17.97,-67.55106814051048,-0.04573212975641037,1.0,632.6180779226124
17.98,-67.52485520248656,-0.04570817691184032,1.0,628.9223341196775
17.990000000000002,-67.4986560237893,-0.04568423304950427,1.0,625.226601742208
18.0,-67.47247060090307,-0.04566029809902303,1.0,621.530882563442
18.01,-67.44629893035103,-0.04563637199086334,1.0,617.8351783752441
18.02,-67.42014100869386,-0.04561245465641892,1.0,614.1394909396768
18.03,-67.39399683252896,-0.04558854602808377,1.0,610.4438220225275
18.04,-67.36786639848906,-0.04556464603932905,1.0,606.748173404485
18.05,-67.34174970324172,-0.045540754624773416,1.0,603.0525468550622
18.06,-67.31564674348786,-0.04551687172024834,1.0,599.356944128871
18.07,-67.28955751596051,-0.04549299726286113,1.0,595.661366995424
18.080000000000002,-67.2634820174244,-0.04546913119105822,1.0,591.9658172056079
18.09,-67.2374202446738,-0.045445273444679295,1.0,588.2702965289354
18.1,-67.21137219453203,-0.045421423965011976,1.0,584.5748067125678
18.11,-67.18533786385001,-0.04539758269483775,1.0,580.8793495073915
18.12,-67.15931724950491,-0.04537374957848034,1.0,577.1839266605675
18.13,-67.13331034839932,-0.045349924561844425,1.0,573.4885399378836
18.14,-67.10731715745955,-0.04532610759245554,1.0,569.7931910641491
18.150000000000002,-67.08133767363478,-0.0453022986194881,1.0,566.0978817977011
18.16,-67.0553718938954,-0.045278497593798414,1.0,562.4026138558984
18.17,-67.02941981523215,-0.045254704467946695,1.0,558.7073890082538
18.18,-67.0034814346546,-0.045230919196220666,1.0,555.0122089646757
18.19,-66.97755674919033,-0.04520714173464548,1.0,551.3170754760504
18.2,-66.95164575588299,-0.04518337204100218,1.0,547.6219902522862
18.21,-66.92574845179185,-0.045159610074831186,1.0,543.9269550442696
18.22,-66.8998648339901,-0.0451358557974389,1.0,540.231971565634
18.23,-66.87399489956393,-0.045112109171892054,1.0,536.5370415337384
18.240000000000002,-66.84813864561129,-0.0450883701630186,1.0,532.8421666845679
18.25,-66.82229606924076,-0.04506463873739668,1.0,529.1473487317562
18.26,-66.79646716757044,-0.04504091486333951,1.0,525.4525893814862
18.27,-66.77065193772697,-0.04501719851088099,1.0,521.7578903585672
18.28,-66.7448503768444,-0.044993489651756285,1.0,518.0632533729076
18.29,-66.719062482063,-0.04496978825937495,1.0,514.3686801306903
18.3,-66.69328825052875,-0.04494609430879375,1.0,510.6741723418236
18.31,-66.66752767939201,-0.044922407776685665,1.0,506.97973170876503
18.32,-66.64178076580662,-0.04489872864130475,1.0,503.28535993024707
18.330000000000002,-66.61604750692935,-0.0448750568824473,1.0,499.5910587012768
18.34,-66.59032789991873,-0.04485139248141197,1.0,495.8968297280371
18.35,-66.5646219419345,-0.04482773542095572,1.0,492.2026747018099
18.36,-66.53892963013668,-0.04480408568524357,1.0,488.50859531760216
18.37,-66.51325096168495,-0.04478044325980017,1.0,484.81459326297045
18.38,-66.48758593373819,-0.04475680813145765,1.0,481.12067022174597
18.39,-66.46193454345361,-0.044733180288299916,1.0,477.4268278814852
18.400000000000002,-66.43629678798638,-0.04470955971960598,1.0,473.73306792229414
18.41,-66.41067266448887,-0.04468594641579116,1.0,470.0393920317292
18.42,-66.38506217011049,-0.04466234036834308,1.0,466.34580187499523
18.43,-66.35946530199726,-0.044638741569760845,1.0,462.6522991396487
18.44,-66.33388205729104,-0.04461515001349006,1.0,458.958885487169
18.45,-66.30831243312966,-0.04459156569385563,1.0,455.2655626013875
18.46,-66.28275642664639,-0.04456798860599718,1.0,451.57233214378357
18.47,-66.25721403497,-0.0445444187457962,1.0,447.87919576466084
18.48,-66.2316852552241,-0.04452085610980983,1.0,444.1861551553011
18.490000000000002,-66.20617008452759,-0.044497300695204474,1.0,440.4932119511068
18.5,-66.18066851999406,-0.0444737524996768,1.0,436.80036783218384
18.51,-66.15518055873198,-0.044450211521391315,1.0,433.1076244302094
18.52,-66.12970619784488,-0.04442667775890357,1.0,429.4149834215641
18.53,-66.10424543443095,-0.04440315121109582,1.0,425.7224464416504
18.54,-66.07879826558356,-0.04437963187710004,1.0,422.030015155673
18.55,-66.05336468839113,-0.044356119756232125,1.0,418.3376911915839
18.56,-66.02794469993744,-0.04433261484791924,1.0,414.6454761996865
18.57,-66.0025382973018,-0.04430911715163526,1.0,410.9533718302846
18.580000000000002,-65.97714547755925,-0.04428562666683008,1.0,407.26137970760465
18.59,-65.95176623778072,-0.04426214339286184,1.0,403.5695014744997
18.6,-65.92640057503371,-0.04423866732893519,1.0,399.8777387738228
18.61,-65.90104848638242,-0.0442151984740349,1.0,396.1860932223499
18.62,-65.87570996888795,-0.04419173682686167,1.0,392.4945664666593
18.63,-65.85038501960906,-0.04416828238577536,1.0,388.80316011980176
18.64,-65.82507363560241,-0.04414483514873046,1.0,385.1118758060038
18.650000000000002,-65.79977581392313,-0.044121395113225555,1.0,381.4207151532173
18.66,-65.7744915516252,-0.04409796227624399,1.0,377.72967978566885
18.67,-65.74922084576191,-0.0440745366342016,1.0,374.03877130895853
18.68,-65.72396369338645,-0.04405111818289585,1.0,370.34799134358764
18.69,-65.69872009155296,-0.044027706917459365,1.0,366.65734150633216
18.7,-65.67349003731599,-0.04400430283231391,1.0,362.9668234027922
18.71,-65.64827352773223,-0.04398090592112503,1.0,359.2764386460185
18.72,-65.62307055986048,-0.04395751617676461,1.0,355.58618882671
18.73,-65.59788113076229,-0.04393413359127087,1.0,351.89607556536794
18.740000000000002,-65.57270523750279,-0.04391075815581666,1.0,348.206100448966
18.75,-65.54754287715114,-0.04388738986067296,1.0,344.5162650831044
18.76,-65.5223940467814,-0.043864028695184784,1.0,340.8265710659325
18.77,-65.4972587434729,-0.04384067464774195,1.0,337.1370199806988
18.78,-65.47213696431088,-0.04381732770575609,1.0,333.44761342927814
18.79,-65.44702870638727,-0.04379398785564294,1.0,329.75835298746824
18.8,-65.42193396680159,-0.04377065508280279,1.0,326.0692402496934
18.81,-65.39685274266087,-0.04374732937160805,1.0,322.38027679920197
18.82,-65.37178503108096,-0.04372401070539252,1.0,318.69146421551704
18.830000000000002,-65.3467308291868,-0.0437006990664422,1.0,315.00280407071114
18.84,-65.32169013411301,-0.04367739443599186,1.0,311.3142979517579
18.85,-65.29666294300482,-0.04365409679422335,1.0,307.6259474270046
18.86,-65.27164925301838,-0.04363080612026577,1.0,303.93775406852365
18.87,-65.2466490613214,-0.04360752239220077,1.0,300.24971944466233
18.88,-65.22166236509364,-0.04358424558706914,1.0,296.56184512004256
18.89,-65.19668916152767,-0.04356097568088067,1.0,292.87413265928626
18.900000000000002,-65.17172944782939,-0.04353771264862828,1.0,289.18658363074064
18.91,-65.14678322121813,-0.043514456464301604,1.0,285.4991995841265
18.92,-65.1218504789278,-0.043491207100906634,1.0,281.8119820728898
18.93,-65.09693121820682,-0.043467964530485285,1.0,278.12493266165257
18.94,-65.07202543631887,-0.043444728724141776,1.0,274.4380529038608
18.95,-65.04713313054326,-0.0434214996520648,1.0,270.75134433433414
18.96,-65.02225429817518,-0.04339827728355651,1.0,267.0648085139692
18.97,-64.99738893652669,-0.04337506158706496,1.0,263.37844698503613
18.98,-64.97253704292599,-0.04335185253021504,1.0,259.6922612898052
18.990000000000002,-64.947698614719,-0.04332865007984203,1.0,256.00625294819474
19.0,-64.9228736492687,-0.04330545420202966,1.0,252.32042352482677
19.01,-64.89806214395598,-0.04328226486215165,1.0,248.63477454707026
19.02,-64.87326409617967,-0.04325908202490297,1.0,244.9493075311184
19.03,-64.84847950335687,-0.04323590565434788,1.0,241.2640240304172
19.04,-64.82370836292321,-0.04321273571396378,1.0,237.57892555370927
19.05,-64.79895067233268,-0.04318957216668017,1.0,233.8940136358142
19.06,-64.77420642905835,-0.043166414974929464,1.0,230.20928979292512
19.07,-64.74947563059219,-0.04314326410068997,1.0,226.5247555449605
19.080000000000002,-64.72475827444482,-0.04312011950553533,1.0,222.84041241556406
19.09,-64.70005435814664,-0.04309698115068277,1.0,219.15626190975308
19.1,-64.67536387924653,-0.04307384899703974,1.0,215.4723055511713
19.11,-64.65068683531291,-0.043050723005257086,1.0,211.788544844836
19.12,-64.62602322393337,-0.04302760313577471,1.0,208.10498129576445
19.13,-64.60137304271446,-0.0430044893488746,1.0,204.4216164164245
19.14,-64.57673628928202,-0.042981381604729835,1.0,200.7384517006576
19.150000000000002,-64.55211296128086,-0.04295827986345442,1.0,197.0554886572063
19.16,-64.52750305637463,-0.04293518408515479,1.0,193.37272876501083
19.17,-64.50290657224589,-0.04291209422997786,1.0,189.69017354398966
19.18,-64.47832350659591,-0.0428890102581638,1.0,186.0078244805336
19.19,-64.45375385714418,-0.04286593213008859,1.0,182.3256830535829
19.2,-64.42919762162867,-0.042842859806317135,1.0,178.64375076815486
19.21,-64.40465479780552,-0.042819793247650256,1.0,174.96202909201384
19.22,-64.38012538344853,-0.04279673241516939,1.0,171.28051951900125
19.23,-64.35560937634921,-0.04277367727028478,1.0,167.59922352805734
19.240000000000002,-64.33110677431654,-0.042750627774776694,1.0,163.91814259439707
19.25,-64.30661757517626,-0.04272758389084128,1.0,160.2372781932354
19.26,-64.2821417767711,-0.04270454558113229,1.0,156.55663181096315
19.27,-64.25767937696035,-0.04268151280880052,1.0,152.87620489671826
19.28,-64.23323037361911,-0.04265848553753186,1.0,149.19599893316627
19.29,-64.20879476463847,-0.04263546373158931,1.0,145.51601537689567
19.3,-64.18437254792498,-0.042612447355843866,1.0,141.83625569939613
19.31,-64.15996372140015,-0.04258943637581275,1.0,138.15672136470675
19.32,-64.1355682830003,-0.042566430757688255,1.0,134.47741381824017
19.330000000000002,-64.111186230676,-0.04254343046836899,1.0,130.79833452031016
19.34,-64.0868175623918,-0.0425204354754904,1.0,127.11948493123055
19.35,-64.06246227612573,-0.04249744574745097,1.0,123.44086650386453
19.36,-64.03812036986909,-0.04247446125343366,1.0,119.76248067244887
19.37,-64.01379184162587,-0.042451481963430994,1.0,116.08432889729738
19.38,-63.98947668941224,-0.04242850784826649,1.0,112.40641261637211
19.39,-63.96517491125654,-0.042405538879610696,1.0,108.7287332713604
19.400000000000002,-63.94088650519843,-0.04238257502999751,1.0,105.0512923002243
19.41,-63.91661146928896,-0.04235961627283952,1.0,101.37409114092588
19.42,-63.89234980158937,-0.042336662582438116,1.0,97.69713122025132
19.43,-63.86810150017173,-0.042313713933994114,1.0,94.02041397988796
19.44,-63.84386656311763,-0.0422907703036151,1.0,90.34394084662199
19.45,-63.819644988518355,-0.04226783166831886,1.0,86.66771324723959
19.46,-63.79543677447408,-0.04224489800603889,1.0,82.99173260107636
19.47,-63.77124191909379,-0.042221969295622275,1.0,79.3160003349185
19.48,-63.747060420494755,-0.04219904551683117,1.0,75.64051785692573
19.490000000000002,-63.72289227680224,-0.042176126650337,1.0,71.96528660133481
19.5,-63.69873748614893,-0.04215321267771811,1.0,68.29030797630548
19.51,-63.67459604667479,-0.04213030358144665,1.0,64.61558337509632
19.52,-63.65046795652649,-0.04210739934488312,1.0,60.941114243119955
19.53,-63.626353213857435,-0.04208449995226722,1.0,57.26690195500851
19.54,-63.60225181682693,-0.042061605388694495,1.0,53.59294794127345
19.55,-63.578163763600294,-0.04203871564011262,1.0,49.91925357654691
19.56,-63.55408905234832,-0.04201583069329482,1.0,46.24582028016448
19.57,-63.530027681246885,-0.04199295053582955,1.0,42.57264944911003
19.580000000000002,-63.50597964847703,-0.041970075156092065,1.0,38.89974246546626
19.59,-63.48194495222438,-0.04195451889451255,1.0,35.2271007373929
19.6,-63.45791940196584,-0.04197285047462691,1.0,31.554731901735067
19.61,-63.43388358812889,-0.04205125904598714,1.0,27.882646564394236
19.62,-63.40980309720519,-0.042212374305180246,1.0,24.21084951236844
19.63,-63.38563055515714,-0.04250545913408256,1.0,20.539353504776955
19.64,-63.36129037116334,-0.042988289004543635,1.0,16.868164476007223
19.650000000000002,-63.33667386498535,-0.04388934917055916,1.0,13.197305977344513
19.66,-63.31154150271035,-0.045504171334991225,1.0,9.52692398801446
19.67,-63.28548441955268,-0.04769857411632476,1.0,5.856950420886278
19.68,-63.258170633288564,-0.05071082988486558,1.0,2.187411602586508
19.69,-63.22913174969783,-17.991735527487656,1.0,-1.481464870274067
19.7,-52.945563652615064,-17.50401280436179,-1.0,-1.5400134697556496
19.71,-42.94463758889528,-19.90681723911486,-1.0,0.9886799305677414
19.72,-31.559426155014705,-18.259839295632535,-1.0,-1.4006867669522762
19.73,-21.140327064130684,-16.668701843509304,-1.0,-0.5750945992767811
19.740000000000002,-11.325699870678275,-13.970971565677713,-1.0,0.17753809690475464
19.75,-3.4289850084520186,-12.410252096428033,1.0,2.3474884629249573
19.76,4.8608879566008785,-9.517676812758534,-0.17814225952450968,2.6567631736397743
19.77,10.075725477312707,-10.584391553927329,1.0,6.250141523778439
19.78,16.110186289706686,-10.710685152003816,1.0,7.229342173784971
19.79,22.081917371567947,-10.796434434801148,1.0,9.276406794786453
19.8,27.64918514937158,-10.75302723456693,1.0,11.140733949840069
19.81,32.46570703471239,-10.572167314040776,1.0,12.998682346194983
19.82,36.23945717217959,-10.249304333483266,1.0,14.8492447771132
19.830000000000002,38.766310171334574,-9.791802190484923,1.0,16.692144192755222
19.84,39.978434120889844,-9.206161889449884,1.0,18.52715303376317
19.85,39.96431722197366,-8.549908183691784,1.0,20.35376688465476
19.86,38.94317393147856,-7.859226320153212,1.0,22.178495950996876
19.87,37.18654432417779,-7.1780686097740585,1.0,23.99992498755455
19.88,34.95169478571072,-6.496224894351723,1.0,25.814282793551683
19.89,32.45469347049004,-5.818593236633231,1.0,27.623851884156466
19.900000000000002,29.863182359807812,-5.147669642280167,1.0,29.427970703691244
19.91,27.301166707109402,-4.48510791652574,1.0,31.226587459445
19.92,24.857680898873838,-3.832537024302896,1.0,33.01968473941088
19.93,22.595173069763707,-3.1918369781515863,1.0,34.80727858096361
19.94,20.556283196093922,-2.5651013079986646,1.0,36.58940822258592
19.95,18.768950054918225,-1.9545266560281755,1.0,38.36612869426608
19.96,17.250145786999614,-1.3623183478462482,1.0,40.137505643069744
19.97,16.008574442069236,-0.7906048123787157,1.0,41.90361114963889
19.98,15.046627001247323,-0.24134110386660737,1.0,43.664520714432
19.990000000000002,14.36182536742922,0.28372398034755947,1.0,45.42031170427799
20.0,13.947892202688271,0.7830643845629854,1.0,47.171061396598816
20.01,13.795554604590917,1.2553825182531375,1.0,48.9168458878994
20.02,13.893157897309313,1.6996051816893418,1.0,50.657739136368036
20.03,14.22714175656287,2.1149109581583554,1.0,52.39381219446659
20.04,14.78231668400371,2.5006265438921242,1.0,54.12515268847346
20.05,15.542264195680486,2.856264906807075,1.0,55.85182588547468
20.06,16.489625371366557,3.1815250355757705,1.0,57.57389445975423
20.07,17.6063016248947,3.47627521413625,1.0,59.29141669347882
20.080000000000002,18.87362250919461,3.7405416980549506,1.0,61.00444422289729
20.09,20.27249068227194,3.974499525827495,1.0,62.71302258968353
20.1,21.78351081199059,4.178465385356734,1.0,64.41719130426645
20.11,23.387108059552798,4.352892062740203,1.0,66.116983871907
20.12,25.063640974142384,4.498363882748362,1.0,67.81242793053389
20.13,26.793513138893935,4.615592496937653,1.0,69.50354539975524
20.14,28.557287640201785,4.705412382255874,1.0,71.19035268202424
20.150000000000002,30.33580830374951,4.768775475176837,1.0,72.87286087498069
20.16,32.11033155434471,4.806744475811223,1.0,74.55107604712248
20.17,33.86267258514701,4.820484501730099,1.0,76.2249995060265
20.18,35.57536909474141,4.811252938232594,1.0,77.89462811499834
20.19,37.231864953916286,4.7803975888820105,1.0,79.55995463579893
20.2,38.81669790946644,4.729375266422376,1.0,81.2209708057344
20.21,40.31565234935693,4.659640895231089,1.0,82.87767593935132
20.22,41.71608126859694,4.572696291690733,1.0,84.53005391731858
20.23,43.00715018968932,4.470065753975344,1.0,86.17809184268117
20.240000000000002,44.18006667645326,4.353280086098221,1.0,87.82177372649312
20.25,45.2282803828879,4.2238608360574394,1.0,89.46108170598745
20.26,46.14763215387551,4.083305545148956,1.0,91.09599643945694
20.27,46.93643110445639,3.9330743816661418,1.0,92.7264974117279
20.28,47.59544257357847,3.774578436624801,1.0,94.352563213557
20.29,48.12777755154658,3.609169858837356,1.0,95.97417186200619
20.3,48.538684598963044,3.438133908801786,1.0,97.59130103886127
20.31,48.83525647502874,3.262682922435761,1.0,99.20392836257815
20.32,49.02607335269365,3.08395210146522,1.0,100.81203160062432
20.330000000000002,49.12081063726223,2.902996989861669,1.0,102.41558886691928
20.34,49.12984100180184,2.7207924557520613,1.0,104.01457881182432
20.35,49.06385747967861,2.5381993166218835,1.0,105.60898074880242
20.36,48.93353251856302,2.357681044835849,1.0,107.19918226823211
20.37,48.749400174652266,2.1803947860402917,1.0,108.78515689447522
20.38,48.52141417037528,2.0068308318051837,1.0,110.36691483855247
20.39,48.2587344157992,1.8374318624864048,1.0,111.94445541128516
20.400000000000002,47.96964399060116,1.6726495396539678,1.0,113.51775173470378
20.41,47.66153260198378,1.5128313875058543,1.0,115.08674470335245
20.42,47.34090974863478,1.358281811516857,1.0,116.65136351063848
20.43,47.01344371688194,1.2092630422608333,1.0,118.21152475476265
20.44,46.68401449281852,1.0657960670819187,1.0,119.76713688671589
20.45,46.35678195955155,0.9283480246806122,1.0,121.31813821196556
20.46,46.03524878007309,0.7974633372723144,1.0,122.864431142807
20.47,45.722299610852694,0.6727230975383488,1.0,124.40587867051363
20.48,45.420295506429504,0.5541772784597815,1.0,125.94241128116846
20.490000000000002,45.131128864569106,0.4418353241138527,1.0,127.47393745556474
20.5,44.85628163283667,0.3357179134397609,1.0,129.0003745444119
20.51,44.59687618554825,0.23577423038551912,1.0,130.52164756506681
20.52,44.35372664971595,0.14192640654723387,1.0,132.03769228979945
20.53,44.12738389382978,0.05407149081560776,1.0,133.54845164716244
20.54,43.9181759865843,-0.027916208228369162,1.0,135.0538775846362
20.55,43.72624429422839,-0.10418263625464955,1.0,136.55393084138632
20.56,43.55157545255185,-0.17488643589416805,1.0,138.04858084768057
20.57,43.394029014389176,-0.2402080087361617,1.0,139.5378034003079
20.580000000000002,43.253362660351556,-0.30032648756419567,1.0,141.02157989889383
20.59,43.12925232465901,-0.3554284757425768,1.0,142.49990203604102
20.6,43.02131017075208,-0.4057171569505319,1.0,143.9727674946189
20.61,42.92910110482875,-0.4513803891660512,1.0,145.44018090888858
20.62,42.852153963269146,-0.49236730491061415,1.0,146.90214414149523
20.63,42.789946044885305,-0.5294255028571186,1.0,148.3587137721479
20.64,42.741995718442006,-0.5629300553218756,1.0,149.8099057227373
20.650000000000002,42.70783506934838,-0.5927680719647708,1.0,151.2557223625481
20.66,42.68696411934238,-0.6191574414702368,1.0,152.69620386883616
20.67,42.678889353387945,-0.6422949423182225,1.0,154.13138066977262
20.68,42.68312603406001,-0.6623772281165307,1.0,155.56128276512027
20.69,42.69920204636935,-0.6796065644149138,1.0,156.98594561591744
20.7,42.72666174508683,-0.6941601922985796,1.0,158.4054096005857
20.71,42.76506568729004,-0.706220643749831,1.0,159.8197078667581
20.72,42.81399337790588,-0.7159736578615257,1.0,161.22888139262795
20.73,42.87304534477743,-0.7235783659897029,1.0,162.63297332078218
20.740000000000002,42.94184134322206,-0.7292023451229003,1.0,164.0320190563798
20.75,43.020022382051145,-0.7330112897259985,1.0,165.42606264352798
20.76,43.107251251350505,-0.7351406125688976,1.0,166.81514766067266
20.77,43.20320945894157,-0.735738205408816,1.0,168.19930881634355
20.78,43.307599092173,-0.7349484734223245,1.0,169.5785904675722
20.79,43.4201425978079,-0.7328837310690745,1.0,170.95303470268846
20.8,43.54057879789109,-0.7296598855716221,1.0,172.322677180171
20.81,43.66866334672684,-0.7253975787294799,1.0,173.68755926191807
20.82,43.80416910661548,-0.7202031737891275,1.0,175.0477214641869
20.830000000000002,43.946884200561804,-0.7141731974715632,1.0,176.40320033580065
20.84,44.09661061316729,-0.7074092022120582,1.0,177.75403157249093
20.85,44.25316458375939,-0.7000060100406675,1.0,179.10025410354137
20.86,44.41637555060845,-0.6920384664610985,1.0,180.44190467521548
20.87,44.58608349152205,-0.6835845545333513,1.0,181.77901465073228
20.88,44.762139118890914,-0.6747210158954378,1.0,183.1116190329194
20.89,44.94440354095214,-0.6655186602686497,1.0,184.439751829952
20.900000000000002,45.132747356317005,-0.656035509600138,1.0,185.7634461708367
20.91,45.3270489253512,-0.646325035411744,1.0,187.0827319584787
20.92,45.527193690176524,-0.636442844401529,1.0,188.3976389579475
20.93,45.7330743447634,-0.6264397777808358,1.0,189.70819799602032
20.94,45.944590157804114,-0.6163619975605287,1.0,191.01443833857775
20.95,46.16164632504502,-0.6062457094421813,1.0,192.31638891249895
20.96,46.3841526767975,-0.5961223184709715,1.0,193.6140758395195
20.97,46.61202305396143,-0.5860267061936963,1.0,194.90752440690994
20.98,46.84517574914779,-0.575990253931007,1.0,196.19676126539707
20.990000000000002,47.08353306941115,-0.5660408988483624,1.0,197.48181143030524
21.0,47.32702091583234,-0.5562033704146748,1.0,198.76269965991378
21.01,47.575568403685786,-0.5464994148098784,1.0,200.0394502095878
21.02,47.82910751977645,-0.5369622161521523,1.0,201.312086828053
21.03,48.08757467217887,-0.5275925360493328,1.0,202.5806384831667
21.04,48.35090608291881,-0.5183082624930991,1.0,203.84509793668985
21.05,48.619028137617185,-0.5090829172851108,1.0,205.10547960549593
21.06,48.89186432911543,-0.4999248766421827,1.0,206.36179663985968
21.07,49.169339497532405,-0.49084174843560885,1.0,207.61405855417252
21.080000000000002,49.45137975631602,-0.4818403838511006,1.0,208.86227586865425
21.09,49.737912417970115,-0.47292690926314057,1.0,210.10645904764533
21.1,50.02886592177094,-0.4641067571649822,1.0,211.34661856293678
21.11,50.32416976323248,-0.45538469669347414,1.0,212.58276483044028
21.12,50.62375442514367,-0.4467648637169915,1.0,213.81490825116634
21.13,50.92755130999662,-0.43825079045529897,1.0,215.04305920749903
21.14,51.23549267362106,-0.42984543460174834,1.0,216.26722803339362
21.150000000000002,51.54751155983533,-0.42155120791993783,1.0,217.48742507398129
21.16,51.863541735919895,-0.4133700042888271,1.0,218.70366060733795
21.17,52.18351762871314,-0.4053032271721176,1.0,219.9159448929131
21.18,52.50737426112374,-0.3973518164897567,1.0,221.12428818270564
21.19,52.83504718884738,-0.3895162748713517,1.0,222.3287006728351
21.2,53.16647243706607,-0.3817966932733045,1.0,223.5291925407946
21.21,53.50158643690078,-0.3741927759435442,1.0,224.72577392309904
21.22,53.840325961377424,-0.3667038647197098,1.0,225.91845493018627
21.23,54.182628060651865,-0.35932896264867853,1.0,227.10724564269185
21.240000000000002,54.528429996229875,-0.35206675691728717,1.0,228.29215609654784
21.25,54.8776691738975,-0.3449156410860389,1.0,229.4731962941587
21.26,55.23028307506213,-0.33787373661949327,1.0,230.65037620812654
21.27,55.58620918618196,-0.33093891370885187,1.0,231.82370576635003
21.28,55.94538492593843,-0.32409042293540585,1.0,232.99319487065077
21.29,56.30769615654867,-0.31731059926166266,1.0,234.15885830298066
21.3,56.672986844165976,-0.31059456541724456,1.0,235.3207096606493
21.31,57.041100270202236,-0.3039364245776142,1.0,236.47876055166125
21.32,57.411878973641016,-0.2973304238985893,1.0,237.63302395120263
21.330000000000002,57.78516487988399,-0.2907710110104613,1.0,238.78351245447993
21.34,58.16079942072784,-0.2842528613896557,1.0,239.9302385225892
21.35,58.538623642327316,-0.2777709017220732,1.0,241.07321455702186
21.36,58.91847830152966,-0.27132032951343293,1.0,242.2124528363347
21.37,59.30020395089392,-0.2648966292452699,1.0,243.34796553477645
21.38,59.68364101264364,-0.2584955853584796,1.0,244.47976468876004
21.39,60.0686298417397,-0.25211329232981,1.0,245.6078622341156
21.400000000000002,60.455010778203125,-0.2457461620909343,1.0,246.73226999491453
21.41,60.842624188764646,-0.23939092902456166,1.0,247.85299966484308
21.42,61.231310497869266,-0.23304465275756156,1.0,248.97006279602647
21.43,61.620910208016845,-0.22670471895720906,1.0,250.08347084000707
21.44,62.011263909379316,-0.2203688383234518,1.0,251.19323508813977
21.45,62.4022122785958,-0.21403504395743228,1.0,252.29936673119664
21.46,62.79359606661207,-0.20770168727456856,1.0,253.40187680348754
21.47,63.18525607539773,-0.20136743261900783,1.0,254.50077621638775
21.48,63.57703312334686,-0.19503125072551003,1.0,255.59607572853565
21.490000000000002,63.968767999141065,-0.1886924111645031,1.0,256.68778598308563
21.5,64.36030140383025,-0.18235047389638404,1.0,257.77591747045517
21.51,64.75147388086856,-0.17600528005192126,1.0,258.8604805469513
21.52,65.1421257338237,-0.169656942046979,1.0,259.94148542732
21.53,65.53209693146871,-0.16330583313160904,1.0,261.0189421772957
21.54,65.92122699995443,-0.15695257646585545,1.0,262.09286074340343
21.55,66.3093549017564,-0.15059803380741055,1.0,263.16325092315674
21.56,66.69631890109865,-0.1442432938894342,1.0,264.2301223613322
21.57,67.08195641555749,-0.13788966056049312,1.0,265.2934845611453
21.580000000000002,67.46610385357351,-0.1315386407526029,1.0,266.35334692150354
21.59,67.84859643762753,-0.12519193233775047,1.0,267.4097186587751
21.6,68.22926801287232,-0.11885141192801014,1.0,268.46260887384415
21.61,68.6079508410753,-0.11251912266952607,1.0,269.5120265260339
21.62,68.98447537979605,-0.10619726207599677,1.0,270.55798041820526
21.63,69.35867004682196,-0.09988816994305762,1.0,271.6004792563617
21.64,69.73036097000787,-0.09359431638097733,1.0,272.6395315788686
21.650000000000002,70.09937172282099,-0.0873182899993265,1.0,273.67514580115676
21.66,70.46552304608147,-0.08106278627386779,1.0,274.70733020082116
21.67,70.82863255663199,-0.07483059612265278,1.0,275.73609291762114
21.68,71.18851444395192,-0.0686245947153336,1.0,276.7614419795573
21.69,71.544979156088,-0.062447730536898394,1.0,277.78338526934385
21.7,71.89783307668966,-0.05630301472443835,1.0,278.80193053931
21.71,72.24687819544461,-0.050193510693165674,1.0,279.8170854188502
21.72,72.59191177479858,-0.04412232406565023,1.0,280.8288574256003
21.73,72.93272601655387,-0.03809259291617499,1.0,281.8372539281845
21.740000000000002,73.2691077327476,-0.03210747834017526,1.0,282.8422821909189
21.75,73.60083802616566,-0.02617015535697135,1.0,283.84394934773445
21.76,73.92769198692696,-0.020283804152326796,1.0,284.84226240590215
21.77,74.24943841280941,-0.01445160166585796,1.0,285.8372282907367
21.78,74.56583956237012,-0.00867671352691597,1.0,286.8288537673652
21.79,74.87665095144477,-0.0029622863412327436,1.0,287.817145511508
21.8,75.18162120528577,0.0026885596705207198,1.0,288.8021100759506
21.81,75.48049198038748,0.008310935523404889,1.0,289.7837539128959
21.82,75.77298479114089,0.013929957576892053,1.0,290.7620699889958
21.830000000000002,76.05880329969943,0.019539387085280358,1.0,291.7370547577739
21.84,76.33764372083036,0.02513267789606671,1.0,292.7087093666196
21.85,76.60919531014795,0.030703395947347785,1.0,293.6770312562585
21.86,76.8731409120416,0.036245229344251347,1.0,294.6420186571777
21.87,77.1291577210262,0.041751997767579714,1.0,295.60366981849074
21.88,77.37691828484613,0.04721766118200449,1.0,296.5619830004871
21.89,77.61609177710409,0.052636327856332564,1.0,297.5169565156102
21.900000000000002,77.8463455652481,0.05800226171345103,1.0,298.4685886800289
21.91,78.06734709611189,0.06330988902815796,1.0,299.41687785834074
21.92,78.27876611554485,0.06855380449158248,1.0,300.3618224412203
21.93,78.48027723070625,0.07372877666136103,1.0,301.30342085659504
21.94,78.67156281315627,0.07882975281710126,1.0,302.2416715659201
21.95,78.85231622790512,0.0838518632409832,1.0,303.1765730641782
21.96,79.02224535824071,0.08879042494357492,1.0,304.1081238910556
21.97,79.18107637888066,0.09364094485513015,1.0,305.0363226160407
21.98,79.3285577114906,0.09839912250274928,1.0,305.96116787567735
21.990000000000002,79.46446407792033,0.10306085219383765,1.0,306.8826583251357
22.0,79.588600548956,0.10762222472631532,1.0,307.8007926642895
22.01,79.70080647151823,0.11207952864596446,1.0,308.71556965634227
22.02,79.80095914668395,0.11642925107121016,1.0,309.6269881017506
22.03,79.88897712623708,0.12066807810548923,1.0,310.5350468419492
22.04,79.96482299792959,0.12479289485715712,1.0,311.43974477797747
22.05,80.0285055400234,0.1288007850866588,1.0,312.3410808481276
22.06,80.0800811441223,0.13268903050041514,1.0,313.239054068923
22.07,80.11965443105686,0.13645510971056482,1.0,314.1336634680629
22.080000000000002,80.14737801626555,0.14009669687936974,1.0,315.02490815520287
22.09,80.1634514165033,0.14361166006670412,1.0,315.91278729215264
22.1,80.16811912626018,0.14699805929866258,1.0,316.7973000742495
22.11,80.16166792717388,0.1502541443748967,1.0,317.67844577506185
22.12,80.14442352438256,0.15337835243183598,1.0,318.55622370168567
22.13,80.11674662801465,0.15636930527849507,1.0,319.43063323944807
22.14,80.07902861441296,0.15922580652108087,1.0,320.30167381092906
22.150000000000002,80.03168690958152,0.16194683849212557,1.0,321.1693448908627
22.16,79.9751602369082,0.16453155899936206,1.0,322.03364603221416
22.17,79.90990386334624,0.16697929790904342,1.0,322.89457681775093
22.18,79.83638496435371,0.1692895535778972,1.0,323.75213691592216
22.19,79.75507820970044,0.1714619891473659,1.0,324.60632603242993
22.2,79.66646165158635,0.1734964287132782,1.0,325.45714393630624
22.21,79.57101297506124,0.17539285338355026,1.0,326.30459044128656
22.22,79.46920614991309,0.17715139723601164,1.0,327.1486654393375
22.23,79.36150850416054,0.17877234318791288,1.0,327.9893688559532
22.240000000000002,79.24837822273155,0.1802561187881748,1.0,328.8267006985843
22.25,79.13026226130515,0.181603291942917,1.0,329.6606610119343
22.26,79.00759465469523,0.18281456658431883,1.0,330.49124988541007
22.27,78.88079519150264,0.1838907782923625,1.0,331.3184675015509
22.28,78.7502684217357,0.18483288987854285,1.0,332.14231407269835
22.29,78.61640296137372,0.18564198694015327,1.0,332.9627898596227
22.3,78.47957105697937,0.18631927339330895,1.0,333.77989519387484
22.31,78.34012837406242,0.18686606699242334,1.0,334.5936304628849
22.32,78.19841397458372,0.18728379484343152,1.0,335.40399608016014
22.330000000000002,78.05475045139066,0.1875739889176416,1.0,336.21099254116416
22.34,77.90944419026205,0.18773828157269815,1.0,337.01462038606405
22.35,77.76278573333592,0.1877784010867591,1.0,337.8148802034557
22.36,77.61505022085532,0.1876961672116229,1.0,338.6117726229131
22.37,77.46649789124082,0.1874934867501924,1.0,339.40529834106565
22.38,77.31737462241314,0.18717234916332695,1.0,340.19545809179544
22.39,77.16791249997783,0.18673482221081178,1.0,340.98225266858935
22.400000000000002,77.0183304003179,0.1861830476308739,1.0,341.7656828984618
22.41,76.8688345788056,0.18551923686237917,1.0,342.54574966058135
22.42,76.71961925523946,0.1847456668135766,1.0,343.3224538862705
22.43,76.57086719026617,0.18386467568098985,1.0,344.0957965441048
22.44,76.42275024794682,0.18287865882181184,1.0,344.86577865481377
22.45,76.27542994081675,0.18179270453820676,1.0,345.63240126520395
22.46,76.12905434276942,0.18061705486100615,1.0,346.3956647403538
22.47,75.98375138384802,0.17935405418303002,1.0,347.1555680707097
22.48,75.83963981980668,0.17800655266849924,1.0,347.9121122248471
22.490000000000002,75.69682957611664,0.1765774856061274,1.0,348.6652973257005
22.5,75.55542228002538,0.17506986026017332,1.0,349.4151236638427
22.51,75.41551175840917,0.17348674507538717,1.0,350.1615916341543
22.52,75.27718450221268,0.17183125944655628,1.0,350.90470165386796
22.53,75.14052009931315,0.17010656404959554,1.0,351.6444541923702
22.54,75.00559163768337,0.16831585171583083,1.0,352.38084979727864
22.55,74.87246608071617,0.16646233883136,1.0,353.1138890199363
22.56,74.74120461655079,0.16454925724357067,1.0,353.84357249736786
22.57,74.61186298318164,0.16257984665713635,1.0,354.56990088149905
22.580000000000002,74.48449177106495,0.16055734750202497,1.0,355.2928748726845
22.59,74.35913670486218,0.1584849942563282,1.0,356.0124952197075
22.6,74.23583890586654,0.15636600920698077,1.0,356.7287627197802
22.61,74.11463513657856,0.15420359663171884,1.0,357.4416781887412
22.62,73.99555802879946,0.15200093738592685,1.0,358.1512424759567
22.63,73.87863629652318,0.14976118387832363,1.0,358.8574564754963
22.64,73.76389493482091,0.14748745541976419,1.0,359.5603211261332
22.650000000000002,73.65135540582419,0.1451828339297461,1.0,360.25983736664057
22.66,73.54103581283272,0.14285035998554632,1.0,360.9560061879456
22.67,73.43295106349174,0.14049302919926673,1.0,361.648828599602
22.68,73.32711302291386,0.13811378890839096,1.0,362.33830565214157
22.69,73.22353065754801,0.135715535165827,1.0,363.0244384147227
22.7,73.12221017053263,0.13330111001574582,1.0,363.70722794905305
22.71,73.02315512921166,0.130873299041896,1.0,364.3866753950715
22.72,72.9263665854332,0.1284348291754389,1.0,365.06278186663985
22.73,72.83184318919994,0.12598836674968658,1.0,365.73554853722453
22.740000000000002,72.73958129619083,0.12353651578951613,1.0,366.40497655794024
22.75,72.64957506962779,0.12108181652356881,1.0,367.07106712833047
22.76,72.56181657692427,0.11862674410772646,1.0,367.73382145911455
22.77,72.47629588150916,0.11617370754869692,1.0,368.3932407684624
22.78,72.39300113018864,0.11372504881690679,1.0,369.04932628944516
22.79,72.31191863637592,0.11128304213825563,1.0,369.70207926258445
22.8,72.23303295948834,0.10884989345463075,1.0,370.35150096565485
22.81,72.156326980787,0.10642774004343401,1.0,370.9975926578045
22.82,72.08178197590932,0.10401865028670691,1.0,371.6403556242585
22.830000000000002,72.00937768431974,0.1016246235807916,1.0,372.27979115769267
22.84,71.93909237588967,0.0992475903777871,1.0,372.9159005507827
22.85,71.8709029147941,0.09688941235039199,1.0,373.548685118556
22.86,71.80478482089822,0.0945518826720506,1.0,374.1781461723149
22.87,71.74071232879373,0.09223672640462974,1.0,374.80428502336144
22.88,71.67865844462547,0.08994560098616902,1.0,375.42710299417377
22.89,71.618595000845,0.08768009681154941,1.0,376.04660141840577
22.900000000000002,71.56049270900843,0.08544173789922338,1.0,376.6627816259861
22.91,71.50432121073199,0.0832319826374361,1.0,377.2756449431181
22.92,71.450049126904,0.08105222460365757,1.0,377.8851927034557
22.93,71.39764410525142,0.07890379345122092,1.0,378.4914262443781
22.94,71.34707286634148,0.07678795585742668,1.0,379.0943469032645
22.95,71.29830124810361,0.07470591652764298,1.0,379.6939560100436
22.96,71.25129424894011,0.07265881925018103,1.0,380.2902549095452
22.97,71.20601606949829,0.07064774799698077,1.0,380.88324492424726
22.98,71.16243015316387,0.06867372806537275,1.0,381.4729273952544
22.990000000000002,71.12049922533627,0.06673772725642885,1.0,382.05930364876986
23.0,71.08018533154096,0.06484065708562894,1.0,382.6423749960959
23.01,71.04144987443044,0.06298337402179924,1.0,383.222142778337
23.02,71.0042536497209,0.06116668075049092,1.0,383.79860830679536
23.03,70.96855688111262,0.059391327458162856,1.0,384.37177289649844
23.04,70.93431925423499,0.057658013133745696,1.0,384.9416378624737
23.05,70.9014999496587,0.055967386884344716,1.0,385.50820448994637
23.06,70.87005767501255,0.05432004926203193,1.0,386.0714741013944
23.07,70.83995069624278,0.05271655359885231,1.0,386.63144797459245
23.080000000000002,70.81113686804932,0.05115740734733957,1.0,387.18812741339207
23.09,70.78357366353423,0.049643073424009684,1.0,387.7415136769414
23.1,70.75721820309252,0.04817397155344864,1.0,388.2916080541909
23.11,70.7320272825784,0.046750479610776934,1.0,388.83841180056334
23.12,70.70795740077605,0.04537293496040629,1.0,389.3819261826575
23.13,70.68496478620376,0.044041635789158484,1.0,389.92215244844556
23.14,70.66300542327926,0.04275684243193962,1.0,390.4590918496251
23.150000000000002,70.64203507787401,0.04151877868830108,1.0,390.9927456006408
23.16,70.62200932228082,0.04032763312833902,1.0,391.5231149494648
23.17,70.60288355962139,0.0391835603865035,1.0,392.05020110309124
23.18,70.58461304771784,0.03808668244199855,1.0,392.57400527223945
23.19,70.56715292245018,0.03703708988457087,1.0,393.0945286639035
23.2,70.55045822062502,0.03603484316457763,1.0,393.61177245900035
23.21,70.53448390237453,0.03507997382633094,1.0,394.1257378458977
23.22,70.5191848731088,0.03417248572380664,1.0,394.63642602041364
23.23,70.5045160050401,0.03331235621789452,1.0,395.14383809641004
23.240000000000002,70.49043215830017,0.03249953735444923,1.0,395.64797526597977
23.25,70.47688820166678,0.031733957022493826,1.0,396.14883866906166
23.26,70.46383903291921,0.031015520091984855,1.0,396.6464294232428
23.27,70.45123959883772,0.03034410953063906,1.0,397.1407486759126
23.28,70.4390449148639,0.029719587499378933,1.0,397.631797529757
23.29,70.42721008443574,0.029141796426025813,1.0,398.11957708373666
23.3,70.4156903180113,0.028610560056926766,1.0,398.60408844053745
23.31,70.40444095179488,0.028125684486262823,1.0,399.0853326842189
23.32,70.39341746617535,0.027686959162837428,1.0,399.56331088766456
23.330000000000002,70.38257550388842,0.02729415787420073,1.0,400.0380241200328
23.34,70.37187088791282,0.026947039708008564,1.0,400.50947342813015
23.35,70.36125963910646,0.026645349990563658,1.0,400.9776598550379
23.36,70.35069799359312,0.026388821202530072,1.0,401.442584451288
23.37,70.34014241990123,0.026177173871851093,1.0,401.9042482152581
23.38,70.32954963586421,0.0260101174439364,1.0,402.36265217885375
23.39,70.31887662528092,0.025887351129224315,1.0,402.81779734045267
23.400000000000002,70.3080806543425,0.025808564728252846,1.0,403.2696846947074
23.41,70.29711928782373,0.025773439434407498,1.0,403.71831522136927
23.42,70.28595040503987,0.025781648614540322,1.0,404.16368988901377
23.43,70.27453221556668,0.0258328585676807,1.0,404.6058096662164
23.44,70.26282327472073,0.025926729262084766,1.0,405.0446755029261
23.45,70.25078249879586,0.026062915050890412,1.0,405.4802883453667
23.46,70.23836918005004,0.026241065366667784,1.0,405.9126491211355
23.47,70.22554300143604,0.0264608253951724,1.0,406.34175876155496
23.48,70.2122640510677,0.02672183672862699,1.0,406.7676181644201
23.490000000000002,70.19849283641247,0.027023737998873046,1.0,407.1902282498777
23.5,70.18419029820028,0.027366165490747565,1.0,407.60958989337087
23.51,70.16931782403671,0.027748753736054756,1.0,408.0257039889693
23.52,70.15383726170793,0.028171136088511847,1.0,408.4385714046657
23.53,70.13771093216548,0.028632945280062855,1.0,408.84819301217794
23.54,70.12090164217278,0.029133813958956888,1.0,409.2545696608722
23.55,70.10337269660226,0.029673375210004196,1.0,409.65770218893886
23.56,70.08508791036333,0.030251263057423854,1.0,410.0575914494693
23.57,70.06601161994783,0.03086711295070437,1.0,410.4542382583022
23.580000000000002,70.04610869457156,0.03152056223390883,1.0,410.8476434312761
23.59,70.02534454689723,0.032211250598852756,1.0,411.2378077842295
23.6,70.0036851433187,0.03293882052259402,1.0,411.62473211064935
23.61,69.98109701378827,0.033702917689671937,1.0,412.0084172002971
23.62,69.95754726116799,0.034503191399537086,1.0,412.3888638354838
23.63,69.93300357008559,0.03533929495961602,1.0,412.76607279479504
23.64,69.90743421527668,0.0362108860644515,1.0,413.1400448344648
23.650000000000002,69.88080806939328,0.03711762716136677,1.0,413.51078071445227
23.66,69.85309461026138,0.03805918580309448,1.0,413.87828117981553
23.67,69.82426392756767,0.03903523498781501,1.0,414.24254697561264
23.68,69.79428672895841,0.040045453487045315,1.0,414.6035788320005
23.69,69.76313434553359,0.04108952616182151,1.0,414.96137746050954
23.7,69.73077873671812,0.0421671442676116,1.0,415.31594359502196
23.71,69.6971924944965,0.04327800574839449,1.0,415.66727792844176
23.72,69.66234884699448,0.04442181552034205,1.0,416.01538115367293
23.73,69.62622166139435,0.0455982857455324,1.0,416.3602539859712
23.740000000000002,69.58878544617131,0.04680713609612147,1.0,416.70189709216356
23.75,69.5500153526398,0.04804809400940109,1.0,417.04031114280224
23.76,69.50988717579855,0.04932089493416004,1.0,417.37549682334065
23.77,69.46837735446607,0.05062528256876384,1.0,417.7074547894299
23.78,69.4254629707002,0.05196100909136961,1.0,418.0361856892705
23.79,69.38112174849368,0.05332783538268168,1.0,418.3616901859641
23.8,69.33533205174366,0.05472553124164906,1.0,418.6839689053595
23.81,69.28807288149116,0.05615387559450762,1.0,419.0030224882066
23.82,69.23932387243009,0.057612656697557,1.0,419.3188515715301
23.830000000000002,69.1890652886853,0.059101672334062924,1.0,419.6314567513764
23.84,69.13727801886418,0.060620730005669414,1.0,419.9408386647701
23.85,69.08394357038296,0.06216964711869456,1.0,420.24699791520834
23.86,69.02904406307624,0.0637482511656893,1.0,420.54993510246277
23.87,68.9725622220947,0.06535637990262165,1.0,420.849650837481
23.88,68.91448137010143,0.06699388152204896,1.0,421.14614568278193
23.89,68.85478541877694,0.06866061482263755,1.0,421.4394202455878
23.900000000000002,68.7934588596449,0.07035644937537215,1.0,421.7294751033187
23.91,68.73048675423284,0.07208126568680691,1.0,422.0163108147681
23.92,68.66585472358183,0.0738349553596926,1.0,422.29992796108127
23.93,68.59954893712244,0.07561742125130813,1.0,422.5803271085024
23.94,68.53155610093535,0.0774285776298252,1.0,422.8575088120997
23.95,68.46186344541327,0.07926835032902341,1.0,423.1314736157656
23.96,68.39045871234754,0.08113667690166397,1.0,423.40222208201885
23.97,68.31733014145719,0.08303350677182746,1.0,423.66975473985076
23.98,68.24246645638587,0.08495880138651342,1.0,423.93407214060426
23.990000000000002,68.16585685018592,0.0869125343667859,1.0,424.19517481327057
24.0,68.0874909703174,0.08889469165875084,1.0,424.4530632831156
24.01,68.00735890318253,0.09090527168463274,1.0,424.7077380940318
24.02,67.92545115822247,0.09294428549421421,1.0,424.959199745208
24.03,67.84175865160178,0.09501175691689817,1.0,425.2074487656355
24.04,67.75627268950413,0.09710772271462753,1.0,425.45248567312956
24.05,67.66898495106743,0.09923223273590454,1.0,425.6943109706044
24.060000000000002,67.57988747098243,0.10138535007113023,1.0,425.93292516842484
24.07,67.48897262178144,0.10356715120947574,1.0,426.1683287769556
24.080000000000002,67.39623309584204,0.10577772619748627,1.0,426.40052228048444
24.09,67.30166188713189,0.10801717879960702,1.0,426.6295061856508
24.1,67.20525227271989,0.11028562666080031,1.0,426.8552809841931
24.11,67.106997794078,0.11258320147141945,1.0,427.07784717157483
24.12,67.0068922381975,0.11491004913447907,1.0,427.2972052358091
24.13,66.90492961854542,0.117266329935452,1.0,427.5133556574583
24.14,66.80110415588139,0.11965221871470402,1.0,427.7262989282608
24.150000000000002,66.69541025896052,0.12206790504265448,1.0,427.93603551760316
24.16,66.5878425051408,0.12451359339774068,1.0,428.1425659060478
24.17,66.47839562091892,0.12698950334722994,1.0,428.3458905816078
24.18,66.3670644624124,0.12949586973091065,1.0,428.54601000621915
24.19,66.25384399580848,0.13203294284766748,1.0,428.74292466044426
24.2,66.13872927779751,0.13460098864491135,1.0,428.9366350211203
24.21,66.02171543600855,0.13720028891081681,1.0,429.1271415390074
24.22,65.90279764946361,0.1398311414692878,1.0,429.31444469466805
24.23,65.78197112906531,0.14249386037752843,1.0,429.4985449537635
24.240000000000002,65.65923109813424,0.14518877612608,1.0,429.6794427782297
24.25,65.53457277300716,0.147916235841133,1.0,429.8571386374533
24.26,65.40799134371093,0.150676603488888,1.0,430.0316329933703
24.27,65.27948195472274,0.15347026008169948,1.0,430.20292630791664
24.28,65.14903968582693,0.1562976038856856,1.0,430.37101904675364
24.29,65.01665953308033,0.15915905062944188,1.0,430.5359116643667
24.3,64.88233638989227,0.16205503371344498,1.0,430.69760462269187
24.310000000000002,64.7460650282303,0.1649860044196723,1.0,430.85609839111567
24.32,64.60784007995679,0.167952432120908,1.0,431.0113934315741
24.330000000000002,64.46765601830523,0.17095480448914419,1.0,431.16349018365145
24.34,64.32550713950009,0.17399362770241342,1.0,431.3123891316354
24.35,64.18138754452733,0.17706942664931336,1.0,431.4580907151103
24.36,64.03529112106015,0.18018274513042684,1.0,431.6005954146385
24.37,63.88721152554367,0.18333414605572876,1.0,431.7399036772549
24.38,63.737142165442606,0.18652421163701957,1.0,431.87601597607136
24.39,63.58507618165633,0.18975354357430055,1.0,432.00893276557326
24.400000000000002,63.431006431104066,0.1930227632349369,1.0,432.13865450769663
24.41,63.27492546948294,0.1963325118243332,1.0,432.26518166810274
24.42,63.11682553420279,0.19968345054674802,1.0,432.3885147087276
24.43,62.95669852749984,0.20307626075475949,1.0,432.50865410640836
24.44,62.79453599973249,0.20651164408576775,1.0,432.62560031190515
24.45,62.63032913286322,0.209990322583809,1.0,432.7393538020551
24.46,62.4640687241286,0.21351303880480238,1.0,432.8499150387943
24.47,62.29574516990181,0.21708055590323724,1.0,432.95728450268507
24.48,62.125348449752636,0.22069365769814556,1.0,433.0614626482129
24.490000000000002,61.95286811070808,0.22435314871606998,1.0,433.1624499633908
24.5,61.77829325172056,0.2280598542085648,1.0,433.2602469138801
24.51,61.60161250834843,0.23181462014162826,1.0,433.35485396906734
24.52,61.42281403765735,0.23561831315427947,1.0,433.44627161696553
24.53,61.241885503348584,0.23947182048332968,1.0,433.534500323236
24.54,61.058814061125325,0.24337604985122674,1.0,433.61954057589173
24.55,60.873586344305714,0.24733192931366021,1.0,433.7013928554952
24.560000000000002,60.68618844969548,0.25134040706344496,1.0,433.7800576388836
24.57,60.49660592373163,0.2554024511870087,1.0,433.8555354140699
24.580000000000002,60.304823748913904,0.2595190493696198,1.0,433.9278266504407
24.59,60.110826330538345,0.2636912085453167,1.0,433.99693185836077
24.6,59.91459748375203,0.2679199544872956,1.0,434.0628515072167
24.61,59.71612042094935,0.27220633133435795,1.0,434.1255860850215
24.62,59.51537773953087,0.2765514010488088,1.0,434.18513609468937
24.63,59.312351410049665,0.28095624280104303,1.0,434.24150201305747
24.64,59.107022764772104,0.2854219522758975,1.0,434.2946843355894
24.650000000000002,58.899372486680356,0.28994964089566827,1.0,434.3446835540235
24.66,58.68938059895009,0.29454043495457605,1.0,434.39150016382337
24.67,58.47702645493557,0.29919547465932467,1.0,434.43513464555144
24.68,58.262288728699914,0.30391591307029425,1.0,434.4755875021219
24.69,58.04514540612952,0.30870291493782087,1.0,434.51285922527313
24.7,57.82557377667502,0.3135576554279699,1.0,434.5469503030181
24.71,57.60355042576429,0.31848131873216595,1.0,434.577861238271
24.72,57.379051227934994,0.3234750965550547,1.0,434.6055925041437
24.73,57.15205134073896,0.3285401864750219,1.0,434.63014459609985
24.740000000000002,56.92252519947182,0.3336777901718591,1.0,434.6515180133283
24.75,56.69044651278609,0.3388891115162234,1.0,434.6697132252157
24.76,56.455788259246866,0.34417535451571357,1.0,434.68473071977496
24.77,56.21852268489521,0.3495377211126133,1.0,434.6965709812939
24.78,55.97862130188422,0.3549774088286784,1.0,434.7052344866097
24.79,55.73605488825779,0.3604956082527015,1.0,434.7107217051089
24.8,55.49079348894368,0.3660935003670313,1.0,434.71303310245275
24.810000000000002,55.24280641803613,0.37177225370974043,1.0,434.7121691554785
24.82,54.992062262443795,0.37753302136973405,1.0,434.7081303149462
24.830000000000002,54.73852888698385,0.3833769378127806,1.0,434.7009170278907
24.84,54.482173441001656,0.38930511553719993,1.0,434.6905297487974
24.85,54.222962366600576,0.39531864155880914,1.0,434.67696891352534
24.86,53.96086140856417,0.401418573725686,1.0,434.66023494675756
24.87,53.69583562605723,0.4076059368643352,1.0,434.64032827317715
24.88,53.427849406189864,0.4138817187599831,1.0,434.61724929511547
24.89,53.15686647953132,0.4202468659749556,1.0,434.59099842980504
24.900000000000002,52.88284993765657,0.4267022795103858,1.0,434.5615760497749
24.91,52.605762252811665,0.43324881031791856,1.0,434.5289825312793
24.92,52.32556529977743,0.43988725466950535,1.0,434.4932182431221
24.93,52.04222038001287,0.44661834939494605,1.0,434.45428352057934
24.94,51.75568824815383,0.4534427669984139,1.0,434.41217870265245
24.95,51.46592914093995,0.4603611106668111,1.0,434.36690410226583
24.96,51.17290280863744,0.46737390918448757,1.0,434.3184600137174
24.97,50.87656854902073,0.47448161177050197,1.0,434.26684671267867
24.98,50.57688524396938,0.4816845828562695,1.0,434.21206445619464
24.990000000000002,50.27381139872919,0.4889830968230686,1.0,434.1541134789586
25.0,49.96730518387922,0.496377332720456,1.0,434.0929939970374
25.01,49.6573244800379,0.5038673689881327,1.0,434.0287061929703
25.02,49.34382692533089,0.5114531782052023,1.0,433.96125023439527
25.03,49.02676996563422,0.5191346218920158,1.0,433.89062624797225
25.04,48.706110907594436,0.5269114453909154,1.0,433.8168343529105
25.05,48.38180697441689,0.5347832728530852,1.0,433.7398746199906
25.060000000000002,48.05381536439925,0.5427496023594557,1.0,433.6597471088171
25.07,47.72209331217652,0.5508098012040329,1.0,433.5764518342912
25.080000000000002,47.3865981526294,0.5589631013682719,1.0,433.4899887815118
25.09,47.04728738739427,0.5672085952149968,1.0,433.4003579057753
25.1,46.70411875390015,0.5755452314300139,1.0,433.30755910649896
25.11,46.35705029684293,0.583971811238865,1.0,433.21159229800105
25.12,46.006040441994514,0.5924869849251188,1.0,433.11245730519295
25.13,45.65104807222973,0.6010892486753178,1.0,433.01015393435955
25.14,45.29203260564193,0.6097769417739338,1.0,432.90468195825815
25.150000000000002,44.928954075603784,0.6185482441697514,1.0,432.79604111239314
25.16,44.56177321261862,0.6274011744327737,1.0,432.68423108011484
25.17,44.19045152779655,0.636333588118164,1.0,432.5692515075207
25.18,43.814951397777286,0.6453431765508771,1.0,432.4511020183563
25.19,43.435236150914974,0.6544274660415696,1.0,432.32978216558695
25.2,43.05127015452888,0.6635838175411393,1.0,432.20529149100184
25.21,42.663018903019434,0.6728094267377895,1.0,432.0776294618845
25.22,42.27044910664183,0.6821013245970884,1.0,431.9467955455184
25.23,41.8735287807259,0.6914563783418681,1.0,431.8127891123295
25.240000000000002,41.47222733512804,0.7008712928653775,1.0,431.67560954391956
25.25,41.06651566369986,0.7103426125675215,1.0,431.5352561622858
25.26,40.65636623355825,0.7198667236007897,1.0,431.3917282409966
25.27,40.24175317394422,0.7294398565092305,1.0,431.245025023818
25.28,39.82265236445977,0.7390580892409024,1.0,431.0951457247138
25.29,39.399041522478335,0.7487173505115736,1.0,430.94208949804306
25.3,38.97090028952904,0.758413423495076,1.0,430.78585548326373
25.310000000000002,38.53821031646289,0.7681419498136925,1.0,430.626442771405
25.32,38.10095534721744,0.7778984338003625,1.0,430.4638504348695
25.330000000000002,37.65912130100498,0.7876782470032272,1.0,430.2980774976313
25.34,37.21269635276004,0.7974766329022557,1.0,430.1291229762137
25.35,36.76167101169244,0.8072887118072661,1.0,429.95698583498597
25.36,36.30603819780264,0.8171094859067217,1.0,429.78166502714157
25.37,35.84579331622856,0.8269338444370694,1.0,429.6031594835222
25.38,35.38093432930346,0.8367565689432475,1.0,429.42146811261773
25.39,34.91146182621631,0.8465723386021586,1.0,429.23658980056643
25.400000000000002,34.43737909017744,0.8563757355824281,1.0,429.0485234186053
25.41,33.95869216300255,0.8661612504155808,1.0,428.85726783424616
25.42,33.47540990703883,0.8759232873558522,1.0,428.66282188147306
25.43,32.98754406436616,0.8856561697081476,1.0,428.46518440917134
25.44,32.49510931321561,0.8953541451060926,1.0,428.26435424759984
25.45,31.9981233215551,0.9050113907247473,1.0,428.0603302307427
25.46,31.496606797799263,0.914622018415181,1.0,427.8531111963093
25.47,30.99058353860685,0.9241800797508206,1.0,427.642695967108
25.48,30.480080473733427,0.933679570978174,1.0,427.4290833771229
25.490000000000002,29.965127707912156,0.9431144378671489,1.0,427.21227230504155
25.5,29.445758559737378,0.9524785804587519,1.0,426.99226158857346
25.51,28.92200959752827,0.9617658577104243,1.0,426.76905009523034
25.52,28.39392067215082,0.9709700920414795,1.0,426.54263673722744
25.53,27.861534946776114,0.9800850737832841,1.0,426.31302040815353
25.54,27.32489892355209,0.9891045655407611,1.0,426.0802000463009
25.55,26.784062467164485,0.9980223064734514,1.0,425.8441746160388
25.560000000000002,26.239078825259774,1.0068320165059343,1.0,425.6049430966377
25.57,25.69000464570017,1.0155274004786594,1.0,425.36250450089574
25.580000000000002,25.13689999061692,1.024102152251284,1.0,425.1168578825891
25.59,24.579828347223852,1.0325499587714495,1.0,424.8680023290217
25.6,24.0188566353485,1.0408645041225175,1.0,424.6159369535744
25.61,23.45405521163351,1.0490394735641708,1.0,424.36066092923284
25.62,22.88549787035571,1.057068557579929,1.0,424.10217344388366
25.63,22.313261840805087,1.0649454559456306,1.0,423.8404737561941
25.64,21.737427781160758,1.0726638818326557,1.0,423.57556115463376
25.650000000000002,21.15807976879606,1.0802175659593138,1.0,423.3074349835515
25.66,20.57530528693962,1.0876002608032043,1.0,423.036094635725
25.67,19.989195207614788,1.0948057448866684,1.0,422.76153955608606
25.68,19.3998437707757,1.1018278271465771,1.0,422.48376923799515
25.69,18.80734855955383,1.1086603513987263,1.0,422.2027832493186
25.7,18.211810471525855,1.1152972009060143,1.0,421.9185811839998
25.71,17.613333685910707,1.1217323030584108,1.0,421.6311627328396
25.72,17.012025626601122,1.1279596341714266,1.0,421.34052761271596
25.73,16.407996920934018,1.1339732244085028,1.0,421.0466756224632
25.740000000000002,15.801361354102326,1.139767162831306,1.0,420.7496066093445
25.75,15.19223581911189,1.1453356025805168,1.0,420.4493205063045
25.76,14.580740262186623,1.1506727661882021,1.0,420.1458173021674
25.77,13.966997623527588,1.1557729510214052,1.0,419.8390970416367
25.78,13.351133773333855,1.16063053485507,1.0,419.52915984764695
25.79,12.733277442996078,1.1652399815709198,1.0,419.2160059250891
25.8,12.113560151378776,1.1695958469774286,1.0,418.8996355198324
25.810000000000002,11.492116126111942,1.1736927847445662,1.0,418.5800489746034
25.82,10.869082219819258,1.177525552445532,1.0,418.2572466805577
25.830000000000002,10.244597821217463,1.1810890176963167,1.0,417.9312291368842
25.84,9.618804761029706,1.184378164382561,1.0,417.60199688002467
25.85,8.991847212664869,1.1873880989618923,1.0,417.26955054700375
25.86,8.363871587625274,1.1901140568286654,1.0,416.93389083072543
25.87,7.735026425616602,1.1925514087268836,1.0,416.595018517226
25.88,7.105462279345747,1.194695667195973,1.0,416.2529344521463
25.89,6.475331594005898,1.1965424930330912,1.0,415.90763956308365
25.900000000000002,5.844788581462165,1.1980877017547267,1.0,415.5591348782182
25.91,5.213989089166013,1.1993272700395354,1.0,415.2074214629829
25.92,4.583090463842998,1.2002573421336622,1.0,414.85250049084425
25.93,3.95225141001468,1.2008742361991716,1.0,414.4943732060492
25.94,3.3216318434335053,1.2011744505857425,1.0,414.13304092362523
25.95,2.6913927395275588,1.2011546700054128,1.0,413.7685050442815
25.96,2.0616959769709755,1.2008117715899023,1.0,413.4007670544088
25.97,1.4327041765157509,1.2001428308099302,1.0,413.0298285111785
25.98,0.8045805352403649,1.1991451272359417,1.0,412.65569104999304
25.990000000000002,0.17748865639168807,1.1978161501197917,1.0,412.27835638821125
26.0,-0.4484076249824478,1.196153603777188,1.0,411.89782632514834
26.01,-1.0729444203914928,1.1941554127510772,1.0,411.5141027420759
26.02,-1.6959579700105811,1.1918197267366684,1.0,411.1271875873208
26.03,-2.3172848282772134,1.1891449252494102,1.0,410.7370828874409
26.04,-2.9367620526921985,1.1861296220179802,1.0,410.3437907807529
26.05,-3.5542273955190358,1.1827726690852063,1.0,409.9473134353757
26.060000000000002,-4.1695194980546395,1.1790731606007738,1.0,409.5476531274617
26.07,-4.782478087122387,1.1750304362906694,1.0,409.144812207669
26.080000000000002,-5.392944173418083,1.1706440845894157,1.0,408.73879308626056
26.09,-6.000760251318557,1.1659139454224017,1.0,408.32959827780724
26.1,-6.605770499742568,1.160840112626911,1.0,407.91723034903407
26.11,-7.207820983635274,1.1554229360018002,1.0,407.50169194862247
26.12,-7.806759855628039,1.1496630229772011,1.0,407.0829858109355
26.13,-8.402437557409433,1.1435612398970687,1.0,406.6611147299409
26.14,-8.994707020325603,1.1371187129088722,1.0,406.2360815703869
26.150000000000002,-9.583423864714495,1.1303368284562392,1.0,405.8078892864287
26.16,-10.168446597463902,1.1232172333718566,1.0,405.376540876925
26.17,-10.749636807271871,1.1157618345694305,1.0,404.9420394413173
26.18,-11.326859357077128,1.1079727983350145,1.0,404.5043881200254
26.19,-11.899982573118585,1.0998525492194375,1.0,404.0635901391506
26.2,-12.468878430076552,1.0914037685350364,1.0,403.61964878439903
26.21,-13.03342273174307,1.0826293924612251,1.0,403.1725674048066
26.22,-13.593495286666476,1.073532609764797,1.0,402.7223494127393
26.23,-14.14898007821491,1.0641168591421006,1.0,402.26899829879403
26.240000000000002,-14.699765428505376,1.0543858261914294,1.0,401.8125175908208
26.25,-15.245744155650012,1.044343440025073,1.0,401.3529108762741
26.26,-15.786813723777431,1.033993869531539,1.0,400.8901818357408
26.27,-16.322876385297604,1.0233415192993982,1.0,400.4243341758847
26.28,-16.8538393148908,1.012391025215043,1.0,399.95537166297436
26.29,-17.379614734716313,1.0011472497474774,1.0,399.48329811915755
26.3,-17.900120030355197,0.9896152769338984,1.0,399.0081174187362
26.310000000000002,-18.415277857021316,0.9778004070804455,1.0,398.52983348444104
26.32,-18.925016235599887,0.96570815119297,1.0,398.04845029488206
26.330000000000002,-19.42926863809825,0.9533442251531151,1.0,397.5639718733728
26.34,-19.927974062123642,0.9407145436552873,1.0,397.07640228047967
26.35,-20.421077094034544,0.9278252139203569,1.0,396.5857456177473
26.36,-20.908527960446875,0.914682529202067,1.0,396.09200605750084
26.37,-21.390282567813983,0.9012929621022213,1.0,395.5951877757907
26.38,-21.866302529838315,0.8876631577106632,1.0,395.09529500454664
26.39,-22.336555182515426,0.8737999265860806,1.0,394.5923320129514
26.400000000000002,-22.801013586654033,0.85971023759345,1.0,394.0863030925393
26.41,-23.259656517762295,0.8454012106137767,1.0,393.57721258327365
26.42,-23.712468443237462,0.8308878900157236,1.0,393.06506484374404
26.43,-24.159442434670545,0.8162824174646037,1.0,392.5498038083315
26.44,-24.600613225760696,0.8016354773429639,1.0,392.0314086265862
26.45,-25.036034882644557,0.7869484486358671,1.0,391.50986345112324
26.46,-25.46576347290925,0.7722223594814002,1.0,390.98514449223876
26.47,-25.889856802101264,0.7574613173690856,1.0,390.45723002776504
26.48,-26.30837548287045,0.7426673011744735,1.0,389.9261016137898
26.490000000000002,-26.72138204800524,0.7278436177010654,1.0,389.39173982292414
26.5,-27.128941354187436,0.7129945669590332,1.0,388.854127522558
26.51,-27.53112083955222,0.6981229940876655,1.0,388.31324865296483
26.52,-27.92798989101756,0.6832335381194141,1.0,387.7690871618688
26.53,-28.31962038857256,0.6683307759583171,1.0,387.22162919119
26.54,-28.706086563221927,0.6534183619589251,1.0,386.67086132615805
26.55,-29.087464556533867,0.6385026709927706,1.0,386.1167705915868
26.560000000000002,-29.463833374206555,0.6235935897380172,1.0,385.5593452081084
26.57,-29.835276103988598,0.6086972167136719,1.0,384.99857422336936
26.580000000000002,-30.201878244513658,0.5938193754139572,1.0,384.434447247535
26.59,-30.563727455603967,0.5789671841095131,1.0,383.866954728961
26.6,-30.92091382953709,0.5641477288414991,1.0,383.29608853906393
26.61,-31.273529699930414,0.5493669688842175,1.0,382.7218411937356
26.62,-31.62166909129209,0.534630872907344,1.0,382.14420553296804
26.63,-31.965427563788882,0.5199454308113943,1.0,381.56317530572414
26.64,-32.30490206297808,0.5053179648785165,1.0,380.9787448979914
26.650000000000002,-32.640191198868,0.490754742732543,1.0,380.39091012999415
26.66,-32.9713947377715,0.4762616036859592,1.0,379.79966681823134
26.67,-33.29861331648278,0.4618443331750325,1.0,379.2050115391612
26.68,-33.62194828459886,0.44750865754785885,1.0,378.60694147646427
26.69,-33.941501549665894,0.4332602297719862,1.0,378.0054543912411
26.7,-34.25737542309421,0.4191046590927077,1.0,377.4005485884845
26.71,-34.56967248098753,0.40504864227224296,1.0,376.79222293943167
26.72,-34.878495780333004,0.3910974448096756,1.0,376.18047753348947
26.73,-35.18394829285211,0.3772561755470333,1.0,375.565312191844
26.740000000000002,-35.48613275342829,0.3635298115236121,1.0,374.9467275366187
26.75,-35.785151521703185,0.3499231879142387,1.0,374.32472459226847
26.76,-36.08110644771044,0.33644098890693924,1.0,373.69930481910706
26.77,-36.37409874201306,0.3230877392798068,1.0,373.07047010213137
26.78,-36.66422885069752,0.30986779669486625,1.0,372.4382227137685
26.79,-36.95159633554059,0.2967853446981089,1.0,371.80256532132626
26.8,-37.23629975961666,0.28384438641453424,1.0,371.1635009534657
26.810000000000002,-37.51843657856947,0.2710487389259016,1.0,370.5210329927504
26.82,-37.798103037729135,0.258402028317887,1.0,369.8751651532948
26.830000000000002,-38.075394075210355,0.24590768538235802,1.0,369.2259014584124
26.84,-38.350403231091086,0.2335689419595841,1.0,368.5732462219894
26.85,-38.62322256272839,0.22138882790434217,1.0,367.9172040745616
26.86,-38.89394256623457,0.20937016865911398,1.0,367.2577798701823
26.87,-39.16265210409935,0.19751558341676387,1.0,366.59497874230146
26.88,-39.429438338914046,0.185827483854533,1.0,365.92880604043603
26.89,-39.69438667312191,0.17430807342043841,1.0,365.25926734134555
26.900000000000002,-39.95758069469174,0.16295934715270868,1.0,364.5863684229553
26.91,-40.2191021285864,0.15178309201232396,1.0,363.91011526063085
26.92,-40.479030793875225,0.14078088770831296,1.0,363.23051397129893
26.93,-40.73744456631848,0.1299541079950555,1.0,362.54757088050246
26.94,-40.99441934623375,0.11930392242055826,1.0,361.8612924106419
26.95,-41.25002903143866,0.10883129850430308,1.0,361.1716851517558
26.96,-41.504345495050316,0.0985370043231906,1.0,360.47875579074025
26.97,-41.7574385679103,0.08842161148381507,1.0,359.7825111337006
26.98,-42.00937602539516,0.0784854984593082,1.0,359.0829580761492
26.990000000000002,-42.260223578364,0.06872885426888611,1.0,358.38010359555483
27.0,-42.51004486799058,0.059151682478276894,1.0,357.6739547327161
27.01,-42.758901464221836,0.04975380549926532,1.0,356.96451861038804
27.02,-43.00685286760438,0.04053486916672081,1.0,356.25180235877633
27.03,-43.25395651421912,0.03149489317469275,1.0,355.53581319376826
27.04,-43.500267924415745,0.022634078602810567,1.0,354.81655859947205
27.05,-43.745840801826404,0.013951623326678694,1.0,354.09404626861215
27.060000000000002,-43.99072682950258,0.005446546713818955,1.0,353.3682835884392
27.07,-44.234975680704316,-0.0028822848973828795,1.0,352.6392781287432
27.080000000000002,-44.47863503578952,-0.011036152807577462,1.0,351.90703743323684
27.09,-44.72175060063432,-0.019016479911372616,1.0,351.1715690381825
27.1,-44.96436612646848,-0.02682482454949759,1.0,350.4328804798424
27.11,-45.206523430895516,-0.03446287426054218,1.0,349.6909792460501
27.12,-45.44826241988034,-0.04193243945109071,1.0,348.9458728246391
27.13,-45.68962111049546,-0.04923544700204346,1.0,348.1975686624646
27.14,-45.93063565422558,-0.05637311029371746,1.0,347.4460741505027
27.150000000000002,-46.17134056825238,-0.06334654646601871,1.0,346.69139705225825
27.16,-46.411768810705595,-0.07015797128288381,1.0,345.93354516103864
27.17,-46.65195155542856,-0.07680971511612075,1.0,345.172525908798
27.18,-46.89191821176479,-0.08330419461941245,1.0,344.40834683179855
27.19,-47.131696448535344,-0.08964390669896509,1.0,343.6410154029727
27.2,-47.37131221746318,-0.09583142195542482,1.0,342.87053902447224
27.21,-47.61078977603371,-0.10186937819707574,1.0,342.09692500159144
27.22,-47.850151709664615,-0.10776047402044467,1.0,341.32018061354756
27.23,-48.089418953068034,-0.1135070544327157,1.0,340.54031302407384
27.240000000000002,-48.328610913358645,-0.11910985898547037,1.0,339.7573295272887
27.25,-48.567745907403896,-0.12457171180881271,1.0,338.971238091588
27.26,-48.806840674232106,-0.1298955178945697,1.0,338.1820457428694
27.27,-49.045910384165865,-0.1350842139622476,1.0,337.389759786427
27.28,-49.2849686555238,-0.14014076350765656,1.0,336.5943874269724
27.29,-49.52402756975789,-0.145068150904387,1.0,335.79593574255705
27.3,-49.76309768520452,-0.1498693756761352,1.0,334.99441174045205
27.310000000000002,-50.00218804938849,-0.15454744691822733,1.0,334.1898223347962
27.32,-50.241306209831315,-0.1591041048544879,1.0,333.382174346596
27.330000000000002,-50.480458592081824,-0.16353870413943994,1.0,332.57147470861673
27.34,-50.71965111285367,-0.16785301802948657,1.0,331.75773060694337
27.35,-50.95888826348092,-0.17204902682985215,1.0,330.9409486539662
27.36,-51.19817306670205,-0.17612871268213115,1.0,330.1211356408894
27.37,-51.43750707757695,-0.18009406715469983,1.0,329.2982982136309
27.38,-51.6768903810397,-0.18394708911768648,1.0,328.47244293242693
27.39,-51.91632158823254,-0.1876897827771436,1.0,327.6435762606561
27.400000000000002,-52.155797831534336,-0.1913241556854777,1.0,326.8117046095431
27.41,-52.395314758243316,-0.19485103806137555,1.0,325.97683426737785
27.42,-52.63486683295217,-0.19827086972521027,1.0,325.13897198066115
27.43,-52.874447441502596,-0.20158567479761236,1.0,324.29812456667423
27.44,-53.114048474664884,-0.20479750274390351,1.0,323.4542982801795
27.45,-53.3536603106359,-0.20790839711551504,1.0,322.6074995882809
27.46,-53.59327180227315,-0.21092039399131993,1.0,321.75773479416966
27.47,-53.832870262625505,-0.2138355198250386,1.0,320.9050101414323
27.48,-54.07244144887445,-0.21665578932617693,1.0,320.0493317991495
27.490000000000002,-54.31196954465955,-0.21938320336469727,1.0,319.1907058507204
27.5,-54.55143714076385,-0.22201816916606507,1.0,318.3291383087635
27.51,-54.79082564873923,-0.22456124912664158,1.0,317.46463575586677
27.52,-55.030115247891786,-0.22701442428074028,1.0,316.59720466658473
27.53,-55.26928447796785,-0.22937967959386435,1.0,315.7268510609865
27.54,-55.50831020823798,-0.23165897712422415,1.0,314.8535811640322
27.55,-55.74716761049182,-0.2338542544195061,1.0,313.97740104421973
27.560000000000002,-55.985830130206516,-0.23596742250862823,1.0,313.09831672534347
27.57,-56.22426945600318,-0.2380003639562578,1.0,312.2163341604173
27.580000000000002,-56.46245548739727,-0.23995493097281614,1.0,311.33145920559764
27.59,-56.70035630085624,-0.24183187919506088,1.0,310.44369769468904
27.6,-56.937938425788765,-0.24363112069738171,1.0,309.55305579677224
27.61,-57.17516706091183,-0.24535443850276037,1.0,308.65953996405005
27.62,-57.41200549656357,-0.24700361116210937,1.0,307.763155978173
27.63,-57.648415067020615,-0.24858037904299587,1.0,306.8639098852873
27.64,-57.88435510909166,-0.2500864431365467,1.0,305.96180760487914
27.650000000000002,-58.11978291909708,-0.25152346343436094,1.0,305.05685498565435
27.66,-58.35465370843676,-0.2528930573890396,1.0,304.14905784651637
27.67,-58.58892055782573,-0.2541967984492442,1.0,303.23842192813754
27.68,-58.8225343702923,-0.2554362146700709,1.0,302.32495292276144
27.69,-59.05544382304736,-0.25660960477563005,1.0,301.4086564667523
27.7,-59.28759633105205,-0.257718130391084,1.0,300.489539436996
27.71,-59.51893711679864,-0.258763255406411,1.0,299.5676074512303
27.72,-59.74940905451709,-0.2597463989852774,1.0,298.6428665369749
27.73,-59.97895261804541,-0.2606689301682669,1.0,297.7153226323426
27.740000000000002,-60.207505829444976,-0.26153216679782193,1.0,296.78498163446784
27.75,-60.435004207446674,-0.2623373744787562,1.0,295.85184936597943
27.76,-60.66138071598981,-0.2630857656235844,1.0,294.91593163460493
27.77,-60.88656571312688,-0.26377849858120567,1.0,293.97723419964314
27.78,-61.110486900598694,-0.2644166768482536,1.0,293.0357627645135
27.79,-61.33306927441513,-0.26500733516814334,1.0,292.0915230214596
27.8,-61.55423297812643,-0.26554846650577063,1.0,291.1445182263851
27.810000000000002,-61.77389635935637,-0.26601824834047005,1.0,290.19474809616804
27.82,-61.99198277127447,-0.266387216098052,1.0,289.2422072291374
27.830000000000002,-62.208423443608176,-0.26663453258372016,1.0,288.2868982106447
27.84,-62.42311294127474,-0.26675470857174605,1.0,287.3288182243705
27.85,-62.63594008671836,-0.26674384392323514,1.0,286.3679661154747
27.86,-62.84679351508399,-0.2665980739364438,1.0,285.4043403342366
27.87,-63.05556192128169,-0.2663137433317391,1.0,284.43793926388025
27.88,-63.26213426312902,-0.26588741658982495,1.0,283.4687612429261
27.89,-63.4663999711517,-0.26531588564517994,1.0,282.4968045130372
27.900000000000002,-63.6682491653565,-0.26459617714562844,1.0,281.5220672637224
27.91,-63.86757287844896,-0.26372555926455943,1.0,280.54454758390784
27.92,-64.06426328488374,-0.26270154806542984,1.0,279.5642435327172
27.93,-64.25821393504351,-0.2615219134181606,1.0,278.58115305006504
27.94,-64.44931999375504,-0.26018468446698084,1.0,277.59527403861284
27.95,-64.63747848225564,-0.2586881546492513,1.0,276.60660430788994
27.96,-64.82258852263631,-0.2570308862647138,1.0,275.61514158546925
27.97,-65.0045515836993,-0.2552117145945758,1.0,274.6208835579455
27.98,-65.18327172708292,-0.2532297515697688,1.0,273.6238278001547
27.990000000000002,-65.35865585242863,-0.25108438898765684,1.0,272.62397184595466
28.0,-65.53061394028985,-0.24877530127644837,1.0,271.6213131248951
28.01,-65.6990592914209,-0.24630244780650704,1.0,270.6158490292728
28.02,-65.86390876102386,-0.24366607474777766,1.0,269.6075768508017
28.03,-66.02508298649018,-0.24086671647252011,1.0,268.5964938290417
28.04,-66.18250660713835,-0.23790519650261385,1.0,267.58259711042047
28.05,-66.3361084744355,-0.2347826280007387,1.0,266.56588381156325
28.060000000000002,-66.48582185118076,-0.23150041380485975,1.0,265.54635091871023
28.07,-66.63158459814935,-0.2280602460055409,1.0,264.5239954032004
28.080000000000002,-66.77333934672276,-0.22446410506584147,1.0,263.49881415069103
28.09,-66.9110336560813,-0.22071425848369594,1.0,262.4708039686084
28.1,-67.04462015360727,-0.21681325899697013,1.0,261.4399615973234
28.11,-67.17405665722949,-0.21276394233166362,1.0,260.40628372877836
28.12,-67.29930627855322,-0.20856942449406296,1.0,259.3697669915855
28.13,-67.42033750574039,-0.20423309860801753,1.0,258.330407936126
28.14,-67.53712426525206,-0.19975863129892582,1.0,257.2882030494511
28.150000000000002,-67.64964596172354,-0.195149958626486,1.0,256.24314876645803
28.16,-67.75788749541815,-0.19041128156874748,1.0,255.1952414624393
28.17,-67.86183925689123,-0.18554706106053184,1.0,254.14447744563222
28.18,-67.96149709869957,-0.18056201258986004,1.0,253.09085298329592
28.19,-68.05686228418922,-0.17546110035663298,1.0,252.03436426445842
28.2,-68.14794141361297,-0.17024953099841894,1.0,250.97500743716955
28.21,-68.23474632803742,-0.164932746888896,1.0,249.9127785973251
28.22,-68.31729399171051,-0.1595164190151493,1.0,248.84767378866673
28.23,-68.39560635376877,-0.15400643944074613,1.0,247.7796890027821
28.240000000000002,-68.46971019036006,-0.14840891336222967,1.0,246.7088201791048
28.25,-68.53963692844654,-0.14273015076741102,1.0,245.6350632160902
28.26,-68.60542245272457,-0.13697665770459086,1.0,244.5584139637649
28.27,-68.66710689725603,-0.13115512717258987,1.0,243.47886823117733
28.28,-68.72473442354287,-0.12527242964222945,1.0,242.39642179384828
28.29,-68.77835298689301,-0.1193356032206603,1.0,241.3110703714192
28.3,-68.8280140930196,-0.11335184347067863,1.0,240.22280966490507
28.310000000000002,-68.87377254688668,-0.10732849289793317,1.0,239.13163532316685
28.32,-68.91568619585841,-0.1012730301196193,1.0,238.03754296898842
28.330000000000002,-68.95381566922907,-0.09519305872900838,1.0,236.94052820280194
28.34,-68.98822411621117,-0.08909629587082395,1.0,235.8405865728855
28.35,-69.01897694442368,-0.08299056054314925,1.0,234.73771362006664
28.36,-69.0461415608796,-0.07684239158094532,1.0,233.6319048590958
28.37,-69.06981060325305,-0.0706314211642936,1.0,232.52317125722766
28.38,-69.09009454977625,-0.06436778625881326,1.0,231.4115188345313
28.39,-69.10710420983527,-0.058062167112379694,1.0,230.2969493456185
28.400000000000002,-69.12095007878325,-0.05172534713717581,1.0,229.17946832999587
28.41,-69.13174195167315,-0.04536819614591594,1.0,228.05908057838678
28.42,-69.13958855997795,-0.03900165150665939,1.0,226.935790900141
28.43,-69.14459723433828,-0.03263669909618329,1.0,225.80960412323475
28.44,-69.14687359502466,-0.026284354088655,1.0,224.68052509054542
28.45,-69.14652127148429,-0.019955641615283386,1.0,223.5485586822033
28.46,-69.14364165202284,-0.013661577331147099,1.0,222.4137098044157
28.47,-69.13833366436855,-0.007413147925770146,1.0,221.27598337829113
28.48,-69.13069358755995,-0.0012212916142984942,1.0,220.13538435846567
28.490000000000002,-69.12081489531587,0.0049031213536867594,1.0,218.99191772565246
28.5,-69.10878813077008,0.010949308130627347,1.0,217.84558847919106
28.51,-69.09470081219798,0.016906592615652194,1.0,216.69640165567398
28.52,-69.07863736911892,0.022764424670505816,1.0,215.54436231404543
28.53,-69.06067910794049,0.02851239917004291,1.0,214.38947553932667
28.54,-69.0409042061022,0.034140274850894964,1.0,213.23174645379186
28.55,-69.01938773349853,0.03963799292232508,1.0,212.0711801983416
28.560000000000002,-68.99620169978742,0.0449956954037802,1.0,210.90778193995357
28.57,-68.97141512605498,0.05020374315421107,1.0,209.741556879133
28.580000000000002,-68.94509413916893,0.05525273355886309,1.0,208.5725102648139
28.59,-68.91730208705224,0.060133517839955325,1.0,207.40064733475447
28.6,-68.88809967301528,0.06483721795842852,1.0,206.2259733863175
28.61,-68.85754510720929,0.06935524307473949,1.0,205.04849373176694
28.62,-68.82569427321005,0.07367930553757687,1.0,203.86821372807026
28.63,-68.79260090769918,0.07780143637025706,1.0,202.6851387359202
28.64,-68.75831679118568,0.08171400022552427,1.0,201.49927416816354
28.650000000000002,-68.72289194770221,0.08540970978043701,1.0,200.31062544882298
28.66,-68.68637485141342,0.08888163954404871,1.0,199.11919804662466
28.67,-68.64881263809605,0.09212323905160041,1.0,197.92499742656946
28.68,-68.61025131947946,0.09512834542000634,1.0,196.7280291095376
28.69,-68.57073599848265,0.09789119524045294,1.0,195.52829864993691
28.7,-68.53031108344048,0.10040643578502839,1.0,194.32581159099936
28.71,-68.48902049948141,0.10266913550536882,1.0,193.12057353183627
28.72,-68.44690789529507,0.10467479380239536,1.0,191.91259008273482
28.73,-68.40401684362287,0.10641935004732826,1.0,190.70186687633395
28.740000000000002,-68.36039103389815,0.10789919183525727,1.0,189.48840956762433
28.75,-68.31607445557282,0.10911116245366484,1.0,188.27222384512424
28.76,-68.27111157078043,0.11005256754942198,1.0,187.0533153899014
28.77,-68.22554747510661,0.11072118097890435,1.0,185.83168992772698
28.78,-68.17942804536548,0.11111524982702266,1.0,184.60735319927335
28.79,-68.13280007341024,0.11123349858211878,1.0,183.38031094148755
28.8,-68.08571138514209,0.11107513245486147,1.0,182.15056892484426
28.810000000000002,-68.03821094401877,0.11063983983047339,1.0,180.91813291981816
28.82,-67.99034893850136,0.10992779384485094,1.0,179.68300871923566
28.830000000000002,-67.94217685301832,0.10893965307639819,1.0,178.44520213082433
28.84,-67.89374752216172,0.10767656134669491,1.0,177.20471893996
28.85,-67.84511516796915,0.10614014662444281,1.0,175.96156496554613
28.86,-67.7963354202742,0.10433251902853864,1.0,174.7157460153103
28.87,-67.74746532024214,0.10225626792752551,1.0,173.4672679193318
28.88,-67.69856330732695,0.0999144581341823,1.0,172.21613648161292
28.89,-67.64968919000624,0.09731062519553121,1.0,170.96235751360655
28.900000000000002,-67.60090410076424,0.09444876978016087,1.0,169.70593683049083
28.91,-67.55227043589382,0.09133335116641082,1.0,168.44688022136688
28.92,-67.50385178078811,0.0879692798366943,1.0,167.1851934865117
28.93,-67.45571282147954,0.08436190918502617,1.0,165.92088239639997
28.94,-67.407919243263,0.08051702634666441,1.0,164.6539527066052
28.95,-67.36053761731239,0.07644084216069921,1.0,163.38441018387675
28.96,-67.3136352762575,0.07213998027838889,1.0,162.11226051673293
28.97,-67.2672801797437,0.06762146543204768,1.0,160.8375094421208
28.98,-67.22154077103617,0.0628927108814133,1.0,159.56016259640455
28.990000000000002,-67.17648582576493,0.05796150505646795,1.0,158.28022565320134
29.0,-67.13218429393028,0.052835997417914275,1.0,156.9977042078972
29.01,-67.08870513630339,0.04752468355861457,1.0,155.71260384097695
29.02,-67.0461171563626,0.042036389571544756,1.0,154.42493008822203
29.03,-67.0044888289049,0.036380255711983646,1.0,153.13468843698502
29.04,-66.96388812646036,0.03056571938386012,1.0,151.8418843522668
29.05,-66.92438234462375,0.02460249748234762,1.0,150.54652321711183
29.060000000000002,-66.88603792738982,0.018500568126917714,1.0,149.24861039593816
29.07,-66.84892029355011,0.01227015182118758,1.0,147.948151178658
29.080000000000002,-66.81309366517435,0.005921692077873047,1.0,146.64515079557896
29.09,-66.77862089915546,-0.0005341644508490062,1.0,145.33961442485452
29.1,-66.74556332275341,-0.00708658829543253,1.0,144.03154717758298
29.11,-66.7139805740216,-0.013724587899612976,1.0,142.72095408290625
29.12,-66.68393044794675,-0.020437030714093845,1.0,141.40784012153745
29.13,-66.65546874907429,-0.027212664606233228,1.0,140.09221016988158
29.14,-66.62864915133426,-0.034040139537370895,1.0,138.77406905591488
29.150000000000002,-66.60352306571872,-0.04090802945820475,1.0,137.45342151075602
29.16,-66.58013951639798,-0.04780485437163444,1.0,136.13027215749025
29.17,-66.55854502580067,-0.054719102511622514,1.0,134.8046255633235
29.18,-66.5387835091134,-0.061639252585948774,1.0,133.47648619487882
29.19,-66.52089617859187,-0.06855379603029763,1.0,132.14585840702057
29.2,-66.50492145800762,-0.07545125922081786,1.0,130.81274647638202
29.21,-66.49089490748881,-0.08232022559222382,1.0,129.47715455666184
29.22,-66.4788491589473,-0.08914935760865374,1.0,128.13908670842648
29.23,-66.46881386221861,-0.09592741853481263,1.0,126.79854688793421
29.240000000000002,-66.46081564197785,-0.10264329395547675,1.0,125.4555389098823
29.25,-66.45487806543221,-0.10928601299216929,1.0,124.11006651073694
29.26,-66.45102162072781,-0.11584476916671367,1.0,122.76213328912854
29.27,-66.44926370594966,-0.1223089408625297,1.0,121.41174272447824
29.28,-66.4496186285368,-0.1286681113357844,1.0,120.05889817327261
29.29,-66.45209761487757,-0.13491208822999115,1.0,118.70360285788774
29.3,-66.45670882979661,-0.141030922549273,1.0,117.34585987403989
29.310000000000002,-66.46345740559612,-0.1470149270472592,1.0,115.98567219823599
29.32,-66.47234548026452,-0.15285469399051127,1.0,114.6230426505208
29.330000000000002,-66.48337224441923,-0.15854111225739592,1.0,113.2579739280045
29.34,-66.49653399651169,-0.16406538373546098,1.0,111.89046858623624
29.35,-66.5118242057792,-0.16941903898262484,1.0,110.52052903920412
29.36,-66.52923358239684,-0.17459395211980555,1.0,109.14815754443407
29.37,-66.54875015424616,-0.17958235492502328,1.0,107.77335622534156
29.38,-66.57035934969298,-0.18437685010145075,1.0,106.39612705633044
29.39,-66.59404408573836,-0.18897042369440256,1.0,105.01647185534239
29.400000000000002,-66.61978486088819,-0.19335645663477946,1.0,103.63439229875803
29.41,-66.64755985206818,-0.19752873538903243,1.0,102.24988989531994
29.42,-66.67734501489936,-0.20148146169827913,1.0,100.86296600848436
29.43,-66.70911418664008,-0.20520926139174905,1.0,99.47362184524536
29.44,-66.74283919109544,-0.2087071922622998,1.0,98.0818584524095
29.45,-66.77848994479639,-0.2119707509942391,1.0,96.6876767128706
29.46,-66.81603456375309,-0.21499587913620632,1.0,95.29107737913728
29.47,-66.8554394700973,-0.21777896811429687,1.0,93.89206100255251
29.48,-66.89666949793987,-0.2203168632830385,1.0,92.49062799662352
29.490000000000002,-66.93968799778881,-0.22260686701416632,1.0,91.08677860349417
29.5,-66.98445693889279,-0.2246467408254559,1.0,89.68051291257143
29.51,-67.03093700890032,-0.22643470655410855,1.0,88.27183085680008
29.52,-67.07908771025929,-0.22796944658136079,1.0,86.86073217913508
29.53,-67.12886745280669,-0.22925010311709001,1.0,85.44721649214625
29.54,-67.18023364204547,-0.23027627655524688,1.0,84.03128322213888
29.55,-67.23314276263874,-0.23104802291288914,1.0,82.61293164640665
29.560000000000002,-67.28755045670138,-0.2315658503675187,1.0,81.19216088205576
29.57,-67.34341159651218,-0.2318307149092259,1.0,79.76896986737847
29.580000000000002,-67.40068035132599,-0.2318440151259116,1.0,78.3433574065566
29.59,-67.45931024801006,-0.23160758614154162,1.0,76.91532211378217
29.6,-67.51925422529362,-0.23112369272898278,1.0,75.48486246168613
29.61,-67.58046468146799,-0.23039502162052306,1.0,74.05197677388787
29.62,-67.64289351543894,-0.22942467304063094,1.0,72.6166631989181
29.63,-67.70649216109206,-0.2282161514869065,1.0,71.17891972884536
29.64,-67.77121161498799,-0.22677335578649466,1.0,69.73874421045184
29.650000000000002,-67.83700245747141,-0.2251005684564831,1.0,68.29613434150815
29.66,-67.90381486733395,-0.22320244439797515,1.0,66.85108764469624
29.67,-67.9715986302339,-0.22108399895463673,1.0,65.40360151976347
29.68,-68.04030314113248,-0.2187505953675529,1.0,63.95367321744561
29.69,-68.10987740106687,-0.2162079316591636,1.0,62.50129980966449
29.7,-68.18027000863577,-0.2134620269799437,1.0,61.046478267759085
29.71,-68.25142914662418,-0.21051920745230465,1.0,59.589205376803875
29.72,-68.32330256425121,-0.2073860915468834,1.0,58.12947782129049
29.73,-68.39583755556818,-0.20406957502707523,1.0,56.66729212924838
29.740000000000002,-68.46898093458056,-0.20057681549818665,1.0,55.20264469087124
29.75,-68.5426790077112,-0.19691521659808967,1.0,53.73553177714348
29.76,-68.61687754425598,-0.19309241186664303,1.0,52.26594951376319
29.77,-68.69152174551908,-0.18911624833144206,1.0,50.79389389976859
29.78,-68.76655621334127,-0.18499476984768704,1.0,49.319360833615065
29.79,-68.84192491876034,-0.1807362002300751,1.0,47.84234605357051
29.8,-68.91757117155841,-0.1763489262146315,1.0,46.362845215946436
29.810000000000002,-68.99343759146838,-0.17184148028836896,1.0,44.88085383921862
29.82,-69.06946608181254,-0.16722252342445199,1.0,43.39636733755469
29.830000000000002,-69.14559780635638,-0.16250082776032096,1.0,41.90938100963831
29.84,-69.22177317014936,-0.15768525925584284,1.0,40.41989005729556
29.85,-69.29793180511903,-0.15278476036811256,1.0,38.927889578044415
29.86,-69.37401256116688,-0.14780911488993778,1.0,37.43337456136942
29.87,-69.44995312840146,-0.14276932854070676,1.0,35.936340261250734
29.88,-69.52568943959007,-0.13767541678463638,1.0,34.436781730502844
29.89,-69.6011561488451,-0.13253583283904052,1.0,32.9346937648952
29.900000000000002,-69.6762874216224,-0.12735880570181937,1.0,31.430071000009775
29.91,-69.75101709085166,-0.12215457262164012,1.0,29.922908175736666
29.92,-69.82527768918065,-0.11693443230963954,1.0,28.413200370967388
29.93,-69.89899990417335,-0.1117082050922243,1.0,26.90094219520688
29.94,-69.9721133326769,-0.10648469030533313,1.0,25.386127948760986
29.95,-70.04454702990766,-0.10127236247722238,1.0,23.86875182017684
29.96,-70.11622971843875,-0.0960836525390018,1.0,22.348808228969574
29.97,-70.18708779159451,-0.09093050930769594,1.0,20.82629168778658
29.98,-70.25704552362949,-0.08582271600668182,1.0,19.301196336746216
29.990000000000002,-70.3260262283511,-0.08076999958593864,1.0,17.773516435176134
30.0,-70.39395231903877,-0.07579041779500797,0.6990980708924823,16.243246164172888
30.01,-70.46074098491054,-0.07092205840335901,1.0,14.710383102297783
30.02,-70.52629342404046,-0.04401421574830864,1.0,13.174926821142435
30.03,-70.60247068806983,-0.04087689708561033,1.0,11.636871874332428
30.04,-70.67651925032506,-0.03763257534552065,1.0,10.09619515389204
30.05,-70.74845496502711,-0.034488430852022106,1.0,8.552901282906532
30.060000000000002,-70.81818789477194,-0.03148973036815582,1.0,7.006984993815422
30.07,-70.88560878489852,-0.028657263241204815,1.0,5.458441440016031
30.080000000000002,-70.95060222490476,-1.6524575089505447,1.0,3.9072655476629734
30.09,-70.09078495691809,-6.14387197116652,1.0,2.9215999618172646
30.1,-66.65091553181134,-8.613351168120237,1.0,2.7432552352547646
30.11,-61.7681651699592,-10.46265309110444,1.0,2.112114492803812
30.12,-55.8053923278847,-10.743236498663657,1.0,1.7996129766106606
30.13,-50.01978592701188,-10.420464782861435,1.0,1.8605313003063202
30.14,-44.15364241174754,-10.255750577668836,1.0,1.4111227430403233
30.150000000000002,-38.204028290970555,-10.062756140618097,1.0,1.2191045731306076
30.16,-32.23964838550869,-7.789762198491088,1.0,0.974833432585001
30.17,-27.926512232314217,-6.7490267538276285,1.0,1.9329392425715923
30.18,-23.19244259949609,-4.2449133527996725,1.0,1.6473849676549435
30.19,-20.50568366002022,-4.3248639617794655,1.0,2.822416592389345
30.2,-17.791649423262317,-4.358068477298212,1.0,2.958041649311781
30.21,-15.076964014576596,-4.397347915085285,1.0,3.5044600628316402
30.22,-12.358959902386006,-4.431288728727878,1.0,3.9809505343437195
30.23,-9.64127566865297,-4.460195720988379,1.0,4.4541127644479275
30.240000000000002,-6.927341833001823,-4.484247136197322,1.0,4.924003209918737
30.25,-4.220469937543295,-4.503623733288217,1.0,5.39061027392745
30.26,-1.5238690695667434,-4.518506608253309,1.0,5.853930417448282
30.27,1.159336470443005,-4.529081870431647,1.0,6.313959714025259
30.28,3.8260920889217944,-4.535526394634745,1.0,6.770689744502306
30.29,6.47338944346158,-4.538016985760026,1.0,7.224117707461119
30.3,9.098247756915278,-4.536733060760056,1.0,7.674238700419664
30.310000000000002,11.697696004814105,-4.5318765723190815,1.0,8.121049139648676
30.32,14.2687656250673,-4.523613103762005,1.0,8.564549665898085
30.330000000000002,16.808448331332706,-4.512111169366432,1.0,9.004736576229334
30.34,19.313675006000686,-4.497537233715083,1.0,9.441608469933271
30.35,21.7812901193103,-4.480057679434262,1.0,9.875164207071066
30.36,24.208025446951968,-4.459829775944746,1.0,10.30540406703949
30.37,26.590466641822225,-4.437007343376752,1.0,10.732326928526163
30.38,28.925021021866762,-4.411739382371142,1.0,11.15593259781599
30.39,31.20788264770164,-4.384167044054141,1.0,11.576220158487558
30.400000000000002,33.43499407784765,-4.3544285029968774,1.0,11.993183813989162
30.41,35.602009966264816,-4.322657520981255,1.0,12.406823851168156
30.42,37.704260025203766,-4.288991957498996,1.0,12.817138090729713
30.43,39.73671865608768,-4.253569202214683,1.0,13.224126245826483
30.44,41.6939763750233,-4.216503073700982,1.0,13.627789042890072
30.45,43.57020658738469,-4.177905516146487,1.0,14.028125625103712
30.46,45.359157749518076,-4.137883512705547,1.0,14.425136223435402
30.47,47.054163426660246,-4.0965392086162655,1.0,14.818820957094431
30.48,48.64817990742028,-4.05397003934987,1.0,15.209180060774088
30.490000000000002,50.13386035128691,-4.010268878575871,1.0,15.596213847398758
30.5,51.5036747377359,-3.965516797583291,1.0,15.979922708123922
30.51,52.7500800525465,-3.919787171837533,1.0,16.36030639708042
30.52,53.865751469131716,-3.8731659087534034,1.0,16.737364195287228
30.53,54.84388000515005,-3.8257314897342636,1.0,17.111096523702145
30.54,55.67850554453711,-3.777558663751975,1.0,17.481503307819366
30.55,56.36487503171869,-3.7287185923838853,1.0,17.8485846221447
30.560000000000002,56.89979061995353,-3.6792790275523135,1.0,18.212340615689754
30.57,57.281906715449026,-3.629304484708257,1.0,18.572771452367306
30.580000000000002,57.511934131170705,-3.5788564102687177,1.0,18.9298773445189
30.59,57.592717965523796,-3.5280011109044147,1.0,19.283658538013697
30.6,57.52917502567843,-3.476792323917681,1.0,19.634116392582655
30.61,57.328087899951754,-3.4252817159905136,1.0,19.9812512435019
30.62,56.99779178341711,-3.373518968133318,1.0,20.325063727796078
30.63,56.54779051436743,-3.3215514821014085,1.0,20.66555443406105
30.64,55.98834726259613,-3.269424502180587,1.0,21.002723898738623
30.650000000000002,55.3300913480439,-3.217181223962861,1.0,21.336572621017694
30.66,54.5836720322287,-3.1648628944464585,1.0,21.66710103303194
30.67,53.75947719146183,-3.112508903838323,1.0,21.99430951476097
30.68,52.86742274592385,-3.0600389371245913,1.0,22.318198408931494
30.69,51.91679848007541,-3.0074695927059905,1.0,22.63874389976263
30.7,50.91620064195576,-2.9549506848837437,1.0,22.955917559564114
30.71,49.873503805156695,-2.90253458308564,1.0,23.269743103533983
30.72,48.79584430027244,-2.8503020673908006,1.0,23.5802087970078
30.73,47.689640348974535,-2.7982994740743994,1.0,23.887329630553722
30.740000000000002,46.560617967826516,-2.7465529267336555,1.0,24.191113729029894
30.75,45.41387029919674,-2.6950803283837583,1.0,24.491563107818365
30.76,44.25391168082773,-2.6439023469121095,1.0,24.788683779537678
30.77,43.084732751175146,-2.5930355531311853,1.0,25.082480508834124
30.78,41.9098535356629,-2.5425057880136883,1.0,25.372956905514002
30.79,40.732373681244766,-2.4923328094984747,1.0,25.660117391496897
30.8,39.555018429071076,-2.442537920188048,1.0,25.943965658545494
30.810000000000002,38.380180590099634,-2.393141395284505,1.0,26.224508319050074
30.82,37.20995822565784,-2.344155985643022,1.0,26.50174794346094
30.830000000000002,36.04618836750047,-2.2955766432438645,1.0,26.77568817138672
30.84,34.89047598231374,-2.247446408682519,1.0,27.046329736709595
30.85,33.744217355278955,-2.1997919478272,1.0,27.31367525085807
30.86,32.60861996729389,-2.1526313502266894,1.0,27.577727135270834
30.87,31.48472477604864,-2.1059813786293824,1.0,27.83848712965846
30.88,30.373425980199492,-2.05985499332614,1.0,28.095957543700933
30.89,29.275488361228845,-2.014264188981866,1.0,28.350139942020178
30.900000000000002,28.191562656886028,-1.9692184079550699,1.0,28.601036440581083
30.91,27.122199061926036,-1.9247249804554603,1.0,28.848648745566607
30.92,26.067859150810115,-1.8807898497912785,1.0,29.092978470027447
30.93,25.028926442264947,-1.8374171978430875,1.0,29.334027282893658
30.94,24.00571572199761,-1.794609572138571,1.0,29.571796637028456
30.95,22.99848129723353,-1.7523677463078713,1.0,29.806287836283445
30.96,22.007424292933834,-1.7106914545311007,1.0,30.03750191628933
30.970000000000002,21.03269917215853,-1.6695791392805759,1.0,30.265439845621586
30.98,20.074419506564848,-1.6290280322789739,1.0,30.49010231345892
30.990000000000002,19.132663105621237,-1.5890342406505416,1.0,30.71148979663849
31.0,18.207476579680126,-1.5495928251556725,1.0,30.92960250377655
31.01,17.29887940089375,-1.5106976938895693,1.0,31.14444038271904
31.02,16.40686749400844,-1.4723418828442865,1.0,31.356002993881702
31.03,15.531416452824203,-1.4345176697743598,1.0,31.56428963318467
31.04,14.672484409602077,-1.3972165422836498,1.0,31.769299264997244
31.05,13.830014574011312,-1.3604292468047905,1.0,31.97103053331375
31.060000000000002,13.003937484172924,-1.3241453981891624,1.0,32.169481728225946
31.07,12.194172919628686,-1.288354352273177,1.0,32.36465062201023
31.080000000000002,11.400631719398358,-1.2530448649224775,1.0,32.55653480440378
31.09,10.623217326579736,-1.218204546751956,1.0,32.745131473988295
31.1,9.86182701739488,-1.183821071947074,1.0,32.930437214672565
31.11,9.11635318861356,-1.149881245740098,1.0,33.11244858056307
31.12,8.3866842871905,-1.1163716503776089,1.0,33.2911615036428
31.13,7.672705725688324,-1.0832810766920151,1.0,33.466571755707264
31.14,6.974301314036537,-1.0505953656251563,1.0,33.63867151737213
31.150000000000002,6.291352758601708,-1.0182937317282588,1.0,33.80745276063681
31.16,5.623734910024096,-0.986378925375511,1.0,33.97291595488787
31.17,4.971322647921853,-0.9548389484871218,1.0,34.13505267351866
31.18,4.3339877306362276,-0.9236597459494675,1.0,34.293857254087925
31.19,3.711598641410798,-0.8928315099230071,1.0,34.44932704791427
31.2,3.1040222913923032,-0.8623497108040928,1.0,34.60145907104015
31.21,2.5111263174057106,-0.8321921740653069,1.0,34.750244814902544
31.220000000000002,1.9327736835566054,-0.8023509579091601,1.0,34.89568415656686
31.23,1.3688275644228929,-0.7728138929399722,1.0,35.03777217119932
31.240000000000002,0.8191502715585628,-0.7435689118496991,1.0,35.17650522664189
31.25,0.28360352179499065,-0.7146027535104957,1.0,35.311879236251116
31.26,-0.23795182700180123,-0.6859037117592297,1.0,35.44389044120908
31.27,-0.7456550442995065,-0.657460290037649,1.0,35.57253413647413
31.28,-1.239645274852592,-0.6292513750713106,1.0,35.69780448451638
31.29,-1.720065479185256,-0.6012722043584797,1.0,35.81970614939928
31.3,-2.1870558423536783,-0.5735109128430143,1.0,35.93824000284076
31.310000000000002,-2.6407565117028153,-0.5459662720687584,1.0,36.053413558751345
31.32,-3.081302812974769,-0.5186284448015692,1.0,36.16522901877761
31.330000000000002,-3.5088286581092394,-0.4914885377634304,1.0,36.27369249984622
31.34,-3.9234660687054372,-0.46453457418816474,1.0,36.37881277129054
31.35,-4.325346571092623,-0.43776490035511506,1.0,36.48060343787074
31.36,-4.7145960965993705,-0.4111898622856485,1.0,36.5790625102818
31.37,-5.091328757039922,-0.3847825959275738,1.0,36.674185048788786
31.38,-5.4556644607732965,-0.35853865031619986,1.0,36.7659781165421
31.39,-5.807718395701859,-0.3324538272444137,1.0,36.854441966861486
31.400000000000002,-6.147600738923088,-0.30652487360966413,1.0,36.939578246325254
31.41,-6.475416031806099,-0.28074948052106535,1.0,37.0213886089623
31.42,-6.7912625496315115,-0.25512630288477034,1.0,37.09987472370267
31.43,-7.0952316595132485,-0.2296549790276448,1.0,37.175038270652294
31.44,-7.387407170418775,-0.2043361525979777,1.0,37.246880915015936
31.45,-7.6678646782400355,-0.1791714984538523,1.0,37.3154043443501
31.46,-7.9366709081599085,-0.15416375447022657,1.0,37.380610171705484
31.470000000000002,-8.193883055650254,-0.12931676143227733,1.0,37.44249999895692
31.48,-8.439548126332566,-0.104635513475461,1.0,37.50107539445162
31.490000000000002,-8.673702273610703,-0.08012622190191997,1.0,37.55633784458041
31.5,-8.896370131425224,-0.05579639348239155,1.0,37.608288768678904
31.51,-9.107564138867778,-0.03165493602016803,1.0,37.65692952275276
31.52,-9.307283846281212,-0.007712284400591763,1.0,37.702261351048946
31.53,-9.495515196227132,0.016019446100612306,1.0,37.74428541585803
31.54,-9.672229769149538,0.03952626263898789,1.0,37.783002730458975
31.55,-9.837383974437595,0.06279205326093287,1.0,37.818414237350225
31.560000000000002,-9.99091816765842,0.08579828812159165,1.0,37.85052068904042
31.57,-10.132755668102366,0.10852365019664104,1.0,37.87932271882892
31.580000000000002,-10.262801644201282,0.13094357874649995,1.0,37.904820784926414
31.59,-10.380941826222827,0.15302970453589163,1.0,37.92701516672969
31.6,-10.487040995603229,0.17474915051920317,1.0,37.94590596109629
31.61,-10.580941187943568,0.19606366526057817,1.0,37.96149304509163
31.62,-10.66245953164276,0.21692854878598328,1.0,37.97377607598901
31.63,-10.731385626037962,0.23729132221029162,1.0,37.98275447636843
31.64,-10.787478341720918,0.2570900844027805,1.0,37.9884273968637
31.650000000000002,-10.830461902041952,0.2762514936539147,1.0,37.99079371988773
31.66,-10.860021080849362,0.2946883151263268,1.0,37.98985208943486
31.67,-10.87579533241714,0.31229649653927266,1.0,37.98560083657503
31.68,-10.877371666327766,0.3289517956552998,1.0,37.97803809121251
31.69,-10.864276114771295,0.34450612165550865,1.0,37.96716182678938
31.7,-10.835963753882774,0.35878403467839765,1.0,37.95297000184655
31.71,-10.79180750927963,0.3715803803444346,1.0,37.935460817068815
31.720000000000002,-10.731086525642072,0.38266096620966566,1.0,37.91463318094611
31.73,-10.652975905243817,0.3917696489285196,1.0,37.890487398952246
31.740000000000002,-10.55654136537866,0.3986471075650726,1.0,37.86302624642849
31.75,-10.440744993977148,0.4030680942297626,1.0,37.8322564996779
31.76,-10.304471478583858,0.40490260636763703,1.0,37.798190880566835
31.77,-10.146586321039427,0.4041977168957184,1.0,37.760849978774786
31.78,-9.966034780008272,0.40125726147666546,1.0,37.72026341035962
31.79,-9.76197737265707,0.3966734530703744,1.0,37.67646886780858
31.8,-9.533933897568163,0.39126381864391485,1.0,37.62950834259391
31.810000000000002,-9.281885922587499,0.3859131182143515,1.0,37.57942220196128
31.82,-9.006291464625303,0.38138796928616164,1.0,37.52624383568764
31.830000000000002,-8.708003702239566,0.378212406171957,1.0,37.46999714896083
31.84,-8.388130726419009,0.3766425942315847,1.0,37.41069708019495
31.85,-8.047889732358716,0.37671570600852444,1.0,37.3483516164124
31.86,-7.688492850164344,0.378325327836094,1.0,37.28296399116516
31.87,-7.311075823780632,0.38128944353668054,1.0,37.214534390717745
31.88,-6.916663449472508,0.3853983752051934,1.0,37.14306128770113
31.89,-6.506159993985296,0.3904433650197884,1.0,37.06854231655598
31.900000000000002,-6.080353905693851,0.39623109149439967,1.0,36.990974854677916
31.91,-5.639929329834727,0.4025894728210511,1.0,36.91035636886954
31.92,-5.185479932101798,0.40936864426655245,1.0,36.8266845792532
31.93,-4.717522631971693,0.41643955646626246,1.0,36.739957604557276
31.94,-4.236510130711928,0.4236916146877312,1.0,36.65017392486334
31.95,-3.7428418411904305,0.4310300943030819,1.0,36.55733244866133
31.96,-3.2368731876623458,0.4383736886239993,1.0,36.46143241226673
31.970000000000002,-2.718923408547492,0.4456523347921311,1.0,36.36247342079878
31.98,-2.189282054364371,0.452805355791188,1.0,36.26045538112521
31.990000000000002,-1.6482143800810993,0.45977990564591154,1.0,36.155378464609385
32.0,-1.0959658150505425,0.4665296839110343,1.0,36.04724306985736
32.01,-0.5327656693025613,0.47301387974738535,1.0,35.936049830168486
32.02,0.04116979051015483,0.4791963072011918,1.0,35.821799516677856
32.03,0.6256347855964881,0.4850446975554674,1.0,35.70449310541153
32.04,1.2204319001834656,0.4905301197139387,1.0,35.5841316729784
32.05,1.825370314376034,0.4956265045269445,1.0,35.46071641519666
32.06,2.440264335457005,0.5003102533714733,1.0,35.33424862474203
32.07,3.0649321794182893,0.5045599150359933,1.0,35.20472967997193
32.08,3.6991949633708545,0.5083559180518212,1.0,35.07216103374958
32.09,4.342875876549813,0.5116803481279413,1.0,34.9365441724658
32.1,4.995799503267402,0.5145167623733706,1.0,34.79788064584136
32.11,5.6577912756608395,0.5168500336161068,1.0,34.65617202967405
32.12,6.328677037672187,0.5186662194263962,1.0,34.51141993701458
32.13,7.008282704569925,0.5199524514892974,1.0,34.36362598836422
32.14,7.696434004629805,0.520696841799889,1.0,34.212791841477156
32.15,8.392956291449536,0.5208884028170834,1.0,34.05891912430525
32.160000000000004,9.097674416875572,0.5205169792427118,1.0,33.90200950205326
32.17,9.810412655738345,0.5195731895189435,1.0,33.742064625024796
32.18,10.530994674586927,0.5180483754801373,1.0,33.579086136072874
32.19,11.259243537425753,0.5159345588723352,1.0,33.41307568177581
32.2,11.994981742122315,0.5132244036779771,1.0,33.24403488263488
32.21,12.738031281703124,0.5099111833655494,1.0,33.07196535170078
32.22,13.488213725204597,0.5059887523324147,1.0,32.89686868712306
32.230000000000004,14.245350313116596,0.5014515209303751,1.0,32.71874646097422
32.24,15.009262062758273,0.496294415322264,1.0,32.53760024160147
32.25,15.779769882694797,0.49051290450134216,1.0,32.353431567549706
32.26,16.556694678823845,0.48410295986540003,1.0,32.166241973638535
32.27,17.33985746334398,0.4770610199191741,1.0,31.976032938808203
32.28,18.129079460837623,0.46938399313199014,1.0,31.78280595317483
32.29,18.924182200247632,0.4610692457898928,1.0,31.58656245097518
32.3,19.72498759248928,0.45211459151685035,1.0,31.387303855270147
32.31,20.53131798979037,0.4425182819351968,1.0,31.185031563043594
32.32,21.342996222902848,0.4322789983351527,1.0,30.97974694520235
32.33,22.159845612270107,0.42139584423455095,1.0,30.771451335400343
32.34,22.98168994913823,0.40986833872654604,1.0,30.560146044939756
32.35,23.808353442471144,0.39769641052696925,1.0,30.345832362771034
32.36,24.639660627359618,0.38488039264498575,1.0,30.128511540591717
32.37,25.475436230404846,0.37142101761089763,1.0,29.908184804022312
32.38,26.315504987302305,0.35731941320383726,1.0,29.684853360056877
32.39,27.15969140754845,0.3425770986296243,1.0,29.458518367260695
32.4,28.007819480834346,0.3271959811056775,1.0,29.229180969297886
32.410000000000004,28.85971231927502,0.31117835281572304,1.0,28.99684229120612
32.42,29.71519172913823,0.29452688820189515,1.0,28.761503413319588
32.43,30.574077705182148,0.27724475282335737,1.0,28.52316538617015
32.44,31.436187830020938,0.25933540196274074,1.0,28.281829200685024
32.45,32.30133660018058,0.24080263770781668,1.0,28.03749582543969
32.46,33.169334642475334,0.22165064525698006,1.0,27.790166221559048
32.47,34.03998781479312,0.20188398241694644,1.0,27.539841298013926
32.480000000000004,34.913096184542745,0.18150757859988373,1.0,27.286521937698126
32.49,35.7884528713489,0.16052673387507052,1.0,27.03020901605487
32.5,36.66584274030526,0.1389471182228238,1.0,26.77090335264802
32.51,37.54504093052697,0.11677477098097834,1.0,26.508605752140284
32.52,38.42581120200078,0.09401610047804654,1.0,26.24331698194146
32.53,39.307904081776684,0.07067788384812844,1.0,25.975037802010775
32.54,40.19105478836743,0.04676726702369,1.0,25.70376892015338
32.55,41.07498091079929,0.022291764902932575,1.0,25.429511032998562
32.56,41.95937981608902,-0.002740738310812079,1.0,25.152264788746834
32.57,42.84392575599493,-0.02832198587265881,1.0,24.872030828148127
32.58,43.72826664067869,-0.05444324590354808,1.0,24.58880975842476
32.59,44.6120204426252,-0.08109540247500495,1.0,24.302602112293243
32.6,45.49477119243962,-0.10826909180353579,1.0,24.013408448547125
32.61,46.37606453163613,-0.13595457584956813,1.0,23.721229255199432
32.62,47.255402761501145,-0.16414174252641714,1.0,23.426065020263195
32.63,48.132239344515824,-0.19282010426237506,1.0,23.12791618704796
32.64,49.00597280538588,-0.22197879643291196,1.0,22.826783161610365
32.65,49.87593997680647,-0.25160657565000494,1.0,22.522666357457638
32.660000000000004,50.74140853457809,-0.28169181791563846,1.0,22.215566121041775
32.67,51.60156876842234,-0.31222709436068136,1.0,21.905482780188322
32.68,52.455537798910385,-0.3432013446588174,1.0,21.59241472557187
32.69,53.302340133018035,-0.3746021981375931,1.0,21.276361785829067
32.7,54.14089385671308,-0.40641682594504996,1.0,20.957323350012302
32.71,54.969999037506916,-0.43863192398852585,1.0,20.635298673063517
32.72,55.788325278736366,-0.4712338244603756,1.0,20.310286983847618
32.730000000000004,56.594398499845674,-0.5042084476050548,1.0,19.982287500053644
32.74,57.3865871073323,-0.5375412655244093,1.0,19.651299349963665
32.75,58.163087803725645,-0.5712172974405662,1.0,19.317321628332138
32.76,58.92191140424819,-0.6052211046873323,1.0,18.980353388935328
32.77,59.66086918902257,-0.6395367857409782,1.0,18.640393633395433
32.78,60.37756051257357,-0.674147971325763,1.0,18.29744129627943
32.79,61.069362623494925,-0.7090378196353595,1.0,17.95149528980255
32.8,61.73342391014806,-0.74418901171439,1.0,17.602554470300674
32.81,62.36666206899637,-0.7795842193799354,1.0,17.250617627054453
32.82,62.965768848774744,-0.8152082823423373,1.0,16.895683627575636
32.83,63.527222841018975,-0.8510407112354524,1.0,16.53775181621313
32.84,64.04731482218524,-0.8870624586419384,1.0,16.176820870488882
32.85,64.52218443656047,-0.9232539738386063,1.0,15.812889739871025
32.86,64.94787166047024,-0.9595952194249555,1.0,15.445957276970148
32.87,65.32038355281387,-0.996065669387233,1.0,15.076022285968065
32.88,65.63577601101254,-1.0326443079057037,1.0,14.703083548694849
32.89,65.89024866947169,-1.0693096287855912,1.0,14.327139809727669
32.9,66.08024921028658,-1.1060503634574597,1.0,13.948189783841372
32.910000000000004,66.20257686938767,-1.1428538534535577,1.0,13.566236272454262
32.92,66.2544864371131,-1.1796876448826605,1.0,13.181281950324774
32.93,66.23378941239103,-1.216527624164387,1.0,12.793325826525688
32.94,66.13892409147914,-1.2533495126238539,1.0,12.40236946567893
32.95,65.96900254074899,-1.2901275101430598,1.0,12.00841399282217
32.96,65.72382769190168,-1.3268352799118668,1.0,11.611460484564304
32.97,65.40387838876656,-1.512262804289223,1.0,11.211510106921196
32.980000000000004,64.66981625184899,-1.836486799240119,1.0,11.183539036661386
32.99,63.735933434307675,-1.960969373676867,1.0,11.015833027660847
33.0,62.7006755998718,-2.102407573241293,1.0,10.932404432445765
33.01,61.5658303035651,-2.2102216557929832,1.0,10.883050624281168
33.02,60.35557849109779,-2.295084317899292,1.0,10.844601310789585
33.03,59.08685969222848,-2.3524021815508767,1.0,10.815900135785341
33.04,57.77800577462968,-2.3793514998005185,1.0,10.788899037986994
33.05,56.44814115766929,-2.3766147742142114,1.0,10.759073659777641
33.06,55.11540567801572,-2.3715142650031855,1.0,10.723554231226444
33.07,53.78188909885742,-2.3681257594400242,1.0,10.686636369675398
33.08,52.44708848182647,-2.364645531437664,1.0,10.646633371710777
33.09,51.11143226852828,-2.361103871850603,1.0,10.603198423981667
33.1,49.775281718896395,-2.3574956293641596,1.0,10.556557111442089
33.11,48.43895850405487,-2.3538165842992154,1.0,10.506705787032843
33.12,47.102750755826904,-2.3500628356843776,1.0,10.45364486798644
33.13,45.76691828558121,-2.3462308103339597,1.0,10.397374708205462
33.14,44.431696861310805,-2.3423172583120295,1.0,10.337895687669516
33.15,43.097301732696806,-2.33831924597207,1.0,10.275208253413439
33.160000000000004,41.76393054878685,-2.3342341467664287,1.0,10.209312845021486
33.17,40.43176578288676,-2.330059630202003,1.0,10.14020998775959
33.18,39.100976755908704,-2.325793649301687,1.0,10.067900221794844
33.19,37.77172133119852,-2.3214344269090788,1.0,9.992384131997824
33.2,36.444147339570506,-2.316980441147368,1.0,9.913662366569042
33.21,35.118393781995586,-2.3124304103134548,1.0,9.831735599786043
33.22,33.79459184843684,-2.3077832774552816,1.0,9.746604576706886
33.230000000000004,32.47286578418735,-2.3030381948481,1.0,9.658270061016083
33.24,31.15333362934535,-2.298194508552695,1.0,9.56673288345337
33.25,29.836107852455925,-2.293251743207732,1.0,9.471993923187256
33.26,28.52129589562858,-2.2882095871792534,1.0,9.374054096639156
33.27,27.20900064541937,-2.2830678781638056,1.0,9.272914376109838
33.28,25.899320841308853,-2.2778265893178338,1.0,9.168575789779425
33.29,24.59235143159788,-2.2724858159648873,1.0,9.061039388179779
33.3,23.28818388489889,-2.2670466657206325,1.0,8.950306300073862
33.31,21.986905948131557,-2.2615094757458944,1.0,8.836377874016762
33.32,20.68860238364877,-2.255874663045151,1.0,8.719255365431309
33.33,19.393355188129426,-2.250142755207533,1.0,8.59894010052085
33.34,18.101243764397676,-2.244314346099786,1.0,8.475433491170406
33.35,16.812345093008375,-2.2383900866263655,1.0,8.348736960440874
33.36,15.526733886848284,-2.232370675555694,1.0,8.218851990997791
33.37,14.244482731471676,-2.2262568508732925,1.0,8.085780121386051
33.38,12.965662213244617,-2.220049381623056,1.0,7.949522893875837
33.39,11.690341037069294,-2.2137490602047207,1.0,7.81008193269372
33.4,10.41858613520378,-2.2073566950915584,1.0,7.667458888143301
33.410000000000004,9.150462768477322,-2.200873103938267,1.0,7.521655455231667
33.42,7.88603462101925,-2.194299107044533,1.0,7.372673347592354
33.43,6.62536388946638,-2.187635521145459,1.0,7.220514357089996
33.44,5.368511367483862,-2.1808831534984203,1.0,7.065180271863937
33.45,4.115536526324451,-2.174042796239741,1.0,6.906672947108746
33.46,2.8664975920570854,-2.1671152209863407,1.0,6.74499424546957
33.47,1.6214516200150855,-2.1601011736596067,1.0,6.580146104097366
33.480000000000004,0.3804545669456755,-2.1530013695102697,1.0,6.412130448967218
33.49,-0.8564386387170237,-2.145816488326758,1.0,6.240949258208275
33.5,-2.089174028084994,-2.138547169810256,1.0,6.066604562103748
33.51,-3.3176985242290358,-2.131194009102921,1.0,5.889098398387432
33.52,-4.541959875484919,-2.1237575524573757,1.0,5.708432838320732
33.53,-5.761906589400357,-2.1162382930372567,1.0,5.524609975516796
33.54,-6.977487867101196,-2.1086366668421492,1.0,5.337631963193417
33.55,-8.188653537882558,-2.1009531234124497,1.0,5.147500943392515
33.56,-9.395354036652398,-1.8724451010197931,1.0,4.954219121485949
33.57,-10.472698045525782,-1.4896796597164268,1.0,4.802554529160261
33.58,-11.33296988653824,-1.1529708192165184,1.0,4.676476903259754
33.59,-12.00143466989533,-0.8572421206267734,1.0,4.554863136261702
33.6,-12.500437421454565,-0.5952291157763848,1.0,4.45181080698967
33.61,-12.848032378509423,-0.36461828191388046,1.0,4.361413203179836
33.62,-13.06048509594725,-0.1640757947197478,1.0,4.282149124890566
33.63,-13.153710241524765,0.01435612389569118,1.0,4.212493132799864
33.64,-13.139974875989932,0.172419226455975,1.0,4.151038579642773
33.65,-13.030909802899636,0.3127003955347554,1.0,4.096585530787706
33.660000000000004,-12.836473665939494,0.3496266028676439,1.0,4.048013783991337
33.67,-12.61727015460072,0.22515592581471988,1.0,4.029878351837397
33.68,-12.469412569380683,0.18231370606979574,1.0,4.055519327521324
33.69,-12.345155996430798,0.1542009506220415,1.0,4.054702177643776
33.7,-12.236522036723962,0.12944089567918954,1.0,4.072692461311817
33.71,-12.141728212414776,0.11335084025109855,1.0,4.094175063073635
33.72,-12.055628055259586,0.09996811762293156,1.0,4.116393610835075
33.730000000000004,-11.976634240169137,0.08945580468896255,1.0,4.140690047293901
33.74,-11.903055688813435,0.08044357584054831,1.0,4.165260497480631
33.75,-11.834020984956098,0.07242471319026707,1.0,4.190056551247835
33.76,-11.768966523534557,0.0649772493311268,1.0,4.214662451297045
33.77,-11.707585588518505,0.057851036824061536,1.0,4.238906197249889
33.78,-11.649725532778469,0.05089054513038167,1.0,4.262653466314077
33.79,-11.59533037943685,0.04400580448604506,1.0,4.2858231626451015
33.8,-11.54440075672296,0.037149839139551215,1.0,4.308365799486637
33.81,-11.496967342287737,0.030303427688785575,1.0,4.330253854393959
33.82,-11.453073517500698,0.02346499132880678,1.0,4.35147475451231
33.83,-11.41276418391026,0.016643750187040337,1.0,4.372025977820158
33.84,-11.376078785606529,0.009855144264241118,1.0,4.391911786049604
33.85,-11.343047171114119,0.003117772899905654,1.0,4.411140978336334
33.86,-11.313687370835831,-0.003548632285450893,1.0,4.429725341498852
33.87,-11.28800465601505,-0.010124535531570743,1.0,4.447678633034229
33.88,-11.265991447241312,-0.016591436793642726,1.0,4.465015862137079
33.89,-11.24762776849371,-0.022932382032783215,1.0,4.481752794235945
33.9,-11.232882040270646,-0.029132245298832068,1.0,4.497905638068914
33.910000000000004,-11.221712068086456,-0.03517785338727842,1.0,4.513490833342075
33.92,-11.214066126887573,-0.04105800111948773,1.0,4.528524845838547
33.93,-11.209884071962785,-0.04676340333104234,1.0,4.5430241003632545
33.94,-11.209098435919943,-0.05228659494497872,1.0,4.557004891335964
33.95,-11.211635478596012,-0.05762180679356558,1.0,4.570483312010765
33.96,-11.217416174082775,-0.06276482617992993,1.0,4.583475209772587
33.97,-11.226357124616792,-0.06771285428309232,1.0,4.5959961749613285
33.980000000000004,-11.238371398721597,-0.07246436175456891,1.0,4.608061473816633
33.99,-11.253369291748731,-0.07701895035236238,1.0,4.619686082005501
34.0,-11.27125901192616,-0.08137722138499781,1.0,4.630884595215321
34.01,-11.291947295180071,-0.08554065326635482,1.0,4.6416713036596775
34.02,-11.315339953735121,-0.08951148860792554,1.0,4.652060095220804
34.03,-11.341342363504888,-0.09329263081616347,1.0,4.662064511328936
34.04,-11.369859895447894,-0.09688755204174891,1.0,4.671697724610567
34.05,-11.400798297020998,-0.10030020262169906,1.0,4.6809725277125835
34.06,-11.434064023913606,-0.103534942263518,1.0,4.689901314675808
34.07,-11.469564534652697,-0.10659646576970536,1.0,4.698496151715517
34.08,-11.507208544161804,-0.10948974417227296,1.0,4.706768698990345
34.09,-11.546906244881995,-0.11221996924303461,1.0,4.714730270206928
34.1,-11.5885694969939,-0.11479250703591828,1.0,4.722391791641712
34.11,-11.632111992636858,-0.11721285220182798,1.0,4.7297638691961765
34.12,-11.677449394073726,-0.11948659089422785,1.0,4.736856736242771
34.13,-11.724499450431969,-0.12161936852474704,1.0,4.743680290877819
34.14,-11.773182095609439,-0.12361685976618106,1.0,4.750244088470936
34.15,-11.823419528267115,-0.12548474178125774,1.0,4.756557393819094
34.160000000000004,-11.875136275435132,-0.12722867262309615,1.0,4.762629102915525
34.17,-11.928259242481442,-0.12885427413951933,1.0,4.768467836081982
34.18,-11.982717751986367,-0.13036711173814103,1.0,4.7740819081664085
34.19,-12.038443569245494,-0.13177268171013717,1.0,4.779479335993528
34.2,-12.095370918723694,-0.1330764008061883,1.0,4.784667853266001
34.21,-12.153436492691512,-0.1342835943528007,1.0,4.789654918015003
34.22,-12.212579450931388,-0.13539948747843414,1.0,4.794447727501392
34.230000000000004,-12.27274141322828,-0.13642920118759214,1.0,4.799053210765123
34.24,-12.333866447507209,-0.13737774220422266,1.0,4.803478050976992
34.25,-12.395901049698846,-0.13825000415023977,1.0,4.807728674262762
34.26,-12.458794122190463,-0.13905076004491826,1.0,4.811811301857233
34.27,-12.522496945536174,-0.13978466115358495,1.0,4.815731879323721
34.28,-12.586963147146824,-0.14045623780631672,1.0,4.819496173411608
34.29,-12.652148668293398,-0.14106989429410033,1.0,4.823109712451696
34.300000000000004,-12.718011725752225,-0.14162991194464372,1.0,4.826577827334404
34.31,-12.78451277304412,-0.1421404499670286,1.0,4.829905621707439
34.32,-12.85161446003873,-0.14260554286667892,1.0,4.833098042756319
34.33,-12.91928158879407,-0.14302910340652034,1.0,4.836159806698561
34.34,-12.987481069051414,-0.1434149264359455,1.0,4.83909547701478
34.35,-13.056181874067478,-0.14376668550954624,1.0,4.841909423470497
34.36,-13.125354992360926,-0.14408793999316494,1.0,4.844605844467878
34.37,-13.194973381820171,-0.1443821339265229,1.0,4.847188767045736
34.38,-13.265011921310219,-0.14465259994685373,1.0,4.8496620543301105
34.39,-13.335447362849154,-0.1449025610765026,1.0,4.852029416710138
34.4,-13.406258283189027,-0.14513513349859464,1.0,4.854294404387474
34.410000000000004,-13.477425035435722,-0.14535332832793224,1.0,4.856460429728031
34.42,-13.548929700160713,-0.13453327489320144,1.0,4.8585307486355305
34.43,-13.628974697588946,-0.1222487852200734,1.0,4.871311463415623
34.44,-13.699923782163573,-0.10978483014772826,1.0,4.867261465638876
34.45,-13.765695463234186,-0.09958319227602203,1.0,4.873417854309082
34.46,-13.822563514531955,-0.09092060848102342,1.0,4.87245886400342
34.47,-13.873422181247973,-0.08008651202619646,1.0,4.874565195292234
34.480000000000004,-13.919248175792191,-0.06961396722987337,1.0,4.876278035342693
34.49,-13.956865492631719,-0.06074671227339407,1.0,4.874588277190924
34.5,-13.99316543360147,-0.04659283124524,1.0,4.879307929426432
34.51,-14.019206694837933,-0.04210000288950035,1.0,4.875269558280706
34.52,-14.04140188796002,-0.0344846483700908,1.0,4.876975875347853
34.53,-14.059950102896265,-0.02712618682476025,1.0,4.8770738281309605
34.54,-14.073716652509676,-0.02058284105321525,1.0,4.8761575147509575
34.550000000000004,-14.085764422803214,-0.011792723308232939,1.0,4.878005363047123
34.56,-14.092076922611499,-0.007742597549263166,1.0,4.876052863895893
34.57,-14.09580980017541,-0.0029114489917484066,1.0,4.876748815178871
34.58,-14.09666474457256,0.0009848675580891436,1.0,4.876285430043936
34.59,-14.095252269890215,0.004542503462517807,1.0,4.876224685460329
34.6,-14.091804316405335,0.007688896476709095,1.0,4.876090671867132
34.61,-14.086573860552503,0.010507228037887397,1.0,4.876016940921545
34.62,-14.079756801261981,0.013032663000664807,1.0,4.8759685680270195
34.63,-14.071524173994067,0.015302167664474777,1.0,4.875950541347265
34.64,-14.062023685742998,0.01734596190377008,1.0,4.8759580925107
34.65,-14.051384823291968,0.019190536948272077,1.0,4.875988274812698
34.660000000000004,-14.039721601970356,0.02085911259160253,1.0,4.876037858426571
34.67,-14.027134727055527,0.022372223829209427,1.0,4.87610387057066
34.68,-14.013713254957157,0.023748136587251615,1.0,4.87618350610137
34.69,-13.999535934912597,0.025003157110268622,1.0,4.876274216920137
34.7,-13.984672334295198,0.026151885010003553,1.0,4.876373667269945
34.71,-13.96918380132561,0.027207416909182103,1.0,4.876479748636484
34.72,-13.953124304261124,0.028181516783868658,1.0,4.876590542495251
34.730000000000004,-13.936541171515982,0.02908476268492376,1.0,4.876704316586256
34.74,-13.91947574869515,0.0299266720114274,1.0,4.876819528639317
34.75,-13.901963985958664,0.03071581254896428,1.0,4.876934766769409
34.76,-13.884036964154502,0.03145989811003279,1.0,4.877048783004284
34.77,-13.865721368623465,0.03216587710723762,1.0,4.8771604411304
34.78,-13.847039914463158,0.03284000817050853,1.0,4.877268724143505
34.79,-13.828011730564748,0.03348792879226601,1.0,4.877372719347477
34.800000000000004,-13.808652706137977,0.034114719644792596,1.0,4.87747161090374
34.81,-13.788975801925304,0.034724955493838514,1.0,4.877564653754234
34.82,-13.768991333763777,0.0353227581094141,1.0,4.877651188522577
34.83,-13.748707226966872,0.03591184200385196,1.0,4.877730615437031
34.84,-13.728129245517142,0.03649555306415562,1.0,4.877802383154631
34.85,-13.707261200079907,0.03707690413507079,1.0,4.877866014838219
34.86,-13.686105136457964,0.037658613399377934,1.0,4.8779210560023785
34.87,-13.664661502554162,0.03824312903852763,1.0,4.877967104315758
34.88,-13.64292930190505,0.03883265603758141,1.0,4.878003787249327
34.89,-13.620906232395125,0.039429184883280864,1.0,4.878030773252249
34.9,-13.598588808783894,0.040034510805011234,1.0,4.878047738224268
34.910000000000004,-13.575972474620936,0.04065025424567384,1.0,4.878054391592741
34.92,-13.553051702714846,0.04127787847496646,1.0,4.878050465136766
34.93,-13.529820085769838,0.0419187062801291,1.0,4.878035694360733
34.94,-13.506270417650448,0.042573936086535785,1.0,4.878009837120771
34.95,-13.482394765506138,0.043244652073756655,1.0,4.877972662448883
34.96,-13.458184536318708,0.0439318413647007,1.0,4.877923931926489
34.97,-13.433630533541422,0.04463639900481956,1.0,4.877863444387913
34.980000000000004,-13.408723011121083,0.045359142840024506,1.0,4.877790976315737
34.99,-13.383451718914918,0.04610081954931095,1.0,4.877706304192543
35.0,-13.357805944724896,0.04686211394747759,1.0,4.877609219402075
35.01,-13.33177455100933,0.04764365624740402,1.0,4.8774995021522045
35.02,-13.305346007410494,0.04844602943234289,1.0,4.877376936376095
35.03,-13.278508419007604,0.049269772410043974,1.0,4.877241306006908
35.04,-13.2512495528319,0.05011538985540994,1.0,4.877092368900776
35.050000000000004,-13.223556858566223,0.0509833515690538,1.0,4.876929894089699
35.06,-13.195417489707719,0.05187410375507046,1.0,4.876753643155098
35.07,-13.166818318036325,0.05278806727120231,1.0,4.876563359051943
35.08,-13.137745949173937,0.05372564208553501,1.0,4.8763587810099125
35.09,-13.108186735536004,0.054687214438922944,1.0,4.876139633357525
35.1,-13.078126784955156,0.05567315539649929,1.0,4.875905644148588
35.11,-13.047551970206682,0.05668382709793517,1.0,4.875656504184008
35.12,-13.016447934786873,0.0577195803186247,1.0,4.875391900539398
35.13,-12.984800100128712,0.058780763868405035,1.0,4.875111512839794
35.14,-12.952593667173353,0.059867717528217644,1.0,4.874815009534359
35.15,-12.919813622151045,0.060980782913716565,1.0,4.874502029269934
35.160000000000004,-12.886444735828574,0.0621202991255698,1.0,4.874172188341618
35.17,-12.852471565300723,0.06328660599597585,1.0,4.873825114220381
35.18,-12.81787845381589,0.0644800445272639,1.0,4.87346038967371
35.19,-12.782649530299988,0.06570096141085556,1.0,4.873077590018511
35.2,-12.74676870611729,0.06694970474437789,1.0,4.872676268219948
35.21,-12.71021967434444,0.06822662927216096,1.0,4.872255962342024
35.22,-12.672985905882959,0.06953209599847411,1.0,4.871816176921129
35.230000000000004,-12.635050645727828,0.07086647267444039,1.0,4.871356401592493
35.24,-12.596396908897905,0.07223013406207117,1.0,4.870876103639603
35.25,-12.557007476170284,0.07362346437155103,1.0,4.870374724268913
35.26,-12.51686488828143,0.07504685426002115,1.0,4.869851686060429
35.27,-12.475951441902858,0.07650070736847064,1.0,4.86930637806654
35.28,-12.4342491816329,0.0779854338761914,1.0,4.868738170713186
35.29,-12.391739895788,0.07950145636322817,1.0,4.868146397173405
35.300000000000004,-12.348405108653878,0.08104920685436738,1.0,4.86753037199378
35.31,-12.304226074449431,0.0826291286674964,1.0,4.866889376193285
35.32,-12.259183770135115,0.08424167696278807,1.0,4.866222649812698
35.33,-12.213258887851884,0.0858873182963316,1.0,4.86552943661809
35.34,-12.166431827574307,0.08756653081680985,1.0,4.864808902144432
35.35,-12.118682689594873,0.08927980533650466,1.0,4.864060208201408
35.36,-12.069991266347921,0.09102764348075743,1.0,4.8632824793457985
35.37,-12.02033703528806,0.09281056214301506,1.0,4.862474787980318
35.38,-11.969699149059121,0.09462908854177317,1.0,4.861636191606522
35.39,-11.918056428586954,0.09648376413487013,1.0,4.86076569929719
35.4,-11.865387353792112,0.09837514160537317,1.0,4.859862267971039
35.410000000000004,-11.811670056086118,0.10030378943204442,1.0,4.858924847096205
35.42,-11.756882308102954,0.10227028743531869,1.0,4.8579523004591465
35.43,-11.701001516045473,0.10427522866175805,1.0,4.856943484395742
35.44,-11.644004710899365,0.10631922067033824,1.0,4.855897191911936
35.45,-11.585868538868102,0.10840288308252442,1.0,4.854812178760767
35.46,-11.526569253225357,0.11052685205531504,1.0,4.853687148541212
35.47,-11.466082703487247,0.11269177439198196,1.0,4.8525207452476025
35.480000000000004,-11.404384328101495,0.11489831115332899,1.0,4.851311579346657
35.49,-11.341449144982466,0.11714713753472644,1.0,4.850058194249868
35.5,-11.277251742092252,0.11943894285236849,1.0,4.848759077489376
35.51,-11.211766268039675,0.12177442834421115,1.0,4.847412679344416
35.52,-11.14496642400405,0.1241543121429637,1.0,4.846017364412546
35.53,-11.076825452688356,0.12657932330973823,1.0,4.8445714600384235
35.54,-11.00731613086442,0.1290502047808085,1.0,4.843073200434446
35.550000000000004,-10.936410760172723,0.13156771390016134,1.0,4.8415207862854
35.56,-10.864081157631157,0.13413262210352742,1.0,4.839912340044975
35.57,-10.790298646373397,0.13674571391413032,1.0,4.838245913386345
35.58,-10.715034047011242,0.13940778631004147,1.0,4.836519472301006
35.59,-10.638257669436564,0.14211965012512048,1.0,4.834730934351683
35.6,-10.55993930385236,0.14488212949868265,1.0,4.832878116518259
35.61,-10.480048212182925,0.14769606085382958,1.0,4.830958768725395
35.62,-10.398553120170837,0.15056229475379965,1.0,4.828970558941364
35.63,-10.315422208449196,0.15348169384121105,1.0,4.826911065727472
35.64,-10.230623104928252,0.1564551335483941,1.0,4.824777781963348
35.65,-10.144122876895326,0.15948350144490828,1.0,4.822568103671074
35.660000000000004,-10.055888023580888,0.16256769568547907,1.0,4.820279341191053
35.67,-9.965884469799493,0.16570862812432147,1.0,4.817908704280853
35.68,-9.87407755787737,0.1689072203969429,1.0,4.815453305840492
35.69,-9.780432042066442,0.17216440719345244,1.0,4.8129101395606995
35.7,-9.684912081185434,0.17548113241499821,1.0,4.810276113450527
35.71,-9.5874812337244,0.17885841474219127,1.0,4.807548012584448
35.72,-9.488102417533636,0.1822978480210071,1.0,4.804723121225834
35.730000000000004,-9.386737560834588,0.18580055166959356,1.0,4.801798053085804
35.74,-9.283347878888428,0.1893672592962863,1.0,4.798769194632769
35.75,-9.177894108515499,0.1929988313471302,1.0,4.795633070170879
35.76,-9.070336437986994,0.19669609431923296,1.0,4.792385865002871
35.77,-8.960634530293895,0.20045990769348024,1.0,4.789023704826832
35.78,-8.848747507787758,0.20429114041763,1.0,4.785542540252209
35.79,-8.734633949941344,0.20819065146777505,1.0,4.7819381803274155
35.800000000000004,-8.61825190206072,0.21215931210504543,1.0,4.778206288814545
35.81,-8.499558871990585,0.2161980026857424,1.0,4.7743423618376255
35.82,-8.378511829058636,0.22030763993207067,1.0,4.770341753959656
35.83,-8.255067188331303,0.22448912703973528,1.0,4.76619965583086
35.84,-8.129180822920961,0.22874336465233233,1.0,4.76191108673811
35.85,-8.000808070972464,0.23307125844268714,1.0,4.757470905780792
35.86,-7.8699037390000575,0.23747373739806418,1.0,4.752873789519072
35.87,-7.736422095717755,0.24195172922245264,1.0,4.748114243149757
35.88,-7.6003168801781555,0.24650613772847305,1.0,4.743186589330435
35.89,-7.461541323345824,0.2511378665150442,1.0,4.738084949553013
35.9,-7.320048157207525,0.2558478385316869,1.0,4.732803262770176
35.910000000000004,-7.175789613954294,0.26063695902583356,1.0,4.727335266768932
35.92,-7.028717446500981,0.26550610557257687,1.0,4.721674498170614
35.93,-6.878782955683428,0.27045614364841664,1.0,4.715814281255007
35.94,-6.725937009756875,0.27548784024462214,1.0,4.709747709333897
35.95,-6.570130111728311,0.28060200643868427,1.0,4.7034676894545555
35.96,-6.411312384977934,0.2857994090641004,1.0,4.696966864168644
35.97,-6.249433621580965,0.2910808442593156,1.0,4.690237682312727
35.980000000000004,-6.08444328206644,0.29644705942249566,1.0,4.683272335678339
35.99,-5.916290541811621,0.3018987591867737,1.0,4.676062796264887
36.0,-5.74492433503,0.3074366491640391,1.0,4.668600760400295
36.01,-5.570293375645877,0.31306139517119413,1.0,4.660877700895071
36.02,-5.392346202428961,0.31877360653975906,1.0,4.652884811162949
36.03,-5.211031235083833,0.3245738920025258,1.0,4.644613035023212
36.04,-5.026296800641683,0.33046280551011464,1.0,4.636053033173084
36.050000000000004,-4.838091191750151,0.33644082853748225,1.0,4.627195201814175
36.06,-4.646362737039941,0.34250844721023926,1.0,4.6180296540260315
36.07,-4.451059829638605,0.348666051972483,1.0,4.60854621604085
36.08,-4.252131014190743,0.3549139925374108,1.0,4.5987344197928905
36.09,-4.049525045005377,0.3612519147200538,1.0,4.588583517819643
36.1,-3.8431913227387797,0.36768200503449455,1.0,4.578084405511618
36.11,-3.6330784736700767,0.3742035988894518,1.0,4.567223582416773
36.12,-3.419136046810605,0.3808160699247097,1.0,4.555989354848862
36.13,-3.2013145281329027,0.38751976313529696,1.0,4.544370178133249
36.14,-2.979564819776007,0.39431481519719297,1.0,4.532353520393372
36.15,-2.7538384057003333,0.4012012303927911,1.0,4.519926715642214
36.160000000000004,-2.5240874779072944,0.40817903581887194,1.0,4.50707658007741
36.17,-2.2902649776572748,0.4152475620788514,1.0,4.493789006024599
36.18,-2.0523250510329767,0.42240647663543346,1.0,4.4800508208572865
36.19,-1.8102229080261738,0.4296562346685322,1.0,4.465848509222269
36.2,-1.5639144312290252,0.43699639040094723,1.0,4.451166927814484
36.21,-1.3133567593776758,0.44442626196749996,1.0,4.435991328209639
36.22,-1.0585084879083675,0.45194550728433835,1.0,4.420306880027056
36.230000000000004,-0.7993295417943508,0.45955350301214914,1.0,4.404098056256771
36.24,-0.5357814085355384,0.46724943859748247,1.0,4.387349177151918
36.25,-0.2678273202163714,0.47503260968095906,1.0,4.370044395327568
36.26,0.00456772950530724,0.4829020472666946,1.0,4.352167222648859
36.27,0.28143675273884217,0.48329560390164583,1.0,4.33370104432106
36.28,0.5584751517372747,0.4115463126473363,1.0,4.318222302943468
36.29,0.7943555632945479,0.3859690858260884,1.0,4.335869565606117
36.300000000000004,1.0155204943356217,0.35174006073975217,1.0,4.328534588217735
36.31,1.2169816262303332,0.32527271208611797,1.0,4.335776925086975
36.32,1.4031667026923378,0.3018143319336897,1.0,4.34113685041666
36.33,1.5757901759229558,0.2809170945479785,1.0,4.3477322198450565
36.34,1.7363144328252975,0.26180567439703584,1.0,4.354519467800856
36.35,1.8857618326756302,0.24401575886608817,1.0,4.361320100724697
36.36,2.02489080586747,0.22719341546847402,1.0,4.367910001426935
36.37,2.1542585609215665,0.21109060074127603,1.0,4.374147806316614
36.38,2.2742812494263713,0.19552675534105166,1.0,4.379927400499582
36.39,2.3852723882415656,0.1803712908992492,1.0,4.385174639523029
36.4,2.4874713399491224,0.1655288969793836,1.0,4.3898367844522
36.410000000000004,2.581063437149092,0.15092961185055553,1.0,4.393876999616623
36.42,2.6661944500996477,0.1365216528059139,1.0,4.397269759327173
36.43,2.7429809646501173,0.12226627693800585,1.0,4.3999976590275764
36.44,2.8115178257136,0.10813420971273516,1.0,4.40204905718565
36.45,2.8718835385233947,0.09410276704522896,1.0,4.403416413813829
36.46,2.9241440298130503,0.08015436999103229,1.0,4.404094982892275
36.47,2.968355556928681,0.0673147622240788,1.0,4.404081802815199
36.480000000000004,3.005169374681018,0.05666299617140868,1.0,4.403546743094921
36.49,3.0358629636480585,0.047996282496935064,1.0,4.402593236416578
36.5,3.06159659807294,0.041086303488603024,1.0,4.401186648756266
36.51,3.083397822344613,0.035759749090347466,1.0,4.3993990160524845
36.52,3.1021926915807954,0.03186678036208124,1.0,4.397246960550547
36.53,3.118818983123562,0.029278413459884776,1.0,4.394749004393816
36.54,3.1340380858345123,0.027881899449543945,1.0,4.391917075961828
36.550000000000004,3.148544314128702,0.0275771452855945,1.0,4.388759393244982
36.56,3.1629722329860024,0.028274769701232487,1.0,4.385281503200531
36.57,3.1779029094723596,0.02989359184496771,1.0,4.381484895944595
36.58,3.193868763824815,0.02261355549756507,1.0,4.377370253205299
36.59,3.205757425782235,0.01780541622085352,1.0,4.378591254353523
36.6,3.214960376563341,0.012215444835539437,1.0,4.376304198056459
36.61,3.2210285860838526,0.007459638477026545,1.0,4.375935263931751
36.62,3.2244357258048866,0.0029219745521730242,1.0,4.375152889639139
36.63,3.2253034119315114,-0.0011080740645720978,1.0,4.374708008021116
36.64,3.223918819633112,-0.004776457641449141,1.0,4.374206479638815
36.65,3.2204859155236556,-0.008041034767310518,1.0,4.373791169375181
36.660000000000004,3.2152328384345084,-0.010956466940682618,1.0,4.373371958732605
36.67,3.2083565866349266,-0.013534486713156825,1.0,4.372978083789349
36.68,3.200047521899071,-0.015807776243442314,1.0,4.3725877813994884
36.69,3.190477403822868,-0.01779815183866145,1.0,4.372206900268793
36.7,3.1798056008319215,-0.019530923152064193,1.0,4.3718301728367805
36.71,3.1681771010949524,-0.021027697649501634,1.0,4.371458791196346
36.72,3.1557246340603684,-0.02230964516608483,1.0,4.3710915967822075
36.730000000000004,3.142568925629273,-0.02339593284723529,1.0,4.370728928595781
36.74,3.128819846213664,-0.02430451671386117,1.0,4.370370641350746
36.75,3.114577104843168,-0.025051863464630644,1.0,4.37001695483923
36.76,3.0999311008833916,-0.025653195078207354,1.0,4.369667962193489
36.77,3.0849636346913067,-0.026122495813229018,1.0,4.369323845952749
36.78,3.069748613267014,-0.02647262966342586,1.0,4.3689847476780415
36.79,3.054352687950849,-0.026715406765627826,1.0,4.368650812655687
36.800000000000004,3.0388358535433695,-0.026861666724238,1.0,4.368322167545557
36.81,3.023251999336298,-0.026921348355351007,1.0,4.367998939007521
36.82,3.007649419961941,-0.026903558576577224,1.0,4.3676812164485455
36.83,2.9920712866669277,-0.026816636903237316,1.0,4.367369085550308
36.84,2.976556081611439,-0.02666821192383561,1.0,4.367062624543905
36.85,2.961137999865801,-0.02646526064637901,1.0,4.366761889308691
36.86,2.9458473175111766,-0.026214157197084195,1.0,4.366466924548149
36.87,2.9307107319909167,-0.025920718817106034,1.0,4.3661777675151825
36.88,2.915751676288718,-0.02559025277132029,1.0,4.365894433110952
36.89,2.900990606435391,-0.02522759484474182,1.0,4.36561693251133
36.9,2.8864452671783734,-0.024837148491472276,1.0,4.365345258265734
36.910000000000004,2.8721309354485856,-0.024422916841023615,1.0,4.365079414099455
36.92,2.85806064572089,-0.02398853877224122,1.0,4.3648193664848804
36.93,2.844245394937437,-0.02353731491448112,1.0,4.364565096795559
36.94,2.8306943327635077,-0.023072237612854523,1.0,4.364316567778587
36.95,2.8174149348981703,-0.02259601384554034,1.0,4.364073738455772
36.96,2.804413163470568,-0.02211109106764956,1.0,4.36383656039834
36.97,2.791693612838906,-0.021619675815706195,1.0,4.363604977726936
36.980000000000004,2.7792596449281484,-0.02112375578129793,1.0,4.363378930836916
36.99,2.767113512113123,-0.0206251163309124,1.0,4.363158348947763
37.0,2.7552564708132756,-0.020125361320351424,1.0,4.362943179905415
37.01,2.743688883334664,-0.019625923792224283,1.0,4.362733330577612
37.02,2.7324103137415294,-0.019128084303103293,1.0,4.362528741359711
37.03,2.7214196133779596,-0.01863298069190087,1.0,4.362329334020615
37.04,2.7107150009336043,-0.018141622243280996,1.0,4.362135015428066
37.050000000000004,2.700294134525156,-0.017654901739507612,1.0,4.36194571107626
37.06,2.6901541769960393,-0.017173601012380708,1.0,4.361761320382357
37.07,2.680291858148719,-0.016698406909237993,1.0,4.361581765115261
37.08,2.670703527934984,-0.016229914987069778,1.0,4.361406963318586
37.09,2.661385207628285,-0.015768640098461226,1.0,4.361236810684204
37.1,2.652332635021288,-0.015315023190944228,1.0,4.3610712215304375
37.11,2.6435413058128536,-0.014869437657641954,1.0,4.360910106450319
37.12,2.6350065114333514,-0.014432195272435156,1.0,4.360753376036882
37.13,2.6267233735417843,-0.014003553802457231,1.0,4.360600929707289
37.14,2.6186868742275133,-0.013583719520285482,1.0,4.360452685505152
37.15,2.6108918848339213,-0.013172854623436434,1.0,4.360308539122343
37.160000000000004,2.6033331905871817,-0.012771080375600943,1.0,4.360168404877186
37.17,2.5960055134772224,-0.012378479508400216,1.0,4.3600322008132935
37.18,2.5889035338101625,-0.011995103450034223,1.0,4.359899822622538
37.19,2.5820219076631408,-0.011620974420556634,1.0,4.359771188348532
37.2,2.575355283178731,-0.011256086300255064,1.0,4.359646208584309
37.21,2.5688983163989874,-0.01090041067504732,1.0,4.359524786472321
37.22,2.562645683669608,-0.010553897353143039,1.0,4.359406836330891
37.230000000000004,2.5565920937792868,-0.01021647740731058,1.0,4.359292287379503
37.24,2.5507322983846827,-0.009888065056341995,1.0,4.35918103903532
37.25,2.5450611013833497,-0.009568561521525909,1.0,4.3590730130672455
37.26,2.5395733661013713,-0.009257853513294811,1.0,4.358968134969473
37.27,2.534264023370029,-0.008955817817484349,1.0,4.358866304159164
37.28,2.5291280769947386,-0.008662320758588981,1.0,4.358767461031675
37.29,2.524160609550329,-0.008377222497819237,1.0,4.3586715161800385
37.300000000000004,2.5193567857301695,-0.008100372700236195,1.0,4.358578398823738
37.31,2.5147118581937713,-0.007831618652413238,1.0,4.358488027006388
37.32,2.510221168777133,-0.007570801489065947,1.0,4.358400329947472
37.33,2.5058801518783587,-0.007317757897085902,1.0,4.3583152405917645
37.34,2.5016843368784536,-0.007072322441903232,1.0,4.35823267698288
37.35,2.4976293492402646,-0.00683432744464438,1.0,4.358152583241463
37.36,2.4937109116877036,-0.006603603138951453,1.0,4.358074873685837
37.37,2.489924845304053,-0.0063799784293159184,1.0,4.357999499887228
37.38,2.4862670702042524,-0.006163282231560419,1.0,4.357926391065121
37.39,2.4827336054466573,-0.00595334483062047,1.0,4.357855472713709
37.4,2.4793205681737307,-0.005749994801621505,1.0,4.357786696404219
37.410000000000004,2.4760241745231255,-0.00555306297863561,1.0,4.357719998806715
37.42,2.4728407382708766,-0.005362380764675618,1.0,4.357655316591263
37.43,2.4697666704478785,-0.005177781621101827,1.0,4.357592590153217
37.44,2.4667984781079593,-0.004999101634181098,1.0,4.357531767338514
37.45,2.4639327627758516,-0.00482617656884355,1.0,4.35747279599309
37.46,2.4611662205870886,-0.0046588465706539385,1.0,4.357415616512299
37.47,2.458495639737756,-0.00449695403328833,1.0,4.357360187917948
37.480000000000004,2.455917899159363,-0.004340342939584438,1.0,4.357306443154812
37.49,2.4534299675743974,-0.004188861080343194,1.0,4.357254344969988
37.5,2.4510289012833026,-0.004042357710416909,1.0,4.357203833758831
37.51,2.4487118432972075,-0.003900686939767429,1.0,4.357154879719019
37.52,2.4464760205298957,-0.0037637035469703594,1.0,4.357107423245907
37.53,2.444318743390697,-0.003631267213386758,1.0,4.3570614121854305
37.54,2.4422374029533667,-0.0035032411673701076,1.0,4.3570168279111385
37.550000000000004,2.440229468903554,-0.0033794891607233355,1.0,4.356973610818386
37.56,2.438292489220256,-0.0032598805260101987,1.0,4.356931712478399
37.57,2.436424086961208,-0.0031442877328805223,1.0,4.356891121715307
37.58,2.4346219584497804,-0.0030325837249855943,1.0,4.356851775199175
37.59,2.4328838729888904,-0.0029246472725736254,1.0,4.35681364312768
37.6,2.4312076695094005,-0.002820359557207214,1.0,4.356776684522629
37.61,2.429591255176212,-0.0027196057988292943,1.0,4.356740869581699
37.62,2.428032603063277,-0.002622271939268453,1.0,4.356706157326698
37.63,2.4265297517296,-0.002528249332790487,1.0,4.3566725216805935
37.64,2.4250808025813697,-0.002437430105542882,1.0,4.356639921665192
37.65,2.4236839170567226,-0.0023497120384971385,1.0,4.356608338654041
37.660000000000004,2.4223373185106376,-0.0022649934444504993,1.0,4.356577731668949
37.67,2.421039285151639,-0.002183176494413906,1.0,4.3565480671823025
37.68,2.4197881545797535,-0.0021041667669988787,1.0,4.3565193228423595
37.69,2.4185823155794677,-0.002027871629532673,1.0,4.356491468846798
37.7,2.417420212867994,-0.001954201470011067,1.0,4.356464479118586
37.71,2.416300340014127,-0.0018830694685560128,1.0,4.35643832758069
37.72,2.4152212427767354,-0.0018143908649281809,1.0,4.356412976980209
37.730000000000004,2.414181513348334,-0.0017480854993744365,1.0,4.356388423591852
37.74,2.41317979194267,-0.0016840725427259928,1.0,4.356364626437426
37.75,2.4122147636811135,-0.0016222763750898999,1.0,4.356341566890478
37.76,2.411285156951901,-0.0015626220179103263,1.0,4.356319222599268
37.77,2.410389744957806,-0.0015050375694785436,1.0,4.356297567486763
37.78,2.4095273403408393,-0.0014494527101325421,1.0,4.356276590377092
37.79,2.4086967966792363,-0.0013958007852190603,1.0,4.356256254017353
37.800000000000004,2.407897005172747,-0.0013440152260690826,1.0,4.3562365509569645
37.81,2.4071268970323,-0.0012940340320533631,1.0,4.356217462569475
37.82,2.406385437197869,-0.001245794289812595,1.0,4.356198959052563
37.83,2.4056716273010075,-0.0011992378374540505,1.0,4.356181029230356
37.84,2.404984502329902,-0.001154306720236628,1.0,4.356163654476404
37.85,2.4043231299724073,-0.0011109451122668613,1.0,4.356146816164255
37.86,2.4036866115399596,-0.001069099601972293,1.0,4.356130491942167
37.87,2.403074077364152,-0.0010287186945017778,1.0,4.356114681810141
37.88,2.4024846878427715,-0.0009897509193494375,1.0,4.356099355965853
37.89,2.4019176328878706,-0.0009521488037266331,1.0,4.356084495782852
37.9,2.4013721296338364,-0.0009158648442061904,1.0,4.356070101261139
37.910000000000004,2.400847422453753,-0.000880852879698037,1.0,4.356056146323681
37.92,2.4003427821889693,-0.000847070245168709,1.0,4.3560426235198975
37.93,2.3998575036276586,-0.0008144729417926605,1.0,4.356029510498047
37.94,2.399390908337283,-0.0007830225401679149,1.0,4.356016807258129
37.95,2.3989423383683808,-0.0007526755933756516,1.0,4.356004487723112
37.96,2.398511161198045,-0.0007233976557445778,1.0,4.355992544442415
37.97,2.3980967640542428,-0.0006951488386900862,1.0,4.355980969965458
37.980000000000004,2.3976985570335954,-0.0006678943891684428,1.0,4.355969749391079
37.99,2.397315970158159,-0.0006415998256975236,1.0,4.355958875268698
38.0,2.396948453219078,-0.0006162319647982309,1.0,4.355948321521282
38.01,2.3965954750322207,-0.0005917575832624951,1.0,4.355938095599413
38.02,2.3962565234602815,-0.0005681466384477563,1.0,4.355928178876638
38.03,2.395931103589878,-0.0005453679426347764,1.0,4.355918575078249
38.04,2.395618738387057,-0.0005233928534342212,1.0,4.355909250676632
38.050000000000004,2.395318967238361,-0.0005021933577512753,1.0,4.355900209397078
38.06,2.39503134558977,-0.00048174241683413926,1.0,4.355891440063715
38.07,2.394755444388018,-0.0004620140020596448,1.0,4.355882942676544
38.08,2.39449084950126,-0.00044298179748955915,1.0,4.355874702334404
38.09,2.3942371618833986,-0.0004246225642493773,1.0,4.355866696685553
38.1,2.3939939958105922,-0.0004069132126918598,1.0,4.355858940631151
38.11,2.3937609787953877,-0.0003898289153619363,1.0,4.355851415544748
38.12,2.3935377525820503,-0.0003733498793067971,1.0,4.355844113975763
38.13,2.393323970261631,-0.00035745381332663654,1.0,4.355837032198906
38.14,2.3931192977030906,-0.00034212000300531357,1.0,4.355830159038305
38.15,2.3929234126495027,-0.00032732899090421864,1.0,4.355823487043381
38.160000000000004,2.3927360039976584,-0.0003130619656378985,1.0,4.355817016214132
38.17,2.392556770943709,-0.0002993000024092647,1.0,4.355810735374689
38.18,2.3923854249833574,-0.000286026122636407,1.0,4.355804644525051
38.19,2.3922216858933116,-0.0002732223339086588,1.0,4.355798725038767
38.2,2.3920652842473835,-0.00026087324112917257,1.0,4.355792980641127
38.21,2.3919159594442987,-0.00024896142101286917,1.0,4.35578740760684
38.22,2.391773460869542,-0.0002374720033657553,1.0,4.355782002210617
38.230000000000004,2.391637546432331,-0.000226390787854733,1.0,4.355776742100716
38.24,2.391507982181634,-0.00021570306633290686,1.0,4.355771638453007
38.25,2.3913845425969664,-0.00020539474781030616,1.0,4.35576668381691
38.26,2.391267010234553,-0.00019545232670784596,1.0,4.355761870741844
38.27,2.391155175391844,-0.00018586315137066557,1.0,4.35575719550252
38.28,2.39104883561804,-0.0001766148704597031,1.0,4.3557526506483555
38.29,2.3909477955418943,-0.00016769545067525573,1.0,4.355748243629932
38.300000000000004,2.3908518666893643,-0.00015909294850874838,1.0,4.355743955820799
38.31,2.390760867432045,-0.0001507964654687042,1.0,4.355739779770374
38.32,2.3906746223882362,-0.00014279550812686684,1.0,4.3557357378304005
38.33,2.3905929621907998,-0.0001350794870637505,1.0,4.355731800198555
38.34,2.390515723542044,-0.00012763828561424752,1.0,4.355727970600128
38.35,2.390442748942687,-0.00012046209003116523,1.0,4.355724256485701
38.36,2.3903738865183053,-0.00011354101396894844,1.0,4.3557206355035305
38.37,2.3903089900607273,-0.00010686725023576327,1.0,4.3557171151041985
38.38,2.390247917836762,-0.00010043162957088139,1.0,4.355713687837124
38.39,2.3901905333684477,-9.422527399861312e-05,1.0,4.355710364878178
38.4,2.3901367052661375,-8.824087769715439e-05,1.0,4.355707127600908
38.410000000000004,2.3900863063275906,-8.24701291060184e-05,1.0,4.3557039722800255
38.42,2.3900392141142017,-7.690587906289399e-05,1.0,4.3557009100914
38.43,2.3899953102848928,-7.1539311658178e-05,1.0,4.3556979186832905
38.44,2.3899544815509857,-6.636611695323019e-05,1.0,4.355695012956858
38.45,2.3899166170944897,-6.137717756791268e-05,1.0,4.3556921780109406
38.46,2.389881611322412,-5.656773841013534e-05,1.0,4.355689432471991
38.47,2.38984936136738,-5.1929422125227856e-05,1.0,4.355686742812395
38.480000000000004,2.3898197691629224,-4.7457753788682246e-05,1.0,4.355684135109186
38.49,2.389792739207542,-4.314573202512812e-05,1.0,4.355681583285332
38.5,2.3897681800121715,-3.8990031210902086e-05,1.0,4.355679098516703
38.51,2.389746001994095,-3.498238401345346e-05,1.0,4.355676684528589
38.52,2.3897261203082905,-3.1118822685681497e-05,1.0,4.35567432641983
38.53,2.3897084523839247,-2.739429974243436e-05,1.0,4.355672024190426
38.54,2.3896929185429587,-2.3804124239046152e-05,1.0,4.355669777840376
38.550000000000004,2.3896794417957614,-2.0342673149029342e-05,1.0,4.355667594820261
38.56,2.3896679483752044,-1.7005493426609295e-05,1.0,4.35566546022892
38.57,2.3896583670662292,-1.3789008561052259e-05,1.0,4.355663385242224
38.58,2.3896506287035804,-1.0688678703773948e-05,1.0,4.3556613475084305
38.59,2.3896446667237803,-7.700157640104144e-06,1.0,4.355659369379282
38.6,2.389640417054124,-4.819558058729306e-06,1.0,4.3556574285030365
38.61,2.3896378178497217,-2.0437799654924072e-06,1.0,4.355655539780855
38.62,2.3896368090423863,6.324080189862125e-07,1.0,4.355653688311577
38.63,2.3896373335600876,3.211080004265159e-06,1.0,4.355651888996363
38.64,2.3896393355232637,5.696411364907413e-06,1.0,4.355650123208761
38.65,2.3896427614429294,8.091331584344862e-06,1.0,4.355648398399353
38.660000000000004,2.3896475595093163,1.0399353775829371e-05,1.0,4.355646718293428
38.67,2.389653679925833,1.262313949102308e-05,1.0,4.355645064264536
38.68,2.3896610744212494,1.476582874221857e-05,1.0,4.355643447488546
38.69,2.389669696523758,1.6830304848208434e-05,1.0,4.355641879141331
38.7,2.3896795014140073,1.881945359246788e-05,1.0,4.355640329420567
38.71,2.389690445926343,2.0735604601130476e-05,1.0,4.355638816952705
38.72,2.389702488230208,2.2582185240732118e-05,1.0,4.3556373454630375
38.730000000000004,2.389715588459112,2.4360857839343753e-05,1.0,4.3556358851492405
38.74,2.3897297076992396,2.6074004315178533e-05,1.0,4.355634473264217
38.75,2.3897448084018516,2.7724805604381365e-05,1.0,4.355633080005646
38.76,2.389760854840942,2.9313772514200425e-05,1.0,4.3556317165493965
38.77,2.3897778115834822,3.084451006464595e-05,1.0,4.355630379170179
38.78,2.389795645262144,3.2318659113426894e-05,1.0,4.355629071593285
38.79,2.3898143234500226,3.3738272684456715e-05,1.0,4.355627786368132
38.800000000000004,2.3898338148966625,3.510489353582171e-05,1.0,4.3556265234947205
38.81,2.389854089235737,3.642039403116683e-05,1.0,4.355625290423632
38.82,2.389875117173954,3.768780957987045e-05,1.0,4.355624079704285
38.83,2.3898968711573243,3.890712577462264e-05,1.0,4.355622887611389
38.84,2.389919323623778,4.008081174928767e-05,1.0,4.355621717870235
38.85,2.389942448426121,4.1211280999365624e-05,1.0,4.355620574206114
38.86,2.389966220800131,4.229834311864437e-05,1.0,4.355619445443153
38.87,2.3899906158726614,4.334510499028162e-05,1.0,4.355618335306644
38.88,2.3900156105507935,4.4351932655663456e-05,1.0,4.355617247521877
38.89,2.390041181951481,4.5320503818427265e-05,1.0,4.355616174638271
38.9,2.3900673081530415,4.625282457444958e-05,1.0,4.355615120381117
38.910000000000004,2.3900939683833533,4.7148936785385256e-05,1.0,4.355614081025124
38.92,2.390121141894353,4.801098432959339e-05,1.0,4.3556130565702915
38.93,2.3901488091664524,4.883963205385366e-05,1.0,4.3556120581924915
38.94,2.3901769510610915,4.963667561196479e-05,1.0,4.3556110598146915
38.95,2.3902055494686745,5.0402752860537614e-05,1.0,4.355610083788633
38.96,2.3902345866451067,5.1139102933198395e-05,1.0,4.355609130114317
38.97,2.390264045556363,5.184747105273007e-05,1.0,4.355608183890581
38.980000000000004,2.39029391016849,5.252745494747603e-05,1.0,4.355607245117426
38.99,2.390324164217081,5.318089424989229e-05,1.0,4.355606336146593
39.0,2.3903547924918387,5.380844293041688e-05,1.0,4.35560542717576
39.01,2.390385780157266,5.4411730988142444e-05,1.0,4.355604540556669
39.02,2.390417113311811,5.499099335668063e-05,1.0,4.3556036576628685
39.03,2.390448778188633,5.55462870916989e-05,1.0,4.355602789670229
39.04,2.390480761053616,5.6079964895749613e-05,1.0,4.35560193285346
39.050000000000004,2.3905130495207305,5.659194596986746e-05,1.0,4.355601087212563
39.06,2.390545631157654,5.7083477029441625e-05,1.0,4.355600249022245
39.07,2.3905784942464994,5.755426505199413e-05,1.0,4.3555994257330894
39.08,2.3906116269014825,5.800617418773914e-05,1.0,4.355598609894514
39.09,2.3906450183049612,5.843946051989792e-05,1.0,4.355597797781229
39.1,2.3906786577860673,5.885453481749953e-05,1.0,4.355597000569105
39.11,2.3907125349093357,5.925241986563867e-05,1.0,4.355596214532852
39.12,2.390746639825326,5.963412656888413e-05,1.0,4.3555954322218895
39.13,2.390780963263892,5.999875245439866e-05,1.0,4.355594661086798
39.14,2.3908154954377787,6.034834053438541e-05,1.0,4.355593908578157
39.15,2.3908502277303922,6.068296854790853e-05,1.0,4.3555931486189365
39.160000000000004,2.3908851515696674,6.100222215765804e-05,1.0,4.3555923998355865
39.17,2.3909202581462123,6.130780661826498e-05,1.0,4.355591669678688
39.18,2.3909555396276496,6.159982056190397e-05,1.0,4.355590935796499
39.19,2.39099098823818,6.187890809652471e-05,1.0,4.355590205639601
39.2,2.3910265965710584,6.214557581007098e-05,1.0,4.355589494109154
39.21,2.3910623575098424,6.239956154375896e-05,1.0,4.355588782578707
39.22,2.391098263787876,6.264201895268907e-05,1.0,4.35558807849884
39.230000000000004,2.3911343087995265,6.287328657785179e-05,1.0,4.355587374418974
39.24,2.3911704861331966,6.309281195586041e-05,1.0,4.355586681514978
39.25,2.3912067890607114,6.330286772665698e-05,1.0,4.355585999786854
39.26,2.391243212156066,6.350196687480709e-05,1.0,4.355585310608149
39.27,2.39127974914128,6.369212605471873e-05,1.0,4.3555846363306046
39.28,2.391316394893856,6.387211113783505e-05,1.0,4.355583969503641
39.29,2.3913531435842197,6.404354242332801e-05,1.0,4.355583306401968
39.300000000000004,2.3913899903111093,6.420562369828765e-05,1.0,4.355582647025585
39.31,2.391426929717156,6.435981088570607e-05,1.0,4.355581991374493
39.32,2.391463957279122,6.45053710054424e-05,1.0,4.3555813357234
39.33,2.391501068053904,6.464293910453046e-05,1.0,4.355580694973469
39.34,2.3915382574621944,6.477256652551036e-05,1.0,4.3555800542235374
39.35,2.391575520954138,6.48951431663164e-05,1.0,4.355579417198896
39.36,2.3916128544897495,6.50112884823402e-05,1.0,4.355578787624836
39.37,2.3916502543839857,6.511948431965115e-05,1.0,4.355578161776066
39.38,2.391687716081981,6.522134381551553e-05,1.0,4.355577535927296
39.39,2.391725235953161,6.531697377139445e-05,1.0,4.355576917529106
39.4,2.3917628104281077,6.540610429934869e-05,1.0,4.355576299130917
39.410000000000004,2.3918004357828173,6.548949363703841e-05,1.0,4.355575688183308
39.42,2.3918381087276805,6.556689143723564e-05,1.0,4.355575080960989
39.43,2.391875825829702,6.563939211077628e-05,1.0,4.355574481189251
39.44,2.391913584282935,6.57059862381934e-05,1.0,4.355573877692223
39.45,2.3919513807030977,6.576770836730205e-05,1.0,4.3555732779204845
39.46,2.391989212298663,6.582408151437465e-05,1.0,4.355572681874037
39.47,2.392027076004775,6.587616764394737e-05,1.0,4.35557209700346
39.480000000000004,2.3920649693650824,6.592385245945924e-05,1.0,4.355571508407593
39.49,2.3921028898577523,6.596638366901362e-05,1.0,4.355570927262306
39.5,2.392140834529939,6.600509603824783e-05,1.0,4.355570342391729
39.51,2.392178801193533,6.60391027493346e-05,1.0,4.355569761246443
39.52,2.3922167871523303,6.606904562855258e-05,1.0,4.355569187551737
39.53,2.392254790077882,6.60957100854703e-05,1.0,4.355568613857031
39.54,2.392292808091773,6.611781013312933e-05,1.0,4.355568040162325
39.550000000000004,2.392330838578698,6.613716001211569e-05,1.0,4.3555674739181995
39.56,2.392368879962908,6.615270195579395e-05,1.0,4.355566907674074
39.57,2.3924069300625757,6.616524813296323e-05,1.0,4.355566341429949
39.58,2.39244498716123,6.617379121832444e-05,1.0,4.355565782636404
39.59,2.3924830489652456,6.617947714341033e-05,1.0,4.355565216392279
39.6,2.39252111383757,6.618120142303226e-05,1.0,4.355564657598734
39.61,2.3925591795083068,6.618103525502906e-05,1.0,4.35556410625577
39.62,2.392597244894313,6.61776722728822e-05,1.0,4.355563554912806
39.63,2.3926353081638907,6.617188683492224e-05,1.0,4.355562999844551
39.64,2.392673367929102,6.616309503056738e-05,1.0,4.355562452226877
39.65,2.3927114224673858,6.615243879950774e-05,1.0,4.355561908334494
39.660000000000004,2.3927494707105295,6.613846770847358e-05,1.0,4.35556136071682
39.67,2.3927875107592413,6.612211911001008e-05,1.0,4.355560813099146
39.68,2.3928255412512884,6.610362600888846e-05,1.0,4.355560272932053
39.69,2.3928635609579705,6.608345881045382e-05,1.0,4.35555973649025
39.7,2.39290156892008,6.606072041780918e-05,1.0,4.355559203773737
39.71,2.392939563664449,6.603631472975867e-05,1.0,4.355558671057224
39.72,2.3929775442357983,6.600973921476794e-05,1.0,4.355558130890131
39.730000000000004,2.393015509390917,6.598101556929347e-05,1.0,4.355557601898909
39.74,2.393053457899023,6.595077788619948e-05,1.0,4.355557072907686
39.75,2.3930913888925964,6.591852755569832e-05,1.0,4.355556543916464
39.76,2.3931293012185333,6.588431516314957e-05,1.0,4.3555560149252415
39.77,2.3931671937526455,6.584881773161294e-05,1.0,4.355555489659309
39.78,2.393205065758671,6.581174543533047e-05,1.0,4.355554964393377
39.79,2.393242916334278,6.57731960061178e-05,1.0,4.3555544428527355
39.800000000000004,2.3932807446331523,6.573290873201114e-05,1.0,4.355553925037384
39.81,2.3933185496596185,6.569178685385533e-05,1.0,4.3555534072220325
39.82,2.393356330935462,6.564872585139565e-05,1.0,4.355552885681391
39.83,2.3933940873496833,6.560463773266003e-05,1.0,4.355552367866039
39.84,2.3934318183137866,6.555849667640574e-05,1.0,4.355551853775978
39.85,2.39346952265156,6.551208714300277e-05,1.0,4.355551339685917
39.86,2.393507200209166,6.546344585298591e-05,1.0,4.355550825595856
39.87,2.3935448497079626,6.54142970687329e-05,1.0,4.3555503115057945
39.88,2.393582470857162,6.536381742628145e-05,1.0,4.355549801141024
39.89,2.3936200628942794,6.531258286255721e-05,1.0,4.355549290776253
39.9,2.3936576253868025,6.525946217779515e-05,1.0,4.355548784136772
39.910000000000004,2.393695157254088,6.520562897025215e-05,1.0,4.355548273772001
39.92,2.3937326580878904,6.515116502075525e-05,1.0,4.355547767132521
39.93,2.3937701275268384,6.509551629771235e-05,1.0,4.35554726421833
39.94,2.3938075648921338,6.503943486950515e-05,1.0,4.35554676130414
39.95,2.3938449699358935,6.49815610873589e-05,1.0,4.35554625838995
39.96,2.3938823416311723,6.492354381836717e-05,1.0,4.35554575920105
39.97,2.393919679895816,6.486421416505366e-05,1.0,4.35554526001215
39.980000000000004,2.393956983977898,6.480502892560361e-05,1.0,4.3555447570979595
39.99,2.3939942539601717,6.474475569114897e-05,1.0,4.35554426163435
