time_s,gyro_nominal,gyro_frozen,fault_label
0.0,0.8605962235555789,0.8605962235555789,0.0
0.01,0.8745114137576292,0.8745114137576292,0.0
0.02,0.8569315406098199,0.8569315406098199,0.0
0.03,0.7858206475730065,0.7858206475730065,0.0
0.04,0.7804063293587581,0.7804063293587581,0.0
0.05,0.8823356729433904,0.8823356729433904,0.0
0.06,0.8288479461437988,0.8288479461437988,0.0
0.07,0.9107031902596889,0.9107031902596889,0.0
0.08,0.923151264643179,0.923151264643179,0.0
0.09,0.9252886452843117,0.9252886452843117,0.0
0.1,0.9390264946627239,0.9390264946627239,0.0
0.11,0.9836544587481941,0.9836544587481941,0.0
0.12,0.8428089250936938,0.8428089250936938,0.0
0.13,0.9194300697962379,0.9194300697962379,0.0
0.14,0.8421278922735199,0.8421278922735199,0.0
0.15,0.8644603489607767,0.8644603489607767,0.0
0.16,0.9023302539880306,0.9023302539880306,0.0
0.17,0.965162631367459,0.965162631367459,0.0
0.18,0.9284015500696153,0.9284015500696153,0.0
0.19,0.9865635043004142,0.9865635043004142,0.0
0.2,1.01981857268943,1.01981857268943,0.0
0.21,1.0030401025136872,1.0030401025136872,0.0
0.22,0.9188578610721067,0.9188578610721067,0.0
0.23,0.9590417770324491,0.9590417770324491,0.0
0.24,0.9585872603785667,0.9585872603785667,0.0
0.25,0.9327719327211729,0.9327719327211729,0.0
0.26,0.9762090726612587,0.9762090726612587,0.0
0.27,0.821550680543379,0.821550680543379,0.0
0.28,0.9515970246209928,0.9515970246209928,0.0
0.29,0.9349007176944308,0.9349007176944308,0.0
0.3,0.9383304168372585,0.9383304168372585,0.0
0.31,0.9982320935016805,0.9982320935016805,0.0
0.32,0.9360434455299858,0.9360434455299858,0.0
0.33,1.0015157543362054,1.0015157543362054,0.0
0.34,0.9688467635746281,0.9688467635746281,0.0
0.35000000000000003,0.9731885249753784,0.9731885249753784,0.0
0.36,0.9745624291032615,0.9745624291032615,0.0
0.37,0.9876725975500483,0.9876725975500483,0.0
0.38,0.9620485043293788,0.9620485043293788,0.0
0.39,1.0277582695174705,1.0277582695174705,0.0
0.4,0.9686523138003837,0.9686523138003837,0.0
0.41000000000000003,0.9094254931599027,0.9094254931599027,0.0
0.42,1.036354972672422,1.036354972672422,0.0
0.43,1.0016926554901542,1.0016926554901542,0.0
0.44,0.9607249150631076,0.9607249150631076,0.0
0.45,1.0804407262279605,1.0804407262279605,0.0
0.46,1.129102976307169,1.129102976307169,0.0
0.47000000000000003,0.9931308691081329,0.9931308691081329,0.0
0.48,0.9338104176998525,0.9338104176998525,0.0
0.49,0.9663936108458533,0.9663936108458533,0.0
0.5,1.0066232179907608,1.0066232179907608,0.0
0.51,1.0591518016097656,1.0591518016097656,0.0
0.52,1.0258625398578758,1.0258625398578758,0.0
0.53,1.0484447651124067,1.0484447651124067,0.0
0.54,0.9862007596490865,0.9862007596490865,0.0
0.55,0.9073639443280047,0.9073639443280047,0.0
0.56,0.9296939405984612,0.9296939405984612,0.0
0.5700000000000001,0.8860809685489028,0.8860809685489028,0.0
0.58,0.9526369762709956,0.9526369762709956,0.0
0.59,0.9502713017352922,0.9502713017352922,0.0
0.6,0.985240007864375,0.985240007864375,0.0
0.61,0.973137934027219,0.973137934027219,0.0
0.62,0.8907225605649051,0.8907225605649051,0.0
0.63,0.9582795392917344,0.9582795392917344,0.0
0.64,0.8422059420684447,0.8422059420684447,0.0
0.65,0.9508944347185246,0.9508944347185246,0.0
0.66,0.8955227082146228,0.8955227082146228,0.0
0.67,0.9396460904596227,0.9396460904596227,0.0
0.68,0.8898689377640825,0.8898689377640825,0.0
0.6900000000000001,0.8941673832143289,0.8941673832143289,0.0
0.7000000000000001,0.9859138312840285,0.9859138312840285,0.0
0.71,0.8733909636183117,0.8733909636183117,0.0
0.72,0.8839805528992015,0.8839805528992015,0.0
0.73,0.8612258725893109,0.8612258725893109,0.0
0.74,0.8537446216164737,0.8537446216164737,0.0
0.75,0.8932868047691012,0.8932868047691012,0.0
0.76,0.8791923879651374,0.8791923879651374,0.0
0.77,0.8752521903190124,0.8752521903190124,0.0
0.78,0.8592097438955599,0.8592097438955599,0.0
0.79,0.7891875158954802,0.7891875158954802,0.0
0.8,0.7419214640276961,0.7419214640276961,0.0
0.81,0.7934611620197763,0.7934611620197763,0.0
0.8200000000000001,0.7829278794328105,0.7829278794328105,0.0
0.8300000000000001,0.8196739504934583,0.8196739504934583,0.0
0.84,0.7134568204236416,0.7134568204236416,0.0
0.85,0.7287606468251401,0.7287606468251401,0.0
0.86,0.7658186378086465,0.7658186378086465,0.0
0.87,0.8339470492949581,0.8339470492949581,0.0
0.88,0.8154730095323612,0.8154730095323612,0.0
0.89,0.7740686128227051,0.7740686128227051,0.0
0.9,0.6298281027219383,0.6298281027219383,0.0
0.91,0.6048450112861934,0.6048450112861934,0.0
0.92,0.6574558121396736,0.6574558121396736,0.0
0.93,0.6372902760668455,0.6372902760668455,0.0
0.9400000000000001,0.6478157685674488,0.6478157685674488,0.0
0.9500000000000001,0.6427644409984319,0.6427644409984319,0.0
0.96,0.6963155627114587,0.6963155627114587,0.0
0.97,0.6422154632468391,0.6422154632468391,0.0
0.98,0.6268899538739771,0.6268899538739771,0.0
0.99,0.5191874222483257,0.5191874222483257,0.0
1.0,0.602516435112088,0.602516435112088,0.0
1.01,0.5556095065261537,0.5556095065261537,0.0
1.02,0.5878696283822562,0.5878696283822562,0.0
1.03,0.48822382205224135,0.48822382205224135,0.0
1.04,0.58173410864553,0.58173410864553,0.0
1.05,0.49678456021458345,0.49678456021458345,0.0
1.06,0.43525910928843237,0.43525910928843237,0.0
1.07,0.493289774675973,0.493289774675973,0.0
1.08,0.45381851885321506,0.45381851885321506,0.0
1.09,0.42980878782548626,0.42980878782548626,0.0
1.1,0.48002165026826543,0.48002165026826543,0.0
1.11,0.41070282591697843,0.41070282591697843,0.0
1.12,0.4003507047434135,0.4003507047434135,0.0
1.1300000000000001,0.36799697899871425,0.36799697899871425,0.0
1.1400000000000001,0.31476877215509746,0.31476877215509746,0.0
1.1500000000000001,0.3121534160197572,0.3121534160197572,0.0
1.16,0.34818015202642527,0.34818015202642527,0.0
1.17,0.3565366575762604,0.3565366575762604,0.0
1.18,0.2801328661376089,0.2801328661376089,0.0
1.19,0.38891866494830996,0.38891866494830996,0.0
1.2,0.2550007868509636,0.2550007868509636,0.0
1.21,0.33474012816127463,0.33474012816127463,0.0
1.22,0.2825731239319976,0.2825731239319976,0.0
1.23,0.18749699072980636,0.18749699072980636,0.0
1.24,0.28597991181838456,0.28597991181838456,0.0
1.25,0.2632431620862104,0.2632431620862104,0.0
1.26,0.17181248880474298,0.17181248880474298,0.0
1.27,0.17891267416612233,0.17891267416612233,0.0
1.28,0.06484637767635942,0.06484637767635942,0.0
1.29,0.08018600846826196,0.08018600846826196,0.0
1.3,0.16020709693015983,0.16020709693015983,0.0
1.31,0.11980516407446923,0.11980516407446923,0.0
1.32,0.13229258133723332,0.13229258133723332,0.0
1.33,0.02139882426399098,0.02139882426399098,0.0
1.34,-0.02263896755493372,-0.02263896755493372,0.0
1.35,0.08854517312125598,0.08854517312125598,0.0
1.36,-0.003782448121789461,-0.003782448121789461,0.0
1.37,-0.011885484071678443,-0.011885484071678443,0.0
1.3800000000000001,-0.04275110176330926,-0.04275110176330926,0.0
1.3900000000000001,-0.059742754445413604,-0.059742754445413604,0.0
1.4000000000000001,-0.06388564786555051,-0.06388564786555051,0.0
1.41,-0.09967167191762061,-0.09967167191762061,0.0
1.42,-0.09085354186568206,-0.09085354186568206,0.0
1.43,-0.11936420473848414,-0.11936420473848414,0.0
1.44,-0.03604061437917899,-0.03604061437917899,0.0
1.45,-0.1909587001574755,-0.1909587001574755,0.0
1.46,-0.04012231213973505,-0.04012231213973505,0.0
1.47,-0.18724004921172233,-0.18724004921172233,0.0
1.48,-0.17766060439597287,-0.17766060439597287,0.0
1.49,-0.1049167726092689,-0.1049167726092689,0.0
1.5,-0.10958949613139257,-0.10958949613139257,0.0
1.51,-0.21751175520671773,-0.21751175520671773,0.0
1.52,-0.20380090799915618,-0.20380090799915618,0.0
1.53,-0.13463950685578718,-0.13463950685578718,0.0
1.54,-0.2923343995239834,-0.2923343995239834,0.0
1.55,-0.21253051802833312,-0.21253051802833312,0.0
1.56,-0.26366668044233527,-0.26366668044233527,0.0
1.57,-0.3174988576804962,-0.3174988576804962,0.0
1.58,-0.3234480494700681,-0.3234480494700681,0.0
1.59,-0.24196496061698486,-0.24196496061698486,0.0
1.6,-0.3031667059006756,-0.3031667059006756,0.0
1.61,-0.34141676456248643,-0.34141676456248643,0.0
1.62,-0.4212363079286219,-0.4212363079286219,0.0
1.6300000000000001,-0.3971346616136158,-0.3971346616136158,0.0
1.6400000000000001,-0.34119107911831753,-0.34119107911831753,0.0
1.6500000000000001,-0.40556235649913336,-0.40556235649913336,0.0
1.6600000000000001,-0.3329168043436934,-0.3329168043436934,0.0
1.67,-0.4144444826129389,-0.4144444826129389,0.0
1.68,-0.5011989342614661,-0.5011989342614661,0.0
1.69,-0.43491524100334944,-0.43491524100334944,0.0
1.7,-0.4241132928456357,-0.4241132928456357,0.0
1.71,-0.42320279344538125,-0.42320279344538125,0.0
1.72,-0.4231802870409531,-0.4231802870409531,0.0
1.73,-0.4829428476530486,-0.4829428476530486,0.0
1.74,-0.5325752122334246,-0.5325752122334246,0.0
1.75,-0.4387001602896529,-0.4387001602896529,0.0
1.76,-0.5001121528272872,-0.5001121528272872,0.0
1.77,-0.5054268100977282,-0.5054268100977282,0.0
1.78,-0.49746707671859125,-0.49746707671859125,0.0
1.79,-0.5516016841710853,-0.5516016841710853,0.0
1.8,-0.5823304977246759,-0.5823304977246759,0.0
1.81,-0.5336391243424834,-0.5336391243424834,0.0
1.82,-0.46144092951247895,-0.46144092951247895,0.0
1.83,-0.529422609324605,-0.529422609324605,0.0
1.84,-0.5534423433262032,-0.5534423433262032,0.0
1.85,-0.6100624710484954,-0.6100624710484954,0.0
1.86,-0.6255197074978237,-0.6255197074978237,0.0
1.87,-0.5777545025868548,-0.5777545025868548,0.0
1.8800000000000001,-0.6818010812546849,-0.6818010812546849,0.0
1.8900000000000001,-0.5717792291076322,-0.5717792291076322,0.0
1.9000000000000001,-0.6037224782642303,-0.6037224782642303,0.0
1.9100000000000001,-0.5087640435615957,-0.5087640435615957,0.0
1.92,-0.6349743634111427,-0.6349743634111427,0.0
1.93,-0.6275101503714549,-0.6275101503714549,0.0
1.94,-0.5116692845835513,-0.5116692845835513,0.0
1.95,-0.5904762159677409,-0.5904762159677409,0.0
1.96,-0.5636836126811612,-0.5636836126811612,0.0
1.97,-0.5278972087722206,-0.5278972087722206,0.0
1.98,-0.5608529314514628,-0.5608529314514628,0.0
1.99,-0.5726429546493202,-0.5726429546493202,0.0
2.0,-0.5351447894015133,-0.5351447894015133,0.0
2.0100000000000002,-0.5768982170705486,-0.5768982170705486,0.0
2.02,-0.5979957300335771,-0.5979957300335771,0.0
2.0300000000000002,-0.5633994196289949,-0.5633994196289949,0.0
2.04,-0.5520660180946935,-0.5520660180946935,0.0
2.05,-0.5987592326234878,-0.5987592326234878,0.0
2.06,-0.5861927184235242,-0.5861927184235242,0.0
2.07,-0.5261996321166615,-0.5261996321166615,0.0
2.08,-0.5403010448016129,-0.5403010448016129,0.0
2.09,-0.4926732058088344,-0.4926732058088344,0.0
2.1,-0.555110690595412,-0.555110690595412,0.0
2.11,-0.5234835211765856,-0.5234835211765856,0.0
2.12,-0.632360801340963,-0.632360801340963,0.0
2.13,-0.577616976003453,-0.577616976003453,0.0
2.14,-0.535043373646088,-0.535043373646088,0.0
2.15,-0.4747563378379892,-0.4747563378379892,0.0
2.16,-0.5555946676821037,-0.5555946676821037,0.0
2.17,-0.4885219498693892,-0.4885219498693892,0.0
2.18,-0.4871846117292388,-0.4871846117292388,0.0
2.19,-0.4917415862966015,-0.4917415862966015,0.0
2.2,-0.443181060799323,-0.443181060799323,0.0
2.21,-0.4375409330719845,-0.4375409330719845,0.0
2.22,-0.3723016518821962,-0.3723016518821962,0.0
2.23,-0.5066792407492566,-0.5066792407492566,0.0
2.24,-0.42353798289950706,-0.42353798289950706,0.0
2.25,-0.29062822184084924,-0.29062822184084924,0.0
2.2600000000000002,-0.3175297797559767,-0.3175297797559767,0.0
2.27,-0.4676175998094622,-0.4676175998094622,0.0
2.2800000000000002,-0.32614315894144547,-0.32614315894144547,0.0
2.29,-0.39740698176612466,-0.39740698176612466,0.0
2.3000000000000003,-0.3754493624711065,-0.3754493624711065,0.0
2.31,-0.348436437071876,-0.348436437071876,0.0
2.32,-0.3262758417652658,-0.3262758417652658,0.0
2.33,-0.3710669022473471,-0.3710669022473471,0.0
2.34,-0.2167752804595691,-0.2167752804595691,0.0
2.35,-0.2532503607208175,-0.2532503607208175,0.0
2.36,-0.28814981138982565,-0.28814981138982565,0.0
2.37,-0.1855056058807476,-0.1855056058807476,0.0
2.38,-0.20740338468264075,-0.20740338468264075,0.0
2.39,-0.20597092061281652,-0.20597092061281652,0.0
2.4,-0.1471493852799611,-0.1471493852799611,0.0
2.41,-0.09964844178902921,-0.09964844178902921,0.0
2.42,-0.17569652126762775,-0.17569652126762775,0.0
2.43,-0.109626547250009,-0.109626547250009,0.0
2.44,-0.14487282174787097,-0.14487282174787097,0.0
2.45,-0.09425099496640424,-0.09425099496640424,0.0
2.46,-0.039224128042186945,-0.039224128042186945,0.0
2.47,-0.01481698921640065,-0.01481698921640065,0.0
2.48,-0.04763722300051121,-0.04763722300051121,0.0
2.49,-0.0063021851221947145,-0.0063021851221947145,0.0
2.5,0.0573614783213407,0.0573614783213407,0.0
2.5100000000000002,0.06270032121116481,0.06270032121116481,0.0
2.52,0.10450090683883986,0.10450090683883986,0.0
2.5300000000000002,0.14863404555791537,0.14863404555791537,0.0
2.54,0.10913749616059067,0.10913749616059067,0.0
2.5500000000000003,0.1067878644386035,0.1067878644386035,0.0
2.56,0.20904121448489194,0.20904121448489194,0.0
2.57,0.1790707033101729,0.1790707033101729,0.0
2.58,0.29100924009636,0.29100924009636,0.0
2.59,0.16386600879193988,0.16386600879193988,0.0
2.6,0.23640957860490516,0.23640957860490516,0.0
2.61,0.3873531864391052,0.3873531864391052,0.0
2.62,0.26476084543209466,0.26476084543209466,0.0
2.63,0.25603825523022194,0.25603825523022194,0.0
2.64,0.3510339222725894,0.3510339222725894,0.0
2.65,0.23320481632213666,0.23320481632213666,0.0
2.66,0.4415960499919548,0.4415960499919548,0.0
2.67,0.4649346587907318,0.4649346587907318,0.0
2.68,0.4761415927659879,0.4761415927659879,0.0
2.69,0.447202100687518,0.447202100687518,0.0
2.7,0.3515787031499823,0.3515787031499823,0.0
2.71,0.42992295203015424,0.42992295203015424,0.0
2.72,0.5670482144127822,0.5670482144127822,0.0
2.73,0.5706559975036726,0.5706559975036726,0.0
2.74,0.6076791390629035,0.6076791390629035,0.0
2.75,0.600616296045908,0.600616296045908,0.0
2.7600000000000002,0.5862495817530965,0.5862495817530965,0.0
2.77,0.6488106524173872,0.6488106524173872,0.0
2.7800000000000002,0.6066101103507083,0.6066101103507083,0.0
2.79,0.7195252597000042,0.7195252597000042,0.0
2.8000000000000003,0.6501234430211293,0.6501234430211293,0.0
2.81,0.8048010464183969,0.8048010464183969,0.0
2.82,0.7211523573431504,0.7211523573431504,0.0
2.83,0.8183946925306096,0.8183946925306096,0.0
2.84,0.7723842006024785,0.7723842006024785,0.0
2.85,0.8328196555598693,0.8328196555598693,0.0
2.86,0.8750982201223553,0.8750982201223553,0.0
2.87,0.8809698987255956,0.8809698987255956,0.0
2.88,0.8763558612518756,0.8763558612518756,0.0
2.89,0.819404944548905,0.819404944548905,0.0
2.9,0.9121498554035878,0.9121498554035878,0.0
2.91,0.9005530537304376,0.9005530537304376,0.0
2.92,0.9657630269277697,0.9657630269277697,0.0
2.93,0.9810012211284969,0.9810012211284969,0.0
2.94,0.9891961787018562,0.9891961787018562,0.0
2.95,1.017731747577614,1.017731747577614,0.0
2.96,0.982544248238878,0.982544248238878,0.0
2.97,1.1628771519935688,1.1628771519935688,0.0
2.98,1.0384317769439515,1.0384317769439515,0.0
2.99,1.239857714773779,1.239857714773779,0.0
3.0,1.0891792929008177,1.0891792929008177,0.0
3.0100000000000002,1.1591857429585277,1.1591857429585277,0.0
3.02,1.1400378487767737,1.1400378487767737,0.0
3.0300000000000002,1.1891023234732296,1.1891023234732296,0.0
3.04,1.1724403258567453,1.1724403258567453,0.0
3.0500000000000003,1.22908769898098,1.22908769898098,0.0
3.06,1.2350228318121554,1.2350228318121554,0.0
3.0700000000000003,1.1981774991317597,1.1981774991317597,0.0
3.08,1.235036622346567,1.235036622346567,0.0
3.09,1.2734968467992376,1.2734968467992376,0.0
3.1,1.2887103461687377,1.2887103461687377,0.0
3.11,1.196486895310894,1.196486895310894,0.0
3.12,1.2386501238182874,1.2386501238182874,0.0
3.13,1.286671725009635,1.286671725009635,0.0
3.14,1.2953947191687953,1.2953947191687953,0.0
3.15,1.3359633993403026,1.3359633993403026,0.0
3.16,1.3180244042655933,1.3180244042655933,0.0
3.17,1.288116219454866,1.288116219454866,0.0
3.18,1.318929827835554,1.318929827835554,0.0
3.19,1.3179905530035807,1.3179905530035807,0.0
3.2,1.3279833933422642,1.3279833933422642,0.0
3.21,1.2243349119803233,1.2243349119803233,0.0
3.22,1.3161961869285617,1.3161961869285617,0.0
3.23,1.379059057043865,1.379059057043865,0.0
3.24,1.4019825220224944,1.4019825220224944,0.0
3.25,1.3799458894934995,1.3799458894934995,0.0
3.2600000000000002,1.3438401414994698,1.3438401414994698,0.0
3.27,1.37206910408315,1.37206910408315,0.0
3.2800000000000002,1.455350508336119,1.455350508336119,0.0
3.29,1.3602578155042404,1.3602578155042404,0.0
3.3000000000000003,1.3779683057927499,1.3779683057927499,0.0
3.31,1.3355037161383974,1.3355037161383974,0.0
3.3200000000000003,1.3577849731124596,1.3577849731124596,0.0
3.33,1.4473132589363202,1.4473132589363202,0.0
3.34,1.3584923193104679,1.3584923193104679,0.0
3.35,1.3880028099104647,1.3880028099104647,0.0
3.36,1.3422240563665322,1.3422240563665322,0.0
3.37,1.3913345657354808,1.3913345657354808,0.0
3.38,1.3765481403125635,1.3765481403125635,0.0
3.39,1.355452191510326,1.355452191510326,0.0
3.4,1.3736985869933926,1.3736985869933926,0.0
3.41,1.3718085155415893,1.3718085155415893,0.0
3.42,1.3234122230299166,1.3234122230299166,0.0
3.43,1.2228866192712005,1.2228866192712005,0.0
3.44,1.350706805871264,1.350706805871264,0.0
3.45,1.216122564261892,1.216122564261892,0.0
3.46,1.2937408086003486,1.2937408086003486,0.0
3.47,1.3104806681249332,1.3104806681249332,0.0
3.48,1.3307685886127887,1.3307685886127887,0.0
3.49,1.2249776506593772,1.2249776506593772,0.0
3.5,1.2417316026572705,1.2417316026572705,0.0
3.5100000000000002,1.1802079295323793,1.1802079295323793,0.0
3.52,1.3166203771395208,1.3166203771395208,0.0
3.5300000000000002,1.1715803215733065,1.1715803215733065,0.0
3.54,1.154930030105915,1.154930030105915,0.0
3.5500000000000003,1.1374751473588511,1.1374751473588511,0.0
3.56,1.1748821284608042,1.1748821284608042,0.0
3.5700000000000003,1.1690705758513784,1.1690705758513784,0.0
3.58,1.1878249799274019,1.1878249799274019,0.0
3.59,1.0913960850602775,1.0913960850602775,0.0
3.6,1.0383989722309912,1.0383989722309912,0.0
3.61,1.014800341025857,1.014800341025857,0.0
3.62,0.9894121260192281,0.9894121260192281,0.0
3.63,1.0600306459591171,1.0600306459591171,0.0
3.64,1.0573753476362753,1.0573753476362753,0.0
3.65,1.0359529034215196,1.0359529034215196,0.0
3.66,0.9851598841206537,0.9851598841206537,0.0
3.67,0.9453264010278954,0.9453264010278954,0.0
3.68,0.9461820062629266,0.9461820062629266,0.0
3.69,0.9686488177767905,0.9686488177767905,0.0
3.7,0.9249565017329622,0.9249565017329622,0.0
3.71,0.8405231577345889,0.8405231577345889,0.0
3.72,0.8157704746786056,0.8157704746786056,0.0
3.73,0.8152714822357017,0.8152714822357017,0.0
3.74,0.8283495608636887,0.8283495608636887,0.0
3.75,0.7878438899211284,0.7878438899211284,0.0
3.7600000000000002,0.7877228941032672,0.7877228941032672,0.0
3.77,0.7222936830409121,0.7222936830409121,0.0
3.7800000000000002,0.659485490584192,0.659485490584192,0.0
3.79,0.7812192311368886,0.7812192311368886,0.0
3.8000000000000003,0.6952751412214173,0.6952751412214173,0.0
3.81,0.6051150187851226,0.6051150187851226,0.0
3.8200000000000003,0.581950096981124,0.581950096981124,0.0
3.83,0.5419426010795997,0.5419426010795997,0.0
3.84,0.5444777496793772,0.5444777496793772,0.0
3.85,0.45865050673167734,0.45865050673167734,0.0
3.86,0.46184513373288216,0.46184513373288216,0.0
3.87,0.46977703219264855,0.46977703219264855,0.0
3.88,0.512269624860404,0.512269624860404,0.0
3.89,0.5192619252729169,0.5192619252729169,0.0
3.9,0.4018631820387746,0.4018631820387746,0.0
3.91,0.4367173314017198,0.4367173314017198,0.0
3.92,0.3284923402981589,0.3284923402981589,0.0
3.93,0.4087930981539669,0.4087930981539669,0.0
3.94,0.368074951266097,0.368074951266097,0.0
3.95,0.35148729027546877,0.35148729027546877,0.0
3.96,0.2953444495307254,0.2953444495307254,0.0
3.97,0.3029271608028704,0.3029271608028704,0.0
3.98,0.2359035035121833,0.2359035035121833,0.0
3.99,0.2887219085671467,0.2887219085671467,0.0
4.0,0.29383014219404313,0.29383014219404313,0.0
4.01,0.27086232421175394,0.27086232421175394,0.0
4.0200000000000005,0.2072153718021933,0.2072153718021933,0.0
4.03,0.23152498138197908,0.23152498138197908,0.0
4.04,0.051213391424367205,0.051213391424367205,0.0
4.05,0.1708488875112394,0.1708488875112394,0.0
4.0600000000000005,0.19297420186874448,0.19297420186874448,0.0
4.07,0.17663952562074448,0.17663952562074448,0.0
4.08,0.09751784638493832,0.09751784638493832,0.0
4.09,0.15031596354519283,0.15031596354519283,0.0
4.1,0.07039055523713456,0.07039055523713456,0.0
4.11,-0.0016223577506373488,-0.0016223577506373488,0.0
4.12,-0.004423669403141317,-0.004423669403141317,0.0
4.13,-0.06695216766756784,-0.06695216766756784,0.0
4.14,-0.01982751915781522,-0.01982751915781522,0.0
4.15,-0.028130216134814257,-0.028130216134814257,0.0
4.16,-0.06013990861659968,-0.06013990861659968,0.0
4.17,-0.036904622733695436,-0.036904622733695436,0.0
4.18,-0.012709437843210769,-0.012709437843210769,0.0
4.19,-0.14900424163727422,-0.14900424163727422,0.0
4.2,-0.11917633601613964,-0.11917633601613964,0.0
4.21,-0.0892582762439702,-0.0892582762439702,0.0
4.22,-0.12684115623287506,-0.12684115623287506,0.0
4.23,-0.0707789613569576,-0.0707789613569576,0.0
4.24,-0.13544609504154326,-0.13544609504154326,0.0
4.25,-0.16142922652307334,-0.16142922652307334,0.0
4.26,-0.14899431617050585,-0.14899431617050585,0.0
4.2700000000000005,-0.18279527091305015,-0.18279527091305015,0.0
4.28,-0.13091003069114038,-0.13091003069114038,0.0
4.29,-0.1425372021829142,-0.1425372021829142,0.0
4.3,-0.2783805338123515,-0.2783805338123515,0.0
4.3100000000000005,-0.10440739006597899,-0.10440739006597899,0.0
4.32,-0.14602720524501256,-0.14602720524501256,0.0
4.33,-0.20814063679587858,-0.20814063679587858,0.0
4.34,-0.206130441729646,-0.206130441729646,0.0
4.3500000000000005,-0.14264370304232044,-0.14264370304232044,0.0
4.36,-0.0925430016533455,-0.0925430016533455,0.0
4.37,-0.19657620825265065,-0.19657620825265065,0.0
4.38,-0.3007745609762462,-0.3007745609762462,0.0
4.39,-0.27628759488329335,-0.27628759488329335,0.0
4.4,-0.08685789227909524,-0.08685789227909524,0.0
4.41,-0.18816323532240553,-0.18816323532240553,0.0
4.42,-0.31425122042870846,-0.31425122042870846,0.0
4.43,-0.1297429850042061,-0.1297429850042061,0.0
4.44,-0.18400529683134526,-0.18400529683134526,0.0
4.45,-0.18000499222741384,-0.18000499222741384,0.0
4.46,-0.09577627473805128,-0.09577627473805128,0.0
4.47,-0.15488233623528946,-0.15488233623528946,0.0
4.48,-0.14317282831561262,-0.14317282831561262,0.0
4.49,-0.14567888316832733,-0.14567888316832733,0.0
4.5,-0.1003704136035769,-0.1003704136035769,0.0
4.51,-0.04678776244024141,-0.04678776244024141,0.0
4.5200000000000005,-0.05970567355508749,-0.05970567355508749,0.0
4.53,-0.07514484763882423,-0.07514484763882423,0.0
4.54,0.04496983811313071,0.04496983811313071,0.0
4.55,-0.0369542219445374,-0.0369542219445374,0.0
4.5600000000000005,0.046727206606451355,0.046727206606451355,0.0
4.57,-0.005923152054669145,-0.005923152054669145,0.0
4.58,0.0029568915958552155,0.0029568915958552155,0.0
4.59,0.02529224277219505,0.02529224277219505,0.0
4.6000000000000005,-0.042661602315474445,-0.042661602315474445,0.0
4.61,0.021608642497169428,0.021608642497169428,0.0
4.62,0.09570741816741629,0.09570741816741629,0.0
4.63,0.04796653645671378,0.04796653645671378,0.0
4.64,0.05985935669694098,0.05985935669694098,0.0
4.65,0.06285785988003623,0.06285785988003623,0.0
4.66,0.11405560550010674,0.11405560550010674,0.0
4.67,0.11351978953142605,0.11351978953142605,0.0
4.68,0.18813613968057008,0.18813613968057008,0.0
4.69,0.25475558995949305,0.25475558995949305,0.0
4.7,0.16096393881334292,0.16096393881334292,0.0
4.71,0.17960478288574172,0.17960478288574172,0.0
4.72,0.19319106954949766,0.19319106954949766,0.0
4.73,0.22950177981894765,0.22950177981894765,0.0
4.74,0.24233428788531136,0.24233428788531136,0.0
4.75,0.251023200375283,0.251023200375283,0.0
4.76,0.2667137592755674,0.2667137592755674,0.0
4.7700000000000005,0.3521497651256001,0.3521497651256001,0.0
4.78,0.39575766467099094,0.39575766467099094,0.0
4.79,0.3592968249201913,0.3592968249201913,0.0
4.8,0.32619485591645403,0.32619485591645403,0.0
4.8100000000000005,0.44038246348651794,0.44038246348651794,0.0
4.82,0.43608478968086334,0.43608478968086334,0.0
4.83,0.40147679502156386,0.40147679502156386,0.0
4.84,0.4385578940086298,0.4385578940086298,0.0
4.8500000000000005,0.3502666745133546,0.3502666745133546,0.0
4.86,0.4825567607183896,0.4825567607183896,0.0
4.87,0.4723258180781118,0.4723258180781118,0.0
4.88,0.5424577189455357,0.5424577189455357,0.0
4.89,0.6097400053537376,0.6097400053537376,0.0
4.9,0.6207639322288077,0.6207639322288077,0.0
4.91,0.6258048334257857,0.6258048334257857,0.0
4.92,0.5726328116104685,0.5726328116104685,0.0
4.93,0.6645702748649858,0.6645702748649858,0.0
4.94,0.6523451117608363,0.6523451117608363,0.0
4.95,0.6685032374520963,0.6685032374520963,0.0
4.96,0.6087954636304443,0.6087954636304443,0.0
4.97,0.6878197594431921,0.6878197594431921,0.0
4.98,0.7178299283717281,0.7178299283717281,0.0
4.99,0.7607578325640727,0.7607578325640727,0.0
5.0,0.6930585882743461,0.6930585882743461,0.0
5.01,0.6494124308893978,0.6494124308893978,0.0
5.0200000000000005,0.6610091711952142,0.6610091711952142,0.0
5.03,0.7424544963768969,0.7424544963768969,0.0
5.04,0.6981778703647645,0.6981778703647645,0.0
5.05,0.6781616758470017,0.6781616758470017,0.0
5.0600000000000005,0.7813787155154537,0.7813787155154537,0.0
5.07,0.7955068307115325,0.7955068307115325,0.0
5.08,0.8442771007938615,0.8442771007938615,0.0
5.09,0.8322417682677266,0.8322417682677266,0.0
5.1000000000000005,0.8614197011987133,0.8614197011987133,0.0
5.11,0.8480539934451106,0.8480539934451106,0.0
5.12,0.8826315200386341,0.8826315200386341,0.0
5.13,0.8055751198166677,0.8055751198166677,0.0
5.14,0.8740647451788613,0.8740647451788613,0.0
5.15,0.6624777995652182,0.6624777995652182,0.0
5.16,0.7369268568869275,0.7369268568869275,0.0
5.17,0.718861682746358,0.718861682746358,0.0
5.18,0.7053949375719847,0.7053949375719847,0.0
5.19,0.8319443281814746,0.8319443281814746,0.0
5.2,0.8711866157699013,0.8711866157699013,0.0
5.21,0.8067827377393644,0.8067827377393644,0.0
5.22,0.7812015379605243,0.7812015379605243,0.0
5.23,0.8737736099015808,0.8737736099015808,0.0
5.24,0.7499394586240805,0.7499394586240805,0.0
5.25,0.7527104185320908,0.7527104185320908,0.0
5.26,0.7539405764233641,0.7539405764233641,0.0
5.2700000000000005,0.7452827887890885,0.7452827887890885,0.0
5.28,0.698712261924009,0.698712261924009,0.0
5.29,0.7199599542423455,0.7199599542423455,0.0
5.3,0.8008174354669492,0.8008174354669492,0.0
5.3100000000000005,0.7333292573409742,0.7333292573409742,0.0
5.32,0.6844123339222647,0.6844123339222647,0.0
5.33,0.6204032420398295,0.6204032420398295,0.0
5.34,0.7153261781173686,0.7153261781173686,0.0
5.3500000000000005,0.6081030079710067,0.6081030079710067,0.0
5.36,0.6841672190664156,0.6841672190664156,0.0
5.37,0.6514787154964856,0.6514787154964856,0.0
5.38,0.6233302377585296,0.6233302377585296,0.0
5.39,0.5875611585935158,0.5875611585935158,0.0
5.4,0.6364863074849374,0.6364863074849374,0.0
5.41,0.5535291414525693,0.5535291414525693,0.0
5.42,0.5505677202818763,0.5505677202818763,0.0
5.43,0.5260018118537032,0.5260018118537032,0.0
5.44,0.4517490351038639,0.4517490351038639,0.0
5.45,0.4349223947812963,0.4349223947812963,0.0
5.46,0.4501568698925436,0.4501568698925436,0.0
5.47,0.4275473043519009,0.4275473043519009,0.0
5.48,0.2850437040680459,0.2850437040680459,0.0
5.49,0.3167968884367236,0.3167968884367236,0.0
5.5,0.28539083931518805,0.28539083931518805,0.0
5.51,0.334565491898047,0.334565491898047,0.0
5.5200000000000005,0.250934755339438,0.250934755339438,0.0
5.53,0.2734092527122375,0.2734092527122375,0.0
5.54,0.13965541026695405,0.13965541026695405,0.0
5.55,0.2237628140757378,0.2237628140757378,0.0
5.5600000000000005,0.23745074558621568,0.23745074558621568,0.0
5.57,0.11908331735415789,0.11908331735415789,0.0
5.58,0.006357565110638508,0.006357565110638508,0.0
5.59,0.13713220586284058,0.13713220586284058,0.0
5.6000000000000005,-0.03541138970579,-0.03541138970579,0.0
5.61,0.061058610614705106,0.061058610614705106,0.0
5.62,-0.10788903189463195,-0.10788903189463195,0.0
5.63,-0.11365006553134875,-0.11365006553134875,0.0
5.64,-0.04545983304335126,-0.04545983304335126,0.0
5.65,-0.15619860283573622,-0.15619860283573622,0.0
5.66,-0.16840081959675146,-0.16840081959675146,0.0
5.67,-0.12948560627808145,-0.12948560627808145,0.0
5.68,-0.23862029789838402,-0.23862029789838402,0.0
5.69,-0.24476237491109662,-0.24476237491109662,0.0
5.7,-0.3271370695336052,-0.3271370695336052,0.0
5.71,-0.30597020129291697,-0.30597020129291697,0.0
5.72,-0.321400228295151,-0.321400228295151,0.0
5.73,-0.42105489060281825,-0.42105489060281825,0.0
5.74,-0.37949902729473617,-0.37949902729473617,0.0
5.75,-0.5049603129805387,-0.5049603129805387,0.0
5.76,-0.410209332981346,-0.410209332981346,0.0
5.7700000000000005,-0.4564796911062362,-0.4564796911062362,0.0
5.78,-0.39792562115766517,-0.39792562115766517,0.0
5.79,-0.5128293275324461,-0.5128293275324461,0.0
5.8,-0.5186950486125481,-0.5186950486125481,0.0
5.8100000000000005,-0.6078564128253078,-0.6078564128253078,0.0
5.82,-0.5457788968175118,-0.5457788968175118,0.0
5.83,-0.6388022944563466,-0.6388022944563466,0.0
5.84,-0.644456241804962,-0.644456241804962,0.0
5.8500000000000005,-0.6061743313952581,-0.6061743313952581,0.0
5.86,-0.6339312050205957,-0.6339312050205957,0.0
5.87,-0.7895445366911189,-0.7895445366911189,0.0
5.88,-0.7370285892057726,-0.7370285892057726,0.0
5.89,-0.7060662046691295,-0.7060662046691295,0.0
5.9,-0.7586042392594339,-0.7586042392594339,0.0
5.91,-0.6954872871030318,-0.6954872871030318,0.0
5.92,-0.8302194362043791,-0.8302194362043791,0.0
5.93,-0.7430548571086255,-0.7430548571086255,0.0
5.94,-0.7760172520697981,-0.7760172520697981,0.0
5.95,-0.8508900324658161,-0.8508900324658161,0.0
5.96,-0.8234271090512646,-0.8234271090512646,0.0
5.97,-0.8262756379275076,-0.8262756379275076,0.0
5.98,-0.907886645995089,-0.907886645995089,0.0
5.99,-0.911596702533993,-0.911596702533993,0.0
6.0,-0.8014139706451842,-0.8014139706451842,0.0
6.01,-0.7958185057277141,-0.7958185057277141,0.0
6.0200000000000005,-0.8892431650225028,-0.8892431650225028,0.0
6.03,-0.9277201404711926,-0.9277201404711926,0.0
6.04,-0.8642213015400585,-0.8642213015400585,0.0
6.05,-0.9452789354513706,-0.9452789354513706,0.0
6.0600000000000005,-0.8630305586687863,-0.8630305586687863,0.0
6.07,-0.8430755051533477,-0.8430755051533477,0.0
6.08,-0.9071088632346923,-0.9071088632346923,0.0
6.09,-0.8314194328283031,-0.8314194328283031,0.0
6.1000000000000005,-0.8701523805600136,-0.8701523805600136,0.0
6.11,-0.8896308877355822,-0.8896308877355822,0.0
6.12,-0.7595888835037096,-0.7595888835037096,0.0
6.13,-0.6707153537870111,-0.6707153537870111,0.0
6.140000000000001,-0.7840982932091258,-0.7840982932091258,0.0
6.15,-0.8319502447286313,-0.8319502447286313,0.0
6.16,-0.824174822964643,-0.824174822964643,0.0
6.17,-0.7137070724415427,-0.7137070724415427,0.0
6.18,-0.6849759254571114,-0.6849759254571114,0.0
6.19,-0.6407769117145726,-0.6407769117145726,0.0
6.2,-0.6576123189064002,-0.6576123189064002,0.0
6.21,-0.7708770079046898,-0.7708770079046898,0.0
6.22,-0.6722157448780729,-0.6722157448780729,0.0
6.23,-0.6810464059158585,-0.6810464059158585,0.0
6.24,-0.5999548147556688,-0.5999548147556688,0.0
6.25,-0.5446012653905208,-0.5446012653905208,0.0
6.26,-0.5034907831522019,-0.5034907831522019,0.0
6.2700000000000005,-0.6032193300514115,-0.6032193300514115,0.0
6.28,-0.5440468565463108,-0.5440468565463108,0.0
6.29,-0.45546468284126573,-0.45546468284126573,0.0
6.3,-0.4903893342285538,-0.4903893342285538,0.0
6.3100000000000005,-0.44260146063109723,-0.44260146063109723,0.0
6.32,-0.3609314120510114,-0.3609314120510114,0.0
6.33,-0.29134028423932545,-0.29134028423932545,0.0
6.34,-0.24968662186796553,-0.24968662186796553,0.0
6.3500000000000005,-0.31023218242803374,-0.31023218242803374,0.0
6.36,-0.253490755503635,-0.253490755503635,0.0
6.37,-0.24012944269411624,-0.24012944269411624,0.0
6.38,-0.0990061525133733,-0.0990061525133733,0.0
6.390000000000001,-0.13986750905849304,-0.13986750905849304,0.0
6.4,-0.0582715672038267,-0.0582715672038267,0.0
6.41,-0.12197260680378576,-0.12197260680378576,0.0
6.42,-0.06217836742519702,-0.06217836742519702,0.0
6.43,-0.1706854448361883,-0.1706854448361883,0.0
6.44,-0.04759885525314302,-0.04759885525314302,0.0
6.45,0.0683509230135681,0.0683509230135681,0.0
6.46,0.13986638581993652,0.13986638581993652,0.0
6.47,0.06142923652214272,0.06142923652214272,0.0
6.48,0.16285197670302082,0.16285197670302082,0.0
6.49,0.15631609302618132,0.15631609302618132,0.0
6.5,0.21561948540823367,0.21561948540823367,0.0
6.51,0.15373515750567152,0.15373515750567152,0.0
6.5200000000000005,0.3134898813887609,0.3134898813887609,0.0
6.53,0.3078957289832235,0.3078957289832235,0.0
6.54,0.29761712575294774,0.29761712575294774,0.0
6.55,0.36746510377166375,0.36746510377166375,0.0
6.5600000000000005,0.4044268659241211,0.4044268659241211,0.0
6.57,0.37916807975124284,0.37916807975124284,0.0
6.58,0.5074095852339832,0.5074095852339832,0.0
6.59,0.505285175000312,0.505285175000312,0.0
6.6000000000000005,0.5737199117980024,0.5737199117980024,0.0
6.61,0.6001970078364243,0.6001970078364243,0.0
6.62,0.6422352224206844,0.6422352224206844,0.0
6.63,0.6109407679758349,0.6109407679758349,0.0
6.640000000000001,0.7560240463791814,0.7560240463791814,0.0
6.65,0.6806283204157908,0.6806283204157908,0.0
6.66,0.7804885108257844,0.7804885108257844,0.0
6.67,0.7153832296520894,0.7153832296520894,0.0
6.68,0.777628903219631,0.777628903219631,0.0
6.69,0.7586273624351225,0.7586273624351225,0.0
6.7,0.8356286699997284,0.8356286699997284,0.0
6.71,0.8294854696122641,0.8294854696122641,0.0
6.72,0.8122551149151377,0.8122551149151377,0.0
6.73,0.8501190826832947,0.8501190826832947,0.0
6.74,0.8898237288574009,0.8898237288574009,0.0
6.75,0.898532344003335,0.898532344003335,0.0
6.76,0.9258187425152755,0.9258187425152755,0.0
6.7700000000000005,0.8562938841001485,0.8562938841001485,0.0
6.78,0.8449812609094884,0.8449812609094884,0.0
6.79,0.9278712749264191,0.9278712749264191,0.0
6.8,0.9445982089743382,0.9445982089743382,0.0
6.8100000000000005,0.9499337917617683,0.9499337917617683,0.0
6.82,0.9359437592863278,0.9359437592863278,0.0
6.83,0.9124694351121538,0.9124694351121538,0.0
6.84,0.883292706615699,0.883292706615699,0.0
6.8500000000000005,0.9070000208581434,0.9070000208581434,0.0
6.86,0.9059233950529044,0.9059233950529044,0.0
6.87,0.9112892556138323,0.9112892556138323,0.0
6.88,0.9293683216382602,0.9293683216382602,0.0
6.890000000000001,0.8396223456035936,0.8396223456035936,0.0
6.9,0.8407297261373476,0.8407297261373476,0.0
6.91,0.8737107744580566,0.8737107744580566,0.0
6.92,0.7801329038188706,0.7801329038188706,0.0
6.93,0.8470139095016146,0.8470139095016146,0.0
6.94,0.8834115987429647,0.8834115987429647,0.0
6.95,0.8420268495057641,0.8420268495057641,0.0
6.96,0.7696964924117324,0.7696964924117324,0.0
6.97,0.7879120504532033,0.7879120504532033,0.0
6.98,0.8140342246896255,0.8140342246896255,0.0
6.99,0.7592814655190676,0.7592814655190676,0.0
7.0,0.762557015760263,0.762557015760263,0.0
7.01,0.6846453878094376,0.6846453878094376,0.0
7.0200000000000005,0.6581813127209316,0.6581813127209316,0.0
7.03,0.6736449636459809,0.6736449636459809,0.0
7.04,0.5521563980378941,0.5521563980378941,0.0
7.05,0.5908802451565212,0.5908802451565212,0.0
7.0600000000000005,0.6404277414191264,0.6404277414191264,0.0
7.07,0.4935922984996169,0.4935922984996169,0.0
7.08,0.5291348648957659,0.5291348648957659,0.0
7.09,0.5296067572737339,0.5296067572737339,0.0
7.1000000000000005,0.4701630776049719,0.4701630776049719,0.0
7.11,0.3354557291255465,0.3354557291255465,0.0
7.12,0.3276859078609985,0.3276859078609985,0.0
7.13,0.3125222654498347,0.3125222654498347,0.0
7.140000000000001,0.23169080667329928,0.23169080667329928,0.0
7.15,0.18392464137347048,0.18392464137347048,0.0
7.16,0.19163080357536702,0.19163080357536702,0.0
7.17,0.21911252912109566,0.21911252912109566,0.0
7.18,0.16147942829909634,0.16147942829909634,0.0
7.19,0.0318479280677407,0.0318479280677407,0.0
7.2,0.09151348229283572,0.09151348229283572,0.0
7.21,0.055004315454973,0.055004315454973,0.0
7.22,0.03393816472545047,0.03393816472545047,0.0
7.23,-0.11048545219691415,-0.11048545219691415,0.0
7.24,-0.1602809314744576,-0.1602809314744576,0.0
7.25,-0.1621896460399191,-0.1621896460399191,0.0
7.26,-0.2649555326306784,-0.2649555326306784,0.0
7.2700000000000005,-0.2319550132342838,-0.2319550132342838,0.0
7.28,-0.23874861431902966,-0.23874861431902966,0.0
7.29,-0.3493179755379649,-0.3493179755379649,0.0
7.3,-0.2536422434917464,-0.2536422434917464,0.0
7.3100000000000005,-0.37380282590936154,-0.37380282590936154,0.0
7.32,-0.36463985385307557,-0.36463985385307557,0.0
7.33,-0.5450204571261494,-0.5450204571261494,0.0
7.34,-0.43125994400310924,-0.43125994400310924,0.0
7.3500000000000005,-0.4642044460501927,-0.4642044460501927,0.0
7.36,-0.5392906180283974,-0.5392906180283974,0.0
7.37,-0.623002237833681,-0.623002237833681,0.0
7.38,-0.6235623563428734,-0.6235623563428734,0.0
7.390000000000001,-0.646343477511078,-0.646343477511078,0.0
7.4,-0.582839243778823,-0.582839243778823,0.0
7.41,-0.731907765293726,-0.731907765293726,0.0
7.42,-0.7069022256016098,-0.7069022256016098,0.0
7.43,-0.7891289923977207,-0.7891289923977207,0.0
7.44,-0.7780351542538686,-0.7780351542538686,0.0
7.45,-0.7923017887599603,-0.7923017887599603,0.0
7.46,-0.8139342982827475,-0.8139342982827475,0.0
7.47,-0.8835336301768255,-0.8835336301768255,0.0
7.48,-0.8110211507518754,-0.8110211507518754,0.0
7.49,-0.9007183273082873,-0.9007183273082873,0.0
7.5,-0.8378166530839213,-0.8378166530839213,0.0
7.51,-0.8454081115790602,-0.8454081115790602,0.0
7.5200000000000005,-0.883339538080929,-0.883339538080929,0.0
7.53,-0.9523521956269829,-0.9523521956269829,0.0
7.54,-0.8947298255652134,-0.8947298255652134,0.0
7.55,-0.9372807219823647,-0.9372807219823647,0.0
7.5600000000000005,-0.9201401042315129,-0.9201401042315129,0.0
7.57,-0.9634071368855727,-0.9634071368855727,0.0
7.58,-0.891275064488048,-0.891275064488048,0.0
7.59,-0.9317985590782484,-0.9317985590782484,0.0
7.6000000000000005,-0.9387970843700616,-0.9387970843700616,0.0
7.61,-1.035693725685566,-1.035693725685566,0.0
7.62,-0.9945038461819196,-0.9945038461819196,0.0
7.63,-1.031825298577342,-1.031825298577342,0.0
7.640000000000001,-0.9263468583866973,-0.9263468583866973,0.0
7.65,-0.8618518277551552,-0.8618518277551552,0.0
7.66,-0.9255545301938423,-0.9255545301938423,0.0
7.67,-0.8544967446622691,-0.8544967446622691,0.0
7.68,-0.9251104756490585,-0.9251104756490585,0.0
7.69,-0.8368546451295257,-0.8368546451295257,0.0
7.7,-0.8402605918426453,-0.8402605918426453,0.0
7.71,-0.8099159553937123,-0.8099159553937123,0.0
7.72,-0.8610492676486833,-0.8610492676486833,0.0
7.73,-0.7279346930034534,-0.7279346930034534,0.0
7.74,-0.7138042851052254,-0.7138042851052254,0.0
7.75,-0.7150131351999156,-0.7150131351999156,0.0
7.76,-0.8467826622286301,-0.8467826622286301,0.0
7.7700000000000005,-0.696392369653448,-0.696392369653448,0.0
7.78,-0.6655715845677455,-0.6655715845677455,0.0
7.79,-0.6532138423559676,-0.6532138423559676,0.0
7.8,-0.5769526243196299,-0.5769526243196299,0.0
7.8100000000000005,-0.6586623377304031,-0.6586623377304031,0.0
7.82,-0.6229648966864684,-0.6229648966864684,0.0
7.83,-0.5209116214159519,-0.5209116214159519,0.0
7.84,-0.590290323094847,-0.590290323094847,0.0
7.8500000000000005,-0.4501524774833233,-0.4501524774833233,0.0
7.86,-0.4720227519713195,-0.4720227519713195,0.0
7.87,-0.3980958318348124,-0.3980958318348124,0.0
7.88,-0.3512427858098408,-0.3512427858098408,0.0
7.890000000000001,-0.3474929193263511,-0.3474929193263511,0.0
7.9,-0.34903901865478215,-0.34903901865478215,0.0
7.91,-0.28387977766293626,-0.28387977766293626,0.0
7.92,-0.17824087045689302,-0.17824087045689302,0.0
7.930000000000001,-0.15532191779249163,-0.15532191779249163,0.0
7.94,-0.25970480480450736,-0.25970480480450736,0.0
7.95,-0.13548960525961562,-0.13548960525961562,0.0
7.96,-0.07059330967164429,-0.07059330967164429,0.0
7.97,-0.08600207115620012,-0.08600207115620012,0.0
7.98,-0.019256802242068327,-0.019256802242068327,0.0
7.99,-0.09619324242349442,-0.09619324242349442,0.0
8.0,-0.03859266634447189,-0.03859266634447189,0.0
8.01,-0.005472460969483839,-0.005472460969483839,0.0
8.02,0.0017974283543474856,0.0017974283543474856,0.0
8.03,0.09771170264367923,0.09771170264367923,0.0
8.040000000000001,0.044264238439506776,0.044264238439506776,0.0
8.05,0.01412619740256793,0.01412619740256793,0.0
8.06,0.13571178417929275,0.13571178417929275,0.0
8.07,0.028873090135866586,0.028873090135866586,0.0
8.08,0.06944297258535537,0.06944297258535537,0.0
8.09,0.13198965821911102,0.13198965821911102,0.0
8.1,0.2076152506478826,0.2076152506478826,0.0
8.11,0.07532403144292887,0.07532403144292887,0.0
8.120000000000001,0.21509182364390667,0.21509182364390667,0.0
8.13,0.25199832012799334,0.25199832012799334,0.0
8.14,0.16017100640520465,0.16017100640520465,0.0
8.15,0.25859290897948695,0.25859290897948695,0.0
8.16,0.19292838287980507,0.19292838287980507,0.0
8.17,0.16986560172263832,0.16986560172263832,0.0
8.18,0.16029489394632201,0.16029489394632201,0.0
8.19,0.18424959864581358,0.18424959864581358,0.0
8.2,0.20483578848776318,0.20483578848776318,0.0
8.21,0.3087883570754478,0.3087883570754478,0.0
8.22,0.16798795084012752,0.16798795084012752,0.0
8.23,0.21447704768953668,0.21447704768953668,0.0
8.24,0.10597845097338077,0.10597845097338077,0.0
8.25,0.1561916478208294,0.1561916478208294,0.0
8.26,0.16033610338263993,0.16033610338263993,0.0
8.27,0.10661550264968112,0.10661550264968112,0.0
8.28,0.07917308716445748,0.07917308716445748,0.0
8.290000000000001,0.1769687645313287,0.1769687645313287,0.0
8.3,-0.013298422651054409,-0.013298422651054409,0.0
8.31,0.04042907854536004,0.04042907854536004,0.0
8.32,0.02031097597046716,0.02031097597046716,0.0
8.33,0.06415471654409033,0.06415471654409033,0.0
8.34,-0.013778744621573913,-0.013778744621573913,0.0
8.35,-0.038329014132281625,-0.038329014132281625,0.0
8.36,-0.20757923215130525,-0.20757923215130525,0.0
8.370000000000001,-0.11537162277887625,-0.11537162277887625,0.0
8.38,-0.1427093428867947,-0.1427093428867947,0.0
8.39,-0.23487369708457784,-0.23487369708457784,0.0
8.4,-0.2677643012494894,-0.2677643012494894,0.0
8.41,-0.22416368821645583,-0.22416368821645583,0.0
8.42,-0.21163440920564502,-0.21163440920564502,0.0
8.43,-0.3513871059017849,-0.3513871059017849,0.0
8.44,-0.42190332975732264,-0.42190332975732264,0.0
8.45,-0.40835603276455706,-0.40835603276455706,0.0
8.46,-0.5223651649118217,-0.5223651649118217,0.0
8.47,-0.4348202053512341,-0.4348202053512341,0.0
8.48,-0.6044058322923844,-0.6044058322923844,0.0
8.49,-0.6048717032391627,-0.6048717032391627,0.0
8.5,-0.5800075093969264,-0.5800075093969264,0.0
8.51,-0.6998525142703654,-0.6998525142703654,0.0
8.52,-0.6797805470080746,-0.6797805470080746,0.0
8.53,-0.7699986794765032,-0.7699986794765032,0.0
8.540000000000001,-0.7656364236457466,-0.7656364236457466,0.0
8.55,-0.8538262349253212,-0.8538262349253212,0.0
8.56,-0.8047223655774918,-0.8047223655774918,0.0
8.57,-0.9528764497209743,-0.9528764497209743,0.0
8.58,-0.9344064358164824,-0.9344064358164824,0.0
8.59,-0.9759882730744458,-0.9759882730744458,0.0
8.6,-0.9699686760527512,-0.9699686760527512,0.0
8.61,-1.099023854362192,-1.099023854362192,0.0
8.620000000000001,-1.1184424725580095,-1.1184424725580095,0.0
8.63,-1.140781701406454,-1.140781701406454,0.0
8.64,-1.117929639645608,-1.117929639645608,0.0
8.65,-1.2672872843112466,-1.2672872843112466,0.0
8.66,-1.2385926343089257,-1.2385926343089257,0.0
8.67,-1.2956518520287839,-1.2956518520287839,0.0
8.68,-1.4112748144451785,-1.4112748144451785,0.0
8.69,-1.3798078449088687,-1.3798078449088687,0.0
8.700000000000001,-1.3757651913755042,-1.3757651913755042,0.0
8.71,-1.4828859169910453,-1.4828859169910453,0.0
8.72,-1.3785936821745879,-1.3785936821745879,0.0
8.73,-1.4475370551891085,-1.4475370551891085,0.0
8.74,-1.4415008935179987,-1.4415008935179987,0.0
8.75,-1.5445467653741707,-1.5445467653741707,0.0
8.76,-1.4565845940348163,-1.4565845940348163,0.0
8.77,-1.5612198089022382,-1.5612198089022382,0.0
8.78,-1.505543297234103,-1.505543297234103,0.0
8.790000000000001,-1.5452256887994982,-1.5452256887994982,0.0
8.8,-1.4050526571342157,-1.4050526571342157,0.0
8.81,-1.4914128779332534,-1.4914128779332534,0.0
8.82,-1.5213206183416865,-1.5213206183416865,0.0
8.83,-1.5473118980961758,-1.5473118980961758,0.0
8.84,-1.5304014903711969,-1.5304014903711969,0.0
8.85,-1.528004449873532,-1.528004449873532,0.0
8.86,-1.4810258323192813,-1.4810258323192813,0.0
8.870000000000001,-1.5024414586257548,-1.5024414586257548,0.0
8.88,-1.544261392494871,-1.544261392494871,0.0
8.89,-1.4811275426117008,-1.4811275426117008,0.0
8.9,-1.4856877261424306,-1.4856877261424306,0.0
8.91,-1.358936135825743,-1.358936135825743,0.0
8.92,-1.4357225673659224,-1.4357225673659224,0.0
8.93,-1.527231300383648,-1.527231300383648,0.0
8.94,-1.4739514142400554,-1.4739514142400554,0.0
8.950000000000001,-1.278345216740348,-1.278345216740348,0.0
8.96,-1.4474352252250444,-1.4474352252250444,0.0
8.97,-1.3294336761642267,-1.3294336761642267,0.0
8.98,-1.3961473588318178,-1.3961473588318178,0.0
8.99,-1.3008745049247596,-1.3008745049247596,0.0
9.0,-1.2976511189787951,-1.2976511189787951,0.0
9.01,-1.2187973503443743,-1.2187973503443743,0.0
9.02,-1.2222629407600074,-1.2222629407600074,0.0
9.03,-1.1420400973465645,-1.1420400973465645,0.0
9.040000000000001,-1.097817711078465,-1.097817711078465,0.0
9.05,-0.9652967962170758,-0.9652967962170758,0.0
9.06,-0.968461346535137,-0.968461346535137,0.0
9.07,-1.0352771875724867,-1.0352771875724867,0.0
9.08,-0.9636622202856097,-0.9636622202856097,0.0
9.09,-0.800292436003881,-0.800292436003881,0.0
9.1,-0.8734174289546784,-0.8734174289546784,0.0
9.11,-0.756890916655858,-0.756890916655858,0.0
9.120000000000001,-0.8259211648602256,-0.8259211648602256,0.0
9.13,-0.661713649631957,-0.661713649631957,0.0
9.14,-0.5820288429211204,-0.5820288429211204,0.0
9.15,-0.5603245989217567,-0.5603245989217567,0.0
9.16,-0.5542345848964527,-0.5542345848964527,0.0
9.17,-0.6527409623800648,-0.6527409623800648,0.0
9.18,-0.5507047058163316,-0.5507047058163316,0.0
9.19,-0.37110634605735626,-0.37110634605735626,0.0
9.200000000000001,-0.376787284290469,-0.376787284290469,0.0
9.21,-0.33225856546172866,-0.33225856546172866,0.0
9.22,-0.2436171416762241,-0.2436171416762241,0.0
9.23,-0.2381997401351763,-0.2381997401351763,0.0
9.24,-0.23136522174458585,-0.23136522174458585,0.0
9.25,-0.13373233761813674,-0.13373233761813674,0.0
9.26,-0.06358876274116021,-0.06358876274116021,0.0
9.27,-0.09401613427431643,-0.09401613427431643,0.0
9.28,-0.02852994495771244,-0.02852994495771244,0.0
9.290000000000001,-0.04601557340636342,-0.04601557340636342,0.0
9.3,-0.0563679610474227,-0.0563679610474227,0.0
9.31,0.08448129822289896,0.08448129822289896,0.0
9.32,0.021536374703507666,0.021536374703507666,0.0
9.33,0.11598024302439502,0.11598024302439502,0.0
9.34,0.23543073189823865,0.23543073189823865,0.0
9.35,0.1559810445296731,0.1559810445296731,0.0
9.36,0.18006316723117644,0.18006316723117644,0.0
9.370000000000001,0.19187040970120084,0.19187040970120084,0.0
9.38,0.19766624053193127,0.19766624053193127,0.0
9.39,0.2788669437273914,0.2788669437273914,0.0
9.4,0.35514810575981426,0.35514810575981426,0.0
9.41,0.25711564593028446,0.25711564593028446,0.0
9.42,0.34450226253692545,0.34450226253692545,0.0
9.43,0.30920798144330375,0.30920798144330375,0.0
9.44,0.3815186485663632,0.3815186485663632,0.0
9.450000000000001,0.35462321030293303,0.35462321030293303,0.0
9.46,0.35612136186362814,0.35612136186362814,0.0
9.47,0.29719968258583107,0.29719968258583107,0.0
9.48,0.2619683013691203,0.2619683013691203,0.0
9.49,0.3355195849557233,0.3355195849557233,0.0
9.5,0.25935515755471317,0.25935515755471317,0.0
9.51,0.29397625889708684,0.29397625889708684,0.0
9.52,0.23631262863764363,0.23631262863764363,0.0
9.53,0.2565375391486512,0.2565375391486512,0.0
9.540000000000001,0.11965404296619986,0.11965404296619986,0.0
9.55,0.22385561175930824,0.22385561175930824,0.0
9.56,0.1628667030034292,0.1628667030034292,0.0
9.57,0.17672625269285525,0.17672625269285525,0.0
9.58,0.20164115674119915,0.20164115674119915,0.0
9.59,0.1139368786526811,0.1139368786526811,0.0
9.6,0.14081592290611666,0.14081592290611666,0.0
9.61,0.03559339458675587,0.03559339458675587,0.0
9.620000000000001,0.09749560472388435,0.09749560472388435,0.0
9.63,0.016852571466637878,0.016852571466637878,0.0
9.64,-0.02087765986296819,-0.02087765986296819,0.0
9.65,-0.09353269467281472,-0.09353269467281472,0.0
9.66,-0.1344687383352891,-0.1344687383352891,0.0
9.67,-0.11054971812029035,-0.11054971812029035,0.0
9.68,-0.14377920731885907,-0.14377920731885907,0.0
9.69,-0.21457662992333978,-0.21457662992333978,0.0
9.700000000000001,-0.2784720023441627,-0.2784720023441627,0.0
9.71,-0.34100453273975984,-0.34100453273975984,0.0
9.72,-0.3119102919009159,-0.3119102919009159,0.0
9.73,-0.35750991018899253,-0.35750991018899253,0.0
9.74,-0.3657617742898233,-0.3657617742898233,0.0
9.75,-0.43448227210393087,-0.43448227210393087,0.0
9.76,-0.5113191251267877,-0.5113191251267877,0.0
9.77,-0.4921328844886546,-0.4921328844886546,0.0
9.78,-0.5252717412425847,-0.5252717412425847,0.0
9.790000000000001,-0.5642413575049446,-0.5642413575049446,0.0
9.8,-0.5817551467575444,-0.5817551467575444,0.0
9.81,-0.5627197216525301,-0.5627197216525301,0.0
9.82,-0.6908543819809967,-0.6908543819809967,0.0
9.83,-0.7059399598821974,-0.7059399598821974,0.0
9.84,-0.7259924438124701,-0.7259924438124701,0.0
9.85,-0.7696787778096928,-0.7696787778096928,0.0
9.86,-0.8564799316701756,-0.8564799316701756,0.0
9.870000000000001,-0.8793941304255575,-0.8793941304255575,0.0
9.88,-0.9804618258190154,-0.9804618258190154,0.0
9.89,-0.8192292121991469,-0.8192292121991469,0.0
9.9,-0.83693383482586,-0.83693383482586,0.0
9.91,-0.9378587045053266,-0.9378587045053266,0.0
9.92,-0.9888447157182736,-0.9888447157182736,0.0
9.93,-0.9648711504060002,-0.9648711504060002,0.0
9.94,-1.01192657013413,-1.01192657013413,0.0
9.950000000000001,-1.0168496656007298,-1.0168496656007298,0.0
9.96,-1.0112174015602096,-1.0112174015602096,0.0
9.97,-1.081645960111243,-1.081645960111243,0.0
9.98,-0.9967308580883278,-0.9967308580883278,0.0
9.99,-0.9618033534836119,-0.9618033534836119,0.0
10.0,-0.9613671788927497,-0.9613671788927497,0.0
10.01,-0.9661157805822331,-0.9661157805822331,0.0
10.02,-1.0076686750437736,-1.0076686750437736,0.0
10.03,-0.9286879571333099,-0.9286879571333099,0.0
10.040000000000001,-1.0167679755066477,-1.0167679755066477,0.0
10.05,-0.9878745869726497,-0.9878745869726497,0.0
10.06,-0.9343592691321847,-0.9343592691321847,0.0
10.07,-0.8575979342659686,-0.8575979342659686,0.0
10.08,-0.8708557156771842,-0.8708557156771842,0.0
10.09,-0.7763036194703976,-0.7763036194703976,0.0
10.1,-0.8152297248300712,-0.8152297248300712,0.0
10.11,-0.7319556758777575,-0.7319556758777575,0.0
10.120000000000001,-0.8921131559947086,-0.8921131559947086,0.0
10.13,-0.802221645626805,-0.802221645626805,0.0
10.14,-0.7462739093385763,-0.7462739093385763,0.0
10.15,-0.7815047937625171,-0.7815047937625171,0.0
10.16,-0.6154043818132394,-0.6154043818132394,0.0
10.17,-0.5863772611843121,-0.5863772611843121,0.0
10.18,-0.5525292718644582,-0.5525292718644582,0.0
10.19,-0.46882151865723815,-0.46882151865723815,0.0
10.200000000000001,-0.47272398124428966,-0.47272398124428966,0.0
10.21,-0.4225983502841454,-0.4225983502841454,0.0
10.22,-0.3908794047311482,-0.3908794047311482,0.0
10.23,-0.30145360687593387,-0.30145360687593387,0.0
10.24,-0.2696661658915304,-0.2696661658915304,0.0
10.25,-0.2577283757447626,-0.2577283757447626,0.0
10.26,-0.1974566671363188,-0.1974566671363188,0.0
10.27,-0.18586142208274792,-0.18586142208274792,0.0
10.28,-0.059674156069223314,-0.059674156069223314,0.0
10.290000000000001,-0.0013571908966507201,-0.0013571908966507201,0.0
10.3,-0.01880420920264285,-0.01880420920264285,0.0
10.31,-0.0233532062505038,-0.0233532062505038,0.0
10.32,-0.07026883667391629,-0.07026883667391629,0.0
10.33,0.04616916520270922,0.04616916520270922,0.0
10.34,0.17655478464467433,0.17655478464467433,0.0
10.35,0.2058268657750093,0.2058268657750093,0.0
10.36,0.20124784546529723,0.20124784546529723,0.0
10.370000000000001,0.31645191405142925,0.31645191405142925,0.0
10.38,0.2968179914175265,0.2968179914175265,0.0
10.39,0.34896402856242426,0.34896402856242426,0.0
10.4,0.36742588558318895,0.36742588558318895,0.0
10.41,0.42665885729824365,0.42665885729824365,0.0
10.42,0.38707910839891146,0.38707910839891146,0.0
10.43,0.5180901835598645,0.5180901835598645,0.0
10.44,0.49756366373190763,0.49756366373190763,0.0
10.450000000000001,0.578044947748681,0.578044947748681,0.0
10.46,0.5498046761060604,0.5498046761060604,0.0
10.47,0.590762208682956,0.590762208682956,0.0
10.48,0.5369510539062522,0.5369510539062522,0.0
10.49,0.5787173187662861,0.5787173187662861,0.0
10.5,0.5058610044057315,0.5058610044057315,0.0
10.51,0.6061668359170188,0.6061668359170188,0.0
10.52,0.6335390664906759,0.6335390664906759,0.0
10.53,0.5544673792411776,0.5544673792411776,0.0
10.540000000000001,0.6608384830773286,0.6608384830773286,0.0
10.55,0.5688129231115011,0.5688129231115011,0.0
10.56,0.47558845984561887,0.47558845984561887,0.0
10.57,0.6135921360305817,0.6135921360305817,0.0
10.58,0.5868604479432132,0.5868604479432132,0.0
10.59,0.6551696285995684,0.6551696285995684,0.0
10.6,0.6177120123263438,0.6177120123263438,0.0
10.61,0.44432404609189324,0.44432404609189324,0.0
10.620000000000001,0.43353304830488987,0.43353304830488987,0.0
10.63,0.5449675916242712,0.5449675916242712,0.0
10.64,0.31862063752643927,0.31862063752643927,0.0
10.65,0.4406235969413631,0.4406235969413631,0.0
10.66,0.3196788593647858,0.3196788593647858,0.0
10.67,0.4209639219132112,0.4209639219132112,0.0
10.68,0.37913277935289347,0.37913277935289347,0.0
10.69,0.3038336225288829,0.3038336225288829,0.0
10.700000000000001,0.1400511161098204,0.1400511161098204,0.0
10.71,0.13649719812467925,0.13649719812467925,0.0
10.72,0.14434953055447225,0.14434953055447225,0.0
10.73,0.18636102701890156,0.18636102701890156,0.0
10.74,0.07403256182157786,0.07403256182157786,0.0
10.75,0.042172751196091346,0.042172751196091346,0.0
10.76,0.08498605381379168,0.08498605381379168,0.0
10.77,0.0285052107830987,0.0285052107830987,0.0
10.78,-0.12173462705387439,-0.12173462705387439,0.0
10.790000000000001,-0.17295237127110447,-0.17295237127110447,0.0
10.8,-0.23250176900730973,-0.23250176900730973,0.0
10.81,-0.2992767755043787,-0.2992767755043787,0.0
10.82,-0.2881619470678811,-0.2881619470678811,0.0
10.83,-0.36349365301416353,-0.36349365301416353,0.0
10.84,-0.4321218586510471,-0.4321218586510471,0.0
10.85,-0.4616838211639679,-0.4616838211639679,0.0
10.86,-0.4826045172426241,-0.4826045172426241,0.0
10.870000000000001,-0.6429451923494316,-0.6429451923494316,0.0
10.88,-0.5724055106908568,-0.5724055106908568,0.0
10.89,-0.6769309285227767,-0.6769309285227767,0.0
10.9,-0.678401957012047,-0.678401957012047,0.0
10.91,-0.8033671761039463,-0.8033671761039463,0.0
10.92,-0.7923964836122797,-0.7923964836122797,0.0
10.93,-0.8285202404270454,-0.8285202404270454,0.0
10.94,-0.8655035866274947,-0.8655035866274947,0.0
10.950000000000001,-1.0055722126923299,-1.0055722126923299,0.0
10.96,-0.9458356549976142,-0.9458356549976142,0.0
10.97,-0.956740085819717,-0.956740085819717,0.0
10.98,-1.0652951739315988,-1.0652951739315988,0.0
10.99,-1.1107432500308358,-1.1107432500308358,0.0
11.0,-1.0125616192632472,-1.0125616192632472,0.0
11.01,-1.0845230966842152,-1.0845230966842152,0.0
11.02,-1.0816015740613691,-1.0816015740613691,0.0
11.03,-1.230663901004425,-1.230663901004425,0.0
11.040000000000001,-1.2188418793363247,-1.2188418793363247,0.0
11.05,-1.160408974790004,-1.160408974790004,0.0
11.06,-1.2189522518686637,-1.2189522518686637,0.0
11.07,-1.1726670395715861,-1.1726670395715861,0.0
11.08,-1.1616477312848121,-1.1616477312848121,0.0
11.09,-1.2602798335895988,-1.2602798335895988,0.0
11.1,-1.2100728035518549,-1.2100728035518549,0.0
11.11,-1.1511347213225287,-1.1511347213225287,0.0
11.120000000000001,-1.1601786356966923,-1.1601786356966923,0.0
11.13,-1.1610562706438368,-1.1610562706438368,0.0
11.14,-1.171823691624125,-1.171823691624125,0.0
11.15,-1.1315661771769696,-1.1315661771769696,0.0
11.16,-0.9722811602327464,-0.9722811602327464,0.0
11.17,-1.1060267112278286,-1.1060267112278286,0.0
11.18,-1.1200489031954306,-1.1200489031954306,0.0
11.19,-1.0607531440159412,-1.0607531440159412,0.0
11.200000000000001,-0.9666289117138082,-0.9666289117138082,0.0
11.21,-0.9568557671219687,-0.9568557671219687,0.0
11.22,-0.8921273468158564,-0.8921273468158564,0.0
11.23,-0.9169074814690312,-0.9169074814690312,0.0
11.24,-0.7889109336158584,-0.7889109336158584,0.0
11.25,-0.8270300877374861,-0.8270300877374861,0.0
11.26,-0.7601045878813951,-0.7601045878813951,0.0
11.27,-0.7109326039183799,-0.7109326039183799,0.0
11.28,-0.7105934115531716,-0.7105934115531716,0.0
11.290000000000001,-0.5980126786019824,-0.5980126786019824,0.0
11.3,-0.5805533356695558,-0.5805533356695558,0.0
11.31,-0.5054940931833293,-0.5054940931833293,0.0
11.32,-0.4656320156655179,-0.4656320156655179,0.0
11.33,-0.4036396312549354,-0.4036396312549354,0.0
11.34,-0.41876415664065153,-0.41876415664065153,0.0
11.35,-0.3136878915915641,-0.3136878915915641,0.0
11.36,-0.3567527774983188,-0.3567527774983188,0.0
11.370000000000001,-0.17149100137729456,-0.17149100137729456,0.0
11.38,-0.2995717098531563,-0.2995717098531563,0.0
11.39,-0.14111581955360747,-0.14111581955360747,0.0
11.4,-0.14895086968436777,-0.14895086968436777,0.0
11.41,0.012385459737839943,0.012385459737839943,0.0
11.42,-0.06885588623299838,-0.06885588623299838,0.0
11.43,-0.10006413313172824,-0.10006413313172824,0.0
11.44,0.0162523895409874,0.0162523895409874,0.0
11.450000000000001,0.11022380179400437,0.11022380179400437,0.0
11.46,0.09354710891665019,0.09354710891665019,0.0
11.47,0.19966747257510642,0.19966747257510642,0.0
11.48,0.13742452329553523,0.13742452329553523,0.0
11.49,0.16896034874642363,0.16896034874642363,0.0
11.5,0.24126742613504798,0.24126742613504798,0.0
11.51,0.16938151477981223,0.16938151477981223,0.0
11.52,0.25933934843006495,0.25933934843006495,0.0
11.53,0.2757759550737016,0.2757759550737016,0.0
11.540000000000001,0.29626415274603657,0.29626415274603657,0.0
11.55,0.3112895962218031,0.3112895962218031,0.0
11.56,0.3190395105708184,0.3190395105708184,0.0
11.57,0.3181276283189428,0.3181276283189428,0.0
11.58,0.30984195158375794,0.30984195158375794,0.0
11.59,0.31837533327530826,0.31837533327530826,0.0
11.6,0.3814637659507217,0.3814637659507217,0.0
11.61,0.32236549109727336,0.32236549109727336,0.0
11.620000000000001,0.1850833315092979,0.1850833315092979,0.0
11.63,0.2053383109428366,0.2053383109428366,0.0
11.64,0.272389409624638,0.272389409624638,0.0
11.65,0.21253426080573318,0.21253426080573318,0.0
11.66,0.21032902158173072,0.21032902158173072,0.0
11.67,0.14564155401295575,0.14564155401295575,0.0
11.68,0.086026937500562,0.086026937500562,0.0
11.69,0.030166467348976433,0.030166467348976433,0.0
11.700000000000001,0.104933429806639,0.104933429806639,0.0
11.71,0.0409027369101696,0.0409027369101696,0.0
11.72,-0.06719443602158381,-0.06719443602158381,0.0
11.73,-0.15548842988199157,-0.15548842988199157,0.0
11.74,-0.10782445353485898,-0.10782445353485898,0.0
11.75,-0.20755453303159144,-0.20755453303159144,0.0
11.76,-0.31623076928127225,-0.31623076928127225,0.0
11.77,-0.2689941296661372,-0.2689941296661372,0.0
11.78,-0.34387594589655013,-0.34387594589655013,0.0
11.790000000000001,-0.3515527091114404,-0.3515527091114404,0.0
11.8,-0.39277328197260103,-0.39277328197260103,0.0
11.81,-0.4048024126061538,-0.4048024126061538,0.0
11.82,-0.5851814286496732,-0.5851814286496732,0.0
11.83,-0.6010300347272752,-0.6010300347272752,0.0
11.84,-0.6000814655858014,-0.6000814655858014,0.0
11.85,-0.6498543669432617,-0.6498543669432617,0.0
11.86,-0.680451695314877,-0.680451695314877,0.0
11.870000000000001,-0.791426782375556,-0.791426782375556,0.0
11.88,-0.7790720401234856,-0.7790720401234856,0.0
11.89,-0.8555129061339474,-0.8555129061339474,0.0
11.9,-0.9027752149727704,-0.9027752149727704,0.0
11.91,-0.8862792233695838,-0.8862792233695838,0.0
11.92,-0.8981459013577252,-0.8981459013577252,0.0
11.93,-0.9015161322905623,-0.9015161322905623,0.0
11.94,-0.9818394614525222,-0.9818394614525222,0.0
11.950000000000001,-1.0896483023764136,-1.0896483023764136,0.0
11.96,-1.028815591965251,-1.028815591965251,0.0
11.97,-1.0374049378594217,-1.0374049378594217,0.0
11.98,-1.130946504564421,-1.130946504564421,0.0
11.99,-1.188870781488019,-1.188870781488019,0.0
12.0,-1.1425754863138526,-1.1425754863138526,0.0
12.01,-1.2101580468296307,-1.2101580468296307,0.0
12.02,-1.1376381102563848,-1.1376381102563848,0.0
12.030000000000001,-1.2407109428052623,-1.2407109428052623,0.0
12.040000000000001,-1.1806353720307083,-1.1806353720307083,0.0
12.05,-1.2370041463316088,-1.2370041463316088,0.0
12.06,-1.1443123144465324,-1.1443123144465324,0.0
12.07,-1.1362739211468291,-1.1362739211468291,0.0
12.08,-1.1195307767675629,-1.1195307767675629,0.0
12.09,-1.2134975422325516,-1.2134975422325516,0.0
12.1,-1.15109661344475,-1.15109661344475,0.0
12.11,-1.1442692158003787,-1.1442692158003787,0.0
12.120000000000001,-1.0486393726297751,-1.0486393726297751,0.0
12.13,-1.1450458181780296,-1.1450458181780296,0.0
12.14,-1.0862842263584511,-1.0862842263584511,0.0
12.15,-1.0122994716479665,-1.0122994716479665,0.0
12.16,-0.956489192925869,-0.956489192925869,0.0
12.17,-0.8499501902496711,-0.8499501902496711,0.0
12.18,-0.8095537702511348,-0.8095537702511348,0.0
12.19,-0.7502682227675538,-0.7502682227675538,0.0
12.200000000000001,-0.7168079575556352,-0.7168079575556352,0.0
12.21,-0.5804113610665809,-0.5804113610665809,0.0
12.22,-0.6554864080789258,-0.6554864080789258,0.0
12.23,-0.6048271331747698,-0.6048271331747698,0.0
12.24,-0.5907283574282971,-0.5907283574282971,0.0
12.25,-0.455969839204234,-0.455969839204234,0.0
12.26,-0.48133696451905417,-0.48133696451905417,0.0
12.27,-0.38523629720344366,-0.38523629720344366,0.0
12.280000000000001,-0.16491379985410953,-0.16491379985410953,0.0
12.290000000000001,-0.2640701143100024,-0.2640701143100024,0.0
12.3,-0.25680716342777055,-0.25680716342777055,0.0
12.31,-0.15137308322284035,-0.15137308322284035,0.0
12.32,-0.163902789615805,-0.163902789615805,0.0
12.33,0.02623658797030623,0.02623658797030623,0.0
12.34,0.05509604414166036,0.05509604414166036,0.0
12.35,0.09735881118146439,0.09735881118146439,0.0
12.36,0.15034950057674012,0.15034950057674012,0.0
12.370000000000001,0.2070493973669138,0.2070493973669138,0.0
12.38,0.2873983438215574,0.2873983438215574,0.0
12.39,0.3288251156082272,0.3288251156082272,0.0
12.4,0.3005325587689031,0.3005325587689031,0.0
12.41,0.34019005591293494,0.34019005591293494,0.0
12.42,0.5151617441168139,0.5151617441168139,0.0
12.43,0.5783996590630449,0.5783996590630449,0.0
12.44,0.5752914877758263,0.5752914877758263,0.0
12.450000000000001,0.574847988090869,0.574847988090869,0.0
12.46,0.5975128465823101,0.5975128465823101,0.0
12.47,0.6536641139558186,0.6536641139558186,0.0
12.48,0.7132489035406047,0.7132489035406047,0.0
12.49,0.6874756814680857,0.6874756814680857,0.0
12.5,0.7615979141805859,0.7615979141805859,0.0
12.51,0.7968716079543732,0.7968716079543732,0.0
12.52,0.7772969511261696,0.7772969511261696,0.0
12.530000000000001,0.8246820200353024,0.8246820200353024,0.0
12.540000000000001,0.7651300382009806,0.7651300382009806,0.0
12.55,0.8872757466223586,0.8872757466223586,0.0
12.56,0.8530026373820683,0.8530026373820683,0.0
12.57,0.8050472904494866,0.8050472904494866,0.0
12.58,0.8350934065224984,0.8350934065224984,0.0
12.59,0.7563200567296199,0.7563200567296199,0.0
12.6,0.691460759614733,0.691460759614733,0.0
12.61,0.5908400824029101,0.5908400824029101,0.0
12.620000000000001,0.6709863275073731,0.6709863275073731,0.0
12.63,0.777745698155953,0.777745698155953,0.0
12.64,0.6010176303176682,0.6010176303176682,0.0
12.65,0.7152628492554477,0.7152628492554477,0.0
12.66,0.6839119176083928,0.6839119176083928,0.0
12.67,0.5792276841812911,0.5792276841812911,0.0
12.68,0.5205790917365949,0.5205790917365949,0.0
12.69,0.43637382443276196,0.43637382443276196,0.0
12.700000000000001,0.39063917915035784,0.39063917915035784,0.0
12.71,0.46042951479920075,0.46042951479920075,0.0
12.72,0.2813559514545545,0.2813559514545545,0.0
12.73,0.2504286497196687,0.2504286497196687,0.0
12.74,0.2421082816969488,0.2421082816969488,0.0
12.75,0.15486292732132015,0.15486292732132015,0.0
12.76,0.04153598497763474,0.04153598497763474,0.0
12.77,0.066327181854491,0.066327181854491,0.0
12.780000000000001,0.1315795899651059,0.1315795899651059,0.0
12.790000000000001,-0.00899422490815377,-0.00899422490815377,0.0
12.8,-0.029693148992388313,-0.029693148992388313,0.0
12.81,-0.13570310903647015,-0.13570310903647015,0.0
12.82,-0.04842941069367562,-0.04842941069367562,0.0
12.83,-0.15938165851680974,-0.15938165851680974,0.0
12.84,-0.21179631991597284,-0.21179631991597284,0.0
12.85,-0.2315993021638077,-0.2315993021638077,0.0
12.86,-0.24426836864278678,-0.24426836864278678,0.0
12.870000000000001,-0.2297956066308654,-0.2297956066308654,0.0
12.88,-0.30889180485309814,-0.30889180485309814,0.0
12.89,-0.42368625457546233,-0.42368625457546233,0.0
12.9,-0.2662908843687778,-0.2662908843687778,0.0
12.91,-0.40409629480335374,-0.40409629480335374,0.0
12.92,-0.4217984480862307,-0.4217984480862307,0.0
12.93,-0.4305074739259158,-0.4305074739259158,0.0
12.94,-0.425039190565665,-0.425039190565665,0.0
12.950000000000001,-0.4269518256176216,-0.4269518256176216,0.0
12.96,-0.41870919323142547,-0.41870919323142547,0.0
12.97,-0.518544661886597,-0.518544661886597,0.0
12.98,-0.47811584433260745,-0.47811584433260745,0.0
12.99,-0.466513151088968,-0.466513151088968,0.0
13.0,-0.4853215880646512,-0.4853215880646512,0.0
13.01,-0.42168932427955785,-0.42168932427955785,0.0
13.02,-0.45538094310819516,-0.45538094310819516,0.0
13.030000000000001,-0.5081070352014347,-0.5081070352014347,0.0
13.040000000000001,-0.4290853452098332,-0.4290853452098332,0.0
13.05,-0.3384071789121342,-0.3384071789121342,0.0
13.06,-0.3262567696181717,-0.3262567696181717,0.0
13.07,-0.32366224706057023,-0.32366224706057023,0.0
13.08,-0.3004848591633487,-0.3004848591633487,0.0
13.09,-0.2179334416663954,-0.2179334416663954,0.0
13.1,-0.11642615300095427,-0.11642615300095427,0.0
13.11,-0.08016343969431361,-0.08016343969431361,0.0
13.120000000000001,-0.07140253568700089,-0.07140253568700089,0.0
13.13,-0.07737683522030125,-0.07737683522030125,0.0
13.14,0.018608081343005622,0.018608081343005622,0.0
13.15,0.09460569139006969,0.09460569139006969,0.0
13.16,0.09421945088924816,0.09421945088924816,0.0
13.17,0.19956242018061876,0.19956242018061876,0.0
13.18,0.2824895467009067,0.2824895467009067,0.0
13.19,0.31889532801898074,0.31889532801898074,0.0
13.200000000000001,0.34420546832225457,0.34420546832225457,0.0
13.21,0.4723189506269514,0.4723189506269514,0.0
13.22,0.5772481810290574,0.5772481810290574,0.0
13.23,0.5550873961273016,0.5550873961273016,0.0
13.24,0.6020928032504048,0.6020928032504048,0.0
13.25,0.699135658829689,0.699135658829689,0.0
13.26,0.7085970381341622,0.7085970381341622,0.0
13.27,0.7317120781600115,0.7317120781600115,0.0
13.280000000000001,0.8176779169844453,0.8176779169844453,0.0
13.290000000000001,0.8304257985510679,0.8304257985510679,0.0
13.3,0.9453358356130533,0.9453358356130533,0.0
13.31,0.9698693542770589,0.9698693542770589,0.0
13.32,1.0155194440889317,1.0155194440889317,0.0
13.33,1.0352318156871045,1.0352318156871045,0.0
13.34,1.1435822700696627,1.1435822700696627,0.0
13.35,1.1219009143889993,1.1219009143889993,0.0
13.36,1.282333158912658,1.282333158912658,0.0
13.370000000000001,1.2178230097586495,1.2178230097586495,0.0
13.38,1.3075727321384927,1.3075727321384927,0.0
13.39,1.1863437140116218,1.1863437140116218,0.0
13.4,1.393638456827233,1.393638456827233,0.0
13.41,1.2367126998584594,1.2367126998584594,0.0
13.42,1.2887325962831417,1.2887325962831417,0.0
13.43,1.3400021422614112,1.3400021422614112,0.0
13.44,1.2764503138187697,1.2764503138187697,0.0
13.450000000000001,1.2567664655085393,1.2567664655085393,0.0
13.46,1.2139319065206844,1.2139319065206844,0.0
13.47,1.3194856945228195,1.3194856945228195,0.0
13.48,1.262136902335553,1.262136902335553,0.0
13.49,1.2792791319404446,1.2792791319404446,0.0
13.5,1.193686784723342,1.193686784723342,0.0
13.51,1.2009720919741582,1.2009720919741582,0.0
13.52,1.1708659448451075,1.1708659448451075,0.0
13.530000000000001,1.1095269566096506,1.1095269566096506,0.0
13.540000000000001,1.1722834665528805,1.1722834665528805,0.0
13.55,0.956824731065043,0.956824731065043,0.0
13.56,1.0185503508965552,1.0185503508965552,0.0
13.57,0.9190858338624373,0.9190858338624373,0.0
13.58,0.8454334342646355,0.8454334342646355,0.0
13.59,0.8360927865883201,0.8360927865883201,0.0
13.6,0.7879064198606976,0.7879064198606976,0.0
13.61,0.747589227082871,0.747589227082871,0.0
13.620000000000001,0.7113129611319464,0.7113129611319464,0.0
13.63,0.6322425664189048,0.6322425664189048,0.0
13.64,0.547842736857316,0.547842736857316,0.0
13.65,0.42145016498560584,0.42145016498560584,0.0
13.66,0.43910586312109406,0.43910586312109406,0.0
13.67,0.3148235046460489,0.3148235046460489,0.0
13.68,0.3177032358878292,0.3177032358878292,0.0
13.69,0.2949930745779946,0.2949930745779946,0.0
13.700000000000001,0.239797454473613,0.239797454473613,0.0
13.71,0.13713992167089634,0.13713992167089634,0.0
13.72,0.09796344918305355,0.09796344918305355,0.0
13.73,0.00023050242881028637,0.00023050242881028637,0.0
13.74,0.06603103811872069,0.06603103811872069,0.0
13.75,-0.1126715788342858,-0.1126715788342858,0.0
13.76,-0.0840907992662081,-0.0840907992662081,0.0
13.77,-0.13013479670241052,-0.13013479670241052,0.0
13.780000000000001,-0.20577766090616645,-0.20577766090616645,0.0
13.790000000000001,-0.279456288440595,-0.279456288440595,0.0
13.8,-0.21187778474520003,-0.21187778474520003,0.0
13.81,-0.3047602236500375,-0.3047602236500375,0.0
13.82,-0.2792445040029655,-0.2792445040029655,0.0
13.83,-0.3493263794122756,-0.3493263794122756,0.0
13.84,-0.3092324069499466,-0.3092324069499466,0.0
13.85,-0.23569303808159503,-0.23569303808159503,0.0
13.86,-0.3131622744004439,-0.3131622744004439,0.0
13.870000000000001,-0.36957024304188973,-0.36957024304188973,0.0
13.88,-0.3641017195485659,-0.3641017195485659,0.0
13.89,-0.39083746348355614,-0.39083746348355614,0.0
13.9,-0.3510306734131203,-0.3510306734131203,0.0
13.91,-0.28967546505141817,-0.28967546505141817,0.0
13.92,-0.36343787968129354,-0.36343787968129354,0.0
13.93,-0.2780865735510514,-0.2780865735510514,0.0
13.94,-0.3241823367063482,-0.3241823367063482,0.0
13.950000000000001,-0.1767522224895992,-0.1767522224895992,0.0
13.96,-0.16469369202539774,-0.16469369202539774,0.0
13.97,-0.10406801007184291,-0.10406801007184291,0.0
13.98,-0.09274887869561571,-0.09274887869561571,0.0
13.99,-0.07549157672244983,-0.07549157672244983,0.0
14.0,-0.048056520117769896,-0.048056520117769896,0.0
14.01,-0.016992562512523346,-0.016992562512523346,0.0
14.02,0.0836511596915448,0.0836511596915448,0.0
14.030000000000001,0.13758426764733134,0.13758426764733134,0.0
14.040000000000001,0.10316161511789271,0.10316161511789271,0.0
14.05,0.2001693935074998,0.2001693935074998,0.0
14.06,0.32775335163809294,0.32775335163809294,0.0
14.07,0.3440143597261693,0.3440143597261693,0.0
14.08,0.5003599977939831,0.5003599977939831,0.0
14.09,0.4540014389866775,0.4540014389866775,0.0
14.1,0.5878857523971457,0.5878857523971457,0.0
14.11,0.5898557033858992,0.5898557033858992,0.0
14.120000000000001,0.548937580142156,0.548937580142156,0.0
14.13,0.6581017628568555,0.6581017628568555,0.0
14.14,0.6491894371973705,0.6491894371973705,0.0
14.15,0.7286433753816051,0.7286433753816051,0.0
14.16,0.8506582118851616,0.8506582118851616,0.0
14.17,0.8919072900304086,0.8919072900304086,0.0
14.18,0.9782006742158695,0.9782006742158695,0.0
14.19,0.8947276661216255,0.8947276661216255,0.0
14.200000000000001,0.9218430370243778,0.9218430370243778,0.0
14.21,1.0569111662139463,1.0569111662139463,0.0
14.22,0.9871889381167821,0.9871889381167821,0.0
14.23,1.1659352002306347,1.1659352002306347,0.0
14.24,1.1071211410685058,1.1071211410685058,0.0
14.25,1.0350876354160619,1.0350876354160619,0.0
14.26,1.0721170799800237,1.0721170799800237,0.0
14.27,1.080196823939162,1.080196823939162,0.0
14.280000000000001,1.1584435533669912,1.1584435533669912,0.0
14.290000000000001,1.114911176222167,1.114911176222167,0.0
14.3,1.0991681578316248,1.0991681578316248,0.0
14.31,1.0978484992953326,1.0978484992953326,0.0
14.32,1.109726126013763,1.109726126013763,0.0
14.33,1.0299906692136398,1.0299906692136398,0.0
14.34,0.8956977727400882,0.8956977727400882,0.0
14.35,0.9514221872469764,0.9514221872469764,0.0
14.36,0.9829326195556913,0.9829326195556913,0.0
14.370000000000001,0.9517202953881474,0.9517202953881474,0.0
14.38,0.8423136768488363,0.8423136768488363,0.0
14.39,0.7572588411436396,0.7572588411436396,0.0
14.4,0.9188574363245369,0.9188574363245369,0.0
14.41,0.6879729382819797,0.6879729382819797,0.0
14.42,0.6839177808653556,0.6839177808653556,0.0
14.43,0.5559599122183749,0.5559599122183749,0.0
14.44,0.5696286566349419,0.5696286566349419,0.0
14.450000000000001,0.4838140933031461,0.4838140933031461,0.0
14.46,0.4234682383130999,0.4234682383130999,0.0
14.47,0.39121719947528033,0.39121719947528033,0.0
14.48,0.3593511679401971,0.3593511679401971,0.0
14.49,0.25492324861551896,0.25492324861551896,0.0
14.5,0.20490462647562813,0.20490462647562813,0.0
14.51,0.08445335814809207,0.08445335814809207,0.0
14.52,0.029476152631549735,0.029476152631549735,0.0
14.530000000000001,-0.06892927657093692,-0.06892927657093692,0.0
14.540000000000001,-0.11930896402214927,-0.11930896402214927,0.0
14.55,-0.10383072916389602,-0.10383072916389602,0.0
14.56,-0.14862430610314373,-0.14862430610314373,0.0
14.57,-0.22097153784548687,-0.22097153784548687,0.0
14.58,-0.3118699124015182,-0.3118699124015182,0.0
14.59,-0.33443282019701276,-0.33443282019701276,0.0
14.6,-0.36216107965372657,-0.36216107965372657,0.0
14.61,-0.4368630993595615,-0.4368630993595615,0.0
14.620000000000001,-0.38852984056409595,-0.38852984056409595,0.0
14.63,-0.46565929344882984,-0.46565929344882984,0.0
14.64,-0.4492878987598074,-0.4492878987598074,0.0
14.65,-0.5614428819115783,-0.5614428819115783,0.0
14.66,-0.6220036394337758,-0.6220036394337758,0.0
14.67,-0.5669427365382951,-0.5669427365382951,0.0
14.68,-0.612208668255993,-0.612208668255993,0.0
14.69,-0.5913236976907956,-0.5913236976907956,0.0
14.700000000000001,-0.7080124456916299,-0.7080124456916299,0.0
14.71,-0.6571720416299908,-0.6571720416299908,0.0
14.72,-0.5747618781504494,-0.5747618781504494,0.0
14.73,-0.6668119128116718,-0.6668119128116718,0.0
14.74,-0.6136779667454179,-0.6136779667454179,0.0
14.75,-0.579275021724287,-0.579275021724287,0.0
14.76,-0.5374725722700364,-0.5374725722700364,0.0
14.77,-0.6309630463188108,-0.6309630463188108,0.0
14.780000000000001,-0.5522304245146417,-0.5522304245146417,0.0
14.790000000000001,-0.4157473425434812,-0.4157473425434812,0.0
14.8,-0.4130941272997703,-0.4130941272997703,0.0
14.81,-0.36292465535438523,-0.36292465535438523,0.0
14.82,-0.30293530943257496,-0.30293530943257496,0.0
14.83,-0.21692462069888777,-0.21692462069888777,0.0
14.84,-0.2158030521683826,-0.2158030521683826,0.0
14.85,-0.04129774522586338,-0.04129774522586338,0.0
14.86,-0.07625447879597816,-0.07625447879597816,0.0
14.870000000000001,-0.003933425138477886,-0.003933425138477886,0.0
14.88,0.14204733221739235,0.14204733221739235,0.0
14.89,0.11903209718766836,0.11903209718766836,0.0
14.9,0.08535755579156322,0.08535755579156322,0.0
14.91,0.2015080756069996,0.2015080756069996,0.0
14.92,0.19601012182435837,0.19601012182435837,0.0
14.93,0.344549109403352,0.344549109403352,0.0
14.94,0.38708765285497015,0.38708765285497015,0.0
14.950000000000001,0.5617947137698436,0.5617947137698436,0.0
14.96,0.6431054805529446,0.6431054805529446,0.0
14.97,0.5323890812438719,0.5323890812438719,0.0
14.98,0.6226987012366388,0.6226987012366388,0.0
14.99,0.669581800574358,0.669581800574358,0.0
15.0,0.8128854486298924,0.8128854486298924,0.0
15.01,0.8010237953149445,0.8010237953149445,0.0
15.02,0.848171256990115,0.848171256990115,0.0
15.030000000000001,0.8884538359872648,0.8884538359872648,0.0
15.040000000000001,0.9143516789673493,0.9143516789673493,0.0
15.05,0.9454129984906448,0.9454129984906448,0.0
15.06,0.8893861554478077,0.8893861554478077,0.0
15.07,0.9717386179359502,0.9717386179359502,0.0
15.08,1.0314209727618446,1.0314209727618446,0.0
15.09,1.0694537852134687,1.0694537852134687,0.0
15.1,0.9123055403179076,0.9123055403179076,0.0
15.11,0.9631577529373156,0.9631577529373156,0.0
15.120000000000001,1.008563228361936,1.008563228361936,0.0
15.13,1.0708983930304399,1.0708983930304399,0.0
15.14,0.8938359238025504,0.8938359238025504,0.0
15.15,0.9031914180568227,0.9031914180568227,0.0
15.16,0.8617903723604823,0.8617903723604823,0.0
15.17,0.9049051754057802,0.9049051754057802,0.0
15.18,0.8544358268887393,0.8544358268887393,0.0
15.19,0.8185289562928322,0.8185289562928322,0.0
15.200000000000001,0.8566650895208828,0.8566650895208828,0.0
15.21,0.7077873236105601,0.7077873236105601,0.0
15.22,0.6966145280637308,0.6966145280637308,0.0
15.23,0.7034823659115528,0.7034823659115528,0.0
15.24,0.6497473719095544,0.6497473719095544,0.0
15.25,0.5644930225573395,0.5644930225573395,0.0
15.26,0.48257217867416224,0.48257217867416224,0.0
15.27,0.422011680663001,0.422011680663001,0.0
15.280000000000001,0.33406080706893715,0.33406080706893715,0.0
15.290000000000001,0.24189836876702217,0.24189836876702217,0.0
15.3,0.31973050173290735,0.31973050173290735,0.0
15.31,0.18809501796442646,0.18809501796442646,0.0
15.32,0.0704882985353413,0.0704882985353413,0.0
15.33,0.04455913171781517,0.04455913171781517,0.0
15.34,0.04392134401507819,0.04392134401507819,0.0
15.35,-0.08778018095954973,-0.08778018095954973,0.0
15.36,-0.10198794890963919,-0.10198794890963919,0.0
15.370000000000001,-0.18834313814559336,-0.18834313814559336,0.0
15.38,-0.21272148777215927,-0.21272148777215927,0.0
15.39,-0.13752420227257428,-0.13752420227257428,0.0
15.4,-0.2952449145388128,-0.2952449145388128,0.0
15.41,-0.29673484021314017,-0.29673484021314017,0.0
15.42,-0.32270191809048904,-0.32270191809048904,0.0
15.43,-0.39211449850822516,-0.39211449850822516,0.0
15.44,-0.32783360279641344,-0.32783360279641344,0.0
15.450000000000001,-0.3923483519091011,-0.3923483519091011,0.0
15.46,-0.3367177353862068,-0.3367177353862068,0.0
15.47,-0.36837879836741444,-0.36837879836741444,0.0
15.48,-0.3707946251318165,-0.3707946251318165,0.0
15.49,-0.3649481074994533,-0.3649481074994533,0.0
15.5,-0.44748319962829836,-0.44748319962829836,0.0
15.51,-0.3533577422117859,-0.3533577422117859,0.0
15.52,-0.4442228210826738,-0.4442228210826738,0.0
15.530000000000001,-0.3964921024237297,-0.3964921024237297,0.0
15.540000000000001,-0.40693833136913315,-0.40693833136913315,0.0
15.55,-0.29783892343787555,-0.29783892343787555,0.0
15.56,-0.30157060803217167,-0.30157060803217167,0.0
15.57,-0.2361978982647518,-0.2361978982647518,0.0
15.58,-0.17535705797467832,-0.17535705797467832,0.0
15.59,-0.13642552585727924,-0.13642552585727924,0.0
15.6,-0.02216981542983021,-0.02216981542983021,0.0
15.610000000000001,-0.0875578336788389,-0.0875578336788389,0.0
15.620000000000001,0.10284479517987816,0.10284479517987816,0.0
15.63,0.16797710104799302,0.16797710104799302,0.0
15.64,0.13218503019277678,0.13218503019277678,0.0
15.65,0.1660993979166625,0.1660993979166625,0.0
15.66,0.21909505893143114,0.21909505893143114,0.0
15.67,0.40772964196215306,0.40772964196215306,0.0
15.68,0.43116253204972377,0.43116253204972377,0.0
15.69,0.48418974960070854,0.48418974960070854,0.0
15.700000000000001,0.5534956160989571,0.5534956160989571,0.0
15.71,0.6400697074224811,0.6400697074224811,0.0
15.72,0.7871924479887713,0.7871924479887713,0.0
15.73,0.6569456865013805,0.6569456865013805,0.0
15.74,0.8509436405004046,0.8509436405004046,0.0
15.75,0.9147370247793926,0.9147370247793926,0.0
15.76,0.9859961484897051,0.9859961484897051,0.0
15.77,0.9964243864934189,0.9964243864934189,0.0
15.780000000000001,1.1114683227397428,1.1114683227397428,0.0
15.790000000000001,1.126568828831748,1.126568828831748,0.0
15.8,1.184191176713294,1.184191176713294,0.0
15.81,1.1183486627761452,1.1183486627761452,0.0
15.82,1.2467147122556452,1.2467147122556452,0.0
15.83,1.3392810192291111,1.3392810192291111,0.0
15.84,1.2881099479507996,1.2881099479507996,0.0
15.85,1.3843990395487957,1.3843990395487957,0.0
15.860000000000001,1.357295168036444,1.357295168036444,0.0
15.870000000000001,1.352671973937197,1.352671973937197,0.0
15.88,1.4122471507410799,1.4122471507410799,0.0
15.89,1.4694797532622936,1.4694797532622936,0.0
15.9,1.4067440121154187,1.4067440121154187,0.0
15.91,1.443316980022208,1.443316980022208,0.0
15.92,1.2958502188514671,1.2958502188514671,0.0
15.93,1.39190524781156,1.39190524781156,0.0
15.94,1.3896998362694513,1.3896998362694513,0.0
15.950000000000001,1.3695923444725928,1.3695923444725928,0.0
15.96,1.2115386722658084,1.2115386722658084,0.0
15.97,1.192054801444656,1.192054801444656,0.0
15.98,1.2502743911033867,1.2502743911033867,0.0
15.99,1.0906274817465744,1.0906274817465744,0.0
16.0,1.096509730068931,1.096509730068931,0.0
16.01,1.0574255433997368,1.0574255433997368,0.0
16.02,0.9318056234931589,0.9318056234931589,0.0
16.03,0.8484618726714676,0.8484618726714676,0.0
16.04,0.960340630014145,0.960340630014145,0.0
16.05,0.7710522294991972,0.7710522294991972,0.0
16.06,0.7380866655393842,0.7380866655393842,0.0
16.07,0.6167431930233432,0.6167431930233432,0.0
16.080000000000002,0.6291780292160418,0.6291780292160418,0.0
16.09,0.49743812841146073,0.49743812841146073,0.0
16.1,0.47007014661815694,0.47007014661815694,0.0
16.11,0.3761187292644933,0.3761187292644933,0.0
16.12,0.4016423217896122,0.4016423217896122,0.0
16.13,0.20684239665785487,0.20684239665785487,0.0
16.14,0.35770112453154057,0.35770112453154057,0.0
16.15,0.19448026558278053,0.19448026558278053,0.0
16.16,0.1470246742398188,0.1470246742398188,0.0
16.17,0.13087595792785045,0.13087595792785045,0.0
16.18,0.12664657123545797,0.12664657123545797,0.0
16.19,0.0745064613844364,0.0745064613844364,0.0
16.2,0.12143490156182957,0.12143490156182957,0.0
16.21,-0.04394032578485452,-0.04394032578485452,0.0
16.22,-0.0007867140279216311,-0.0007867140279216311,0.0
16.23,-0.08180891674772817,-0.08180891674772817,0.0
16.240000000000002,-0.02336853922639659,-0.02336853922639659,0.0
16.25,-0.1013117578978161,-0.1013117578978161,0.0
16.26,0.10234571210224697,0.10234571210224697,0.0
16.27,-0.05379871759514787,-0.05379871759514787,0.0
16.28,-0.0015198917357108765,-0.0015198917357108765,0.0
16.29,-0.011189003869548575,-0.011189003869548575,0.0
16.3,0.06201052430927578,0.06201052430927578,0.0
16.31,0.020546083310481023,0.020546083310481023,0.0
16.32,0.07169359898058092,0.07169359898058092,0.0
16.330000000000002,0.05638307481800131,0.05638307481800131,0.0
16.34,0.20956346414083804,0.20956346414083804,0.0
16.35,0.17849049234237924,0.17849049234237924,0.0
16.36,0.31664092648952724,0.31664092648952724,0.0
16.37,0.19357971950757502,0.19357971950757502,0.0
16.38,0.3611577805277102,0.3611577805277102,0.0
16.39,0.42043394280199475,0.42043394280199475,0.0
16.4,0.45380404803823415,0.45380404803823415,0.0
16.41,0.4554729158024984,0.4554729158024984,0.0
16.42,0.6407206343190399,0.6407206343190399,0.0
16.43,0.6791363522620282,0.6791363522620282,0.0
16.44,0.8328942168270573,0.8328942168270573,0.0
16.45,0.7921283848912472,0.7921283848912472,0.0
16.46,0.8576969866058622,0.8576969866058622,0.0
16.47,0.9310395600626119,0.9310395600626119,0.0
16.48,0.9872403282563944,0.9872403282563944,0.0
16.490000000000002,1.0957667107597504,1.0957667107597504,0.0
16.5,1.1929165085838567,1.1929165085838567,0.0
16.51,1.159747093971165,1.159747093971165,0.0
16.52,1.1674297399461726,1.1674297399461726,0.0
16.53,1.2061639454811166,1.2061639454811166,0.0
16.54,1.3566063586945014,1.3566063586945014,0.0
16.55,1.3588324773819103,1.3588324773819103,0.0
16.56,1.4478140407204085,1.4478140407204085,0.0
16.57,1.5215175296955066,1.5215175296955066,0.0
16.580000000000002,1.4430362548198952,1.4430362548198952,0.0
16.59,1.528511766023763,1.528511766023763,0.0
16.6,1.583215851516559,1.583215851516559,0.0
16.61,1.573345178992734,1.573345178992734,0.0
16.62,1.4758496331704913,1.4758496331704913,0.0
16.63,1.5650942534942986,1.5650942534942986,0.0
16.64,1.4910560922353042,1.4910560922353042,0.0
16.65,1.4316274069406298,1.4316274069406298,0.0
16.66,1.3746212537671911,1.3746212537671911,0.0
16.67,1.4170077517871649,1.4170077517871649,0.0
16.68,1.4417286933400817,1.4417286933400817,0.0
16.69,1.4087018684620771,1.4087018684620771,0.0
16.7,1.3675296225697688,1.3675296225697688,0.0
16.71,1.2937229015944864,1.2937229015944864,0.0
16.72,1.2522193253658203,1.2522193253658203,0.0
16.73,1.1827647354390542,1.1827647354390542,0.0
16.740000000000002,1.1645567979887324,1.1645567979887324,0.0
16.75,1.1589240018963956,1.1589240018963956,0.0
16.76,0.9423015160572006,0.9423015160572006,0.0
16.77,0.8483579064100981,0.8483579064100981,0.0
16.78,0.8362971218233709,0.8362971218233709,0.0
16.79,0.8030944640593047,0.8030944640593047,0.0
16.8,0.7743547250845455,0.7743547250845455,0.0
16.81,0.6968274140112795,0.6968274140112795,0.0
16.82,0.6191054937092888,0.6191054937092888,0.0
16.830000000000002,0.49649614655536545,0.49649614655536545,0.0
16.84,0.4754090081043234,0.4754090081043234,0.0
16.85,0.37953952413408754,0.37953952413408754,0.0
16.86,0.40118442367330515,0.40118442367330515,0.0
16.87,0.20386505064059202,0.20386505064059202,0.0
16.88,0.18659041490410438,0.18659041490410438,0.0
16.89,0.06963928273597242,0.06963928273597242,0.0
16.9,0.0075811456395055155,0.0075811456395055155,0.0
16.91,0.007236600100325341,0.007236600100325341,0.0
16.92,-0.029256025756109527,-0.029256025756109527,0.0
16.93,-0.0753590448861653,-0.0753590448861653,0.0
16.94,-0.1518563381225677,-0.1518563381225677,0.0
16.95,-0.1792359270812378,-0.1792359270812378,0.0
16.96,-0.20156324825165883,-0.20156324825165883,0.0
16.97,-0.20696496584577995,-0.20696496584577995,0.0
16.98,-0.24777046650431944,-0.24777046650431944,0.0
16.990000000000002,-0.24076689745390678,-0.24076689745390678,0.0
17.0,-0.22020249004799652,-0.22020249004799652,0.0
17.01,-0.21888101994212872,-0.21888101994212872,0.0
17.02,-0.20509374682555026,-0.20509374682555026,0.0
17.03,-0.2624326520279088,-0.2624326520279088,0.0
17.04,-0.1457432766037592,-0.1457432766037592,0.0
17.05,-0.10504542292920216,-0.10504542292920216,0.0
17.06,-0.11190621875751094,-0.11190621875751094,0.0
17.07,-0.06693480045564248,-0.06693480045564248,0.0
17.080000000000002,-0.1445928972684991,-0.1445928972684991,0.0
17.09,-0.06586832385375974,-0.06586832385375974,0.0
17.1,0.0193235702366793,0.0193235702366793,0.0
17.11,0.09973344736961215,0.09973344736961215,0.0
17.12,0.1364295503969657,0.1364295503969657,0.0
17.13,0.11320171456111172,0.11320171456111172,0.0
17.14,0.2939835663557352,0.2939835663557352,0.0
17.150000000000002,0.3057875245760522,0.3057875245760522,0.0
17.16,0.32978998766349127,0.32978998766349127,0.0
17.17,0.5284849013720982,0.5284849013720982,0.0
17.18,0.5222919996152311,0.5222919996152311,0.0
17.19,0.5361397452452863,0.5361397452452863,0.0
17.2,0.5817532355347577,0.5817532355347577,0.0
17.21,0.752100155906687,0.752100155906687,0.0
17.22,0.7282522508628839,0.7282522508628839,0.0
17.23,0.8210167392954039,0.8210167392954039,0.0
17.240000000000002,0.8346831457775399,0.8346831457775399,0.0
17.25,0.921654079241168,0.921654079241168,0.0
17.26,0.9494714640642075,0.9494714640642075,0.0
17.27,0.9942047114705956,0.9942047114705956,0.0
17.28,0.9855737354975267,0.9855737354975267,0.0
17.29,0.9868288332457367,0.9868288332457367,0.0
17.3,1.0974022905082685,1.0974022905082685,0.0
17.31,1.1658584599201864,1.1658584599201864,0.0
17.32,1.1193697192758083,1.1193697192758083,0.0
17.330000000000002,1.1888889638420952,1.1888889638420952,0.0
17.34,1.1214711794664214,1.1214711794664214,0.0
17.35,1.0936108766658417,1.0936108766658417,0.0
17.36,1.1307818462410837,1.1307818462410837,0.0
17.37,1.0649814261841946,1.0649814261841946,0.0
17.38,1.0547787690316293,1.0547787690316293,0.0
17.39,1.0058804432625388,1.0058804432625388,0.0
17.400000000000002,0.9845979345357503,0.9845979345357503,0.0
17.41,0.9867479613091901,0.9867479613091901,0.0
17.42,0.8473691975795933,0.8473691975795933,0.0
17.43,0.879623362594451,0.879623362594451,0.0
17.44,0.7620174394331422,0.7620174394331422,0.0
17.45,0.7021969203205749,0.7021969203205749,0.0
17.46,0.6424073948111328,0.6424073948111328,0.0
17.47,0.5598881982446995,0.5598881982446995,0.0
17.48,0.4802695415583388,0.4802695415583388,0.0
17.490000000000002,0.420262455879939,0.420262455879939,0.0
17.5,0.35312355525254824,0.35312355525254824,0.0
17.51,0.32578164688047684,0.32578164688047684,0.0
17.52,0.1617557293633661,0.1617557293633661,0.0
17.53,0.05513560058010453,0.05513560058010453,0.0
17.54,0.054301137809861705,0.054301137809861705,0.0
17.55,-0.04352405030967188,-0.04352405030967188,0.0
17.56,-0.19382389732786653,-0.19382389732786653,0.0
17.57,-0.16851489278454151,-0.16851489278454151,0.0
17.580000000000002,-0.22786734142230156,-0.22786734142230156,0.0
17.59,-0.3050720738107865,-0.3050720738107865,0.0
17.6,-0.4575239125592364,-0.4575239125592364,0.0
17.61,-0.42597770086726394,-0.42597770086726394,0.0
17.62,-0.5458467156659009,-0.5458467156659009,0.0
17.63,-0.5690633475434943,-0.5690633475434943,0.0
17.64,-0.7072548571831695,-0.7072548571831695,0.0
17.650000000000002,-0.6673553396834206,-0.6673553396834206,0.0
17.66,-0.647739266476361,-0.647739266476361,0.0
17.67,-0.6910872405430253,-0.6910872405430253,0.0
17.68,-0.6852042887876213,-0.6852042887876213,0.0
17.69,-0.7116868014919033,-0.7116868014919033,0.0
17.7,-0.721298514052174,-0.721298514052174,0.0
17.71,-0.6876752880234338,-0.6876752880234338,0.0
17.72,-0.6834147064151579,-0.6834147064151579,0.0
17.73,-0.8103920507956295,-0.8103920507956295,0.0
17.740000000000002,-0.792744083237925,-0.792744083237925,0.0
17.75,-0.6592176739553082,-0.6592176739553082,0.0
17.76,-0.6990942391938018,-0.6990942391938018,0.0
17.77,-0.4800559496752232,-0.4800559496752232,0.0
17.78,-0.5453764789283598,-0.5453764789283598,0.0
17.79,-0.5407178868507472,-0.5407178868507472,0.0
17.8,-0.4778072316727522,-0.4778072316727522,0.0
17.81,-0.4078088370413931,-0.4078088370413931,0.0
17.82,-0.4390913872359141,-0.4390913872359141,0.0
17.830000000000002,-0.32239622981675875,-0.32239622981675875,0.0
17.84,-0.2124737261024774,-0.2124737261024774,0.0
17.85,-0.05513849822076648,-0.05513849822076648,0.0
17.86,-0.01414432112542996,-0.01414432112542996,0.0
17.87,-0.038831999055412555,-0.038831999055412555,0.0
17.88,-0.07744197044178584,-0.07744197044178584,0.0
17.89,0.13484154270252646,0.13484154270252646,0.0
17.900000000000002,0.14362367418199484,0.14362367418199484,0.0
17.91,0.24973081183822143,0.24973081183822143,0.0
17.92,0.23651172608434073,0.23651172608434073,0.0
17.93,0.42899888913869655,0.42899888913869655,0.0
17.94,0.40483001698437654,0.40483001698437654,0.0
17.95,0.39284899040789956,0.39284899040789956,0.0
17.96,0.5004672596824169,0.5004672596824169,0.0
17.97,0.5069234629598488,0.5069234629598488,0.0
17.98,0.5643007673194134,0.5643007673194134,0.0
17.990000000000002,0.5617863639328404,0.5617863639328404,0.0
18.0,0.6419729083030573,0.6419729083030573,0.0
18.01,0.7081553911546938,0.7081553911546938,0.0
18.02,0.6669397793492657,0.6669397793492657,0.0
18.03,0.7777550759541928,0.7777550759541928,0.0
18.04,0.6630178013438109,0.6630178013438109,0.0
18.05,0.6776023433724512,0.6776023433724512,0.0
18.06,0.6532833227999646,0.6532833227999646,0.0
18.07,0.5404511181731584,0.5404511181731584,0.0
18.080000000000002,0.6487530196489646,0.6487530196489646,0.0
18.09,0.5900044294663854,0.5900044294663854,0.0
18.1,0.6098718835843173,0.6098718835843173,0.0
18.11,0.47637216093788726,0.47637216093788726,0.0
18.12,0.5187579237991505,0.5187579237991505,0.0
18.13,0.44705561940374106,0.44705561940374106,0.0
18.14,0.4288169141900038,0.4288169141900038,0.0
18.150000000000002,0.3295486562299748,0.3295486562299748,0.0
18.16,0.13759367976217146,0.13759367976217146,0.0
18.17,0.135633131331702,0.135633131331702,0.0
18.18,0.12692340864412086,0.12692340864412086,0.0
18.19,0.0198029586056373,0.0198029586056373,0.0
18.2,-0.07583104304507714,-0.07583104304507714,0.0
18.21,-0.0710411223254443,-0.0710411223254443,0.0
18.22,-0.13800665293451037,-0.13800665293451037,0.0
18.23,-0.34358567027022324,-0.34358567027022324,0.0
18.240000000000002,-0.32012494645308265,-0.32012494645308265,0.0
18.25,-0.5649671854942726,-0.5649671854942726,0.0
18.26,-0.5006064088339894,-0.5006064088339894,0.0
18.27,-0.5833070943084239,-0.5833070943084239,0.0
18.28,-0.5719809723830587,-0.5719809723830587,0.0
18.29,-0.6668349464714898,-0.6668349464714898,0.0
18.3,-0.674458107451348,-0.674458107451348,0.0
18.31,-0.7733397112056586,-0.7733397112056586,0.0
18.32,-0.8801915368280571,-0.8801915368280571,0.0
18.330000000000002,-1.0216328609008989,-1.0216328609008989,0.0
18.34,-0.9182705004285661,-0.9182705004285661,0.0
18.35,-0.8396712628917079,-0.8396712628917079,0.0
18.36,-0.9634863807938676,-0.9634863807938676,0.0
18.37,-0.847159626247084,-0.847159626247084,0.0
18.38,-1.04546765554454,-1.04546765554454,0.0
18.39,-0.9471516105022028,-0.9471516105022028,0.0
18.400000000000002,-0.8768744485410699,-0.8768744485410699,0.0
18.41,-0.8743382687014021,-0.8743382687014021,0.0
18.42,-0.8914162824434788,-0.8914162824434788,0.0
18.43,-0.7937660872067421,-0.7937660872067421,0.0
18.44,-0.8063448153861179,-0.8063448153861179,0.0
18.45,-0.7785603125734797,-0.7785603125734797,0.0
18.46,-0.7613059684588359,-0.7613059684588359,0.0
18.47,-0.6256270925533216,-0.6256270925533216,0.0
18.48,-0.5705757878975336,-0.5705757878975336,0.0
18.490000000000002,-0.5897043468605514,-0.5897043468605514,0.0
18.5,-0.5015677713958268,-0.5015677713958268,0.0
18.51,-0.3366423488691318,-0.3366423488691318,0.0
18.52,-0.2775227859315138,-0.2775227859315138,0.0
18.53,-0.18594390031714395,-0.18594390031714395,0.0
18.54,-0.22123871607982942,-0.22123871607982942,0.0
18.55,-0.11553198922413276,-0.11553198922413276,0.0
18.56,-0.06927927908212839,-0.06927927908212839,0.0
18.57,0.07585493602384447,0.07585493602384447,0.0
18.580000000000002,0.14656370692666065,0.14656370692666065,0.0
18.59,0.2026829850167422,0.2026829850167422,0.0
18.6,0.29816282802323446,0.29816282802323446,0.0
18.61,0.3340049156471079,0.3340049156471079,0.0
18.62,0.39958138152116995,0.39958138152116995,0.0
18.63,0.4548827883127453,0.4548827883127453,0.0
18.64,0.5360556113379339,0.5360556113379339,0.0
18.650000000000002,0.670362990230056,0.670362990230056,0.0
18.66,0.5821860251541179,0.5821860251541179,0.0
18.67,0.6724819332766246,0.6724819332766246,0.0
18.68,0.6224120918360627,0.6224120918360627,0.0
18.69,0.6944929263803767,0.6944929263803767,0.0
18.7,0.6808778419553301,0.6808778419553301,0.0
18.71,0.7686451388610391,0.7686451388610391,0.0
18.72,0.7275462689631524,0.7275462689631524,0.0
18.73,0.8740251783865695,0.8740251783865695,0.0
18.740000000000002,0.7614628643587084,0.7614628643587084,0.0
18.75,0.7132413302574182,0.7132413302574182,0.0
18.76,0.6448344439468717,0.6448344439468717,0.0
18.77,0.6075208727563982,0.6075208727563982,0.0
18.78,0.7055483113169414,0.7055483113169414,0.0
18.79,0.655045974077251,0.655045974077251,0.0
18.8,0.4919330711918347,0.4919330711918347,0.0
18.81,0.5226326080734781,0.5226326080734781,0.0
18.82,0.3833464177265924,0.3833464177265924,0.0
18.830000000000002,0.3065705195852242,0.3065705195852242,0.0
18.84,0.42554728315557455,0.42554728315557455,0.0
18.85,0.27256788878554095,0.27256788878554095,0.0
18.86,0.15578229473293845,0.15578229473293845,0.0
18.87,0.19919624595847177,0.19919624595847177,0.0
18.88,0.007528642079117588,0.007528642079117588,0.0
18.89,-0.10287363728369642,-0.10287363728369642,0.0
18.900000000000002,-0.13477178713892352,-0.13477178713892352,0.0
18.91,-0.16747852191907958,-0.16747852191907958,0.0
18.92,-0.2591760715552619,-0.2591760715552619,0.0
18.93,-0.357423689272766,-0.357423689272766,0.0
18.94,-0.42200079742195157,-0.42200079742195157,0.0
18.95,-0.48984068423472454,-0.48984068423472454,0.0
18.96,-0.5616950432517723,-0.5616950432517723,0.0
18.97,-0.46337854478304696,-0.46337854478304696,0.0
18.98,-0.6748689710014598,-0.6748689710014598,0.0
18.990000000000002,-0.7018989650111257,-0.7018989650111257,0.0
19.0,-0.6812515054545305,-0.6812515054545305,0.0
19.01,-0.675378787846981,-0.675378787846981,0.0
19.02,-0.7280253057490536,-0.7280253057490536,0.0
19.03,-0.7108634689413869,-0.7108634689413869,0.0
19.04,-0.7401943557577672,-0.7401943557577672,0.0
19.05,-0.7269216451593722,-0.7269216451593722,0.0
19.06,-0.6231291999502573,-0.6231291999502573,0.0
19.07,-0.7175645504286023,-0.7175645504286023,0.0
19.080000000000002,-0.6785598302016878,-0.6785598302016878,0.0
19.09,-0.603900909021383,-0.603900909021383,0.0
19.1,-0.5763345495723008,-0.5763345495723008,0.0
19.11,-0.6443097227789407,-0.6443097227789407,0.0
19.12,-0.5715462277040763,-0.5715462277040763,0.0
19.13,-0.4396324843081415,-0.4396324843081415,0.0
19.14,-0.3372043020405686,-0.3372043020405686,0.0
19.150000000000002,-0.2707756834650508,-0.2707756834650508,0.0
19.16,-0.24107182368228014,-0.24107182368228014,0.0
19.17,-0.18009690138511278,-0.18009690138511278,0.0
19.18,-0.08333070793228574,-0.08333070793228574,0.0
19.19,-0.01572749777821153,-0.01572749777821153,0.0
19.2,0.021554709672286905,0.021554709672286905,0.0
19.21,0.18150949984457904,0.18150949984457904,0.0
19.22,0.22126093525059531,0.22126093525059531,0.0
19.23,0.23535385287028832,0.23535385287028832,0.0
19.240000000000002,0.37494800995456307,0.37494800995456307,0.0
19.25,0.42064315597069046,0.42064315597069046,0.0
19.26,0.5830326032794644,0.5830326032794644,0.0
19.27,0.6056491641331369,0.6056491641331369,0.0
19.28,0.6216460895507456,0.6216460895507456,0.0
19.29,0.7254992919899487,0.7254992919899487,0.0
19.3,0.7665475168638386,0.7665475168638386,0.0
19.31,0.7377353786046944,0.7377353786046944,0.0
19.32,0.8927661502391186,0.8927661502391186,0.0
19.330000000000002,0.8028680568203049,0.8028680568203049,0.0
19.34,0.8925489291408579,0.8925489291408579,0.0
19.35,0.9210960344890052,0.9210960344890052,0.0
19.36,0.8523357442509948,0.8523357442509948,0.0
19.37,0.9333653448254159,0.9333653448254159,0.0
19.38,0.9052632565351824,0.9052632565351824,0.0
19.39,0.9164666327071282,0.9164666327071282,0.0
19.400000000000002,0.9450365499206592,0.9450365499206592,0.0
19.41,0.9410906815684261,0.9410906815684261,0.0
19.42,0.786811879247407,0.786811879247407,0.0
19.43,0.7504181565352877,0.7504181565352877,0.0
19.44,0.7272977422158665,0.7272977422158665,0.0
19.45,0.7062035465379255,0.7062035465379255,0.0
19.46,0.652528149601084,0.652528149601084,0.0
19.47,0.5611852671141642,0.5611852671141642,0.0
19.48,0.4332524343808055,0.4332524343808055,0.0
19.490000000000002,0.405272821897782,0.405272821897782,0.0
19.5,0.35869280016653804,0.35869280016653804,0.0
19.51,0.20666863340497504,0.20666863340497504,0.0
19.52,0.190979207144971,0.190979207144971,0.0
19.53,0.12899400769612826,0.12899400769612826,0.0
19.54,-0.0059484242675624105,-0.0059484242675624105,0.0
19.55,-0.014348761778434221,-0.014348761778434221,0.0
19.56,-0.028381627189419167,-0.028381627189419167,0.0
19.57,-0.2125755354593801,-0.2125755354593801,0.0
19.580000000000002,-0.2639549423747426,-0.2639549423747426,0.0
19.59,-0.4324118369075234,-0.4324118369075234,0.0
19.6,-0.4094869431569132,-0.4094869431569132,0.0
19.61,-0.4228680009137933,-0.4228680009137933,0.0
19.62,-0.4791699854765955,-0.4791699854765955,0.0
19.63,-0.599675999274912,-0.599675999274912,0.0
19.64,-0.5423983941856603,-0.5423983941856603,0.0
19.650000000000002,-0.6195574409853155,-0.6195574409853155,0.0
19.66,-0.755893327264778,-0.755893327264778,0.0
19.67,-0.7544473374007343,-0.7544473374007343,0.0
19.68,-0.8027864284725288,-0.8027864284725288,0.0
19.69,-0.7367463324267293,-0.7367463324267293,0.0
19.7,-0.676117034455057,-0.676117034455057,0.0
19.71,-0.6898258293083531,-0.6898258293083531,0.0
19.72,-0.676826283409503,-0.676826283409503,0.0
19.73,-0.6248852221016858,-0.6248852221016858,0.0
19.740000000000002,-0.6286350700236472,-0.6286350700236472,0.0
19.75,-0.6247546882562798,-0.6247546882562798,0.0
19.76,-0.5493081386368917,-0.5493081386368917,0.0
19.77,-0.44948509347482807,-0.44948509347482807,0.0
19.78,-0.37148421958880173,-0.37148421958880173,0.0
19.79,-0.33166130440287345,-0.33166130440287345,0.0
19.8,-0.27132768184241857,-0.27132768184241857,0.0
19.81,-0.24518798495403896,-0.24518798495403896,0.0
19.82,-0.1923603259966326,-0.1923603259966326,0.0
19.830000000000002,-0.08279539859916697,-0.08279539859916697,0.0
19.84,0.03956614805834795,0.03956614805834795,0.0
19.85,0.08682338972531185,0.08682338972531185,0.0
19.86,0.08372433427167517,0.08372433427167517,0.0
19.87,0.20905225921540085,0.20905225921540085,0.0
19.88,0.3353860887181297,0.3353860887181297,0.0
19.89,0.34600740956327286,0.34600740956327286,0.0
19.900000000000002,0.4423772127864986,0.4423772127864986,0.0
19.91,0.5570476752083663,0.5570476752083663,0.0
19.92,0.6005243879317179,0.6005243879317179,0.0
19.93,0.5872230872975654,0.5872230872975654,0.0
19.94,0.6710566091222642,0.6710566091222642,0.0
19.95,0.7061950389837012,0.7061950389837012,0.0
19.96,0.7578950295793364,0.7578950295793364,0.0
19.97,0.6941220408920897,0.6941220408920897,0.0
19.98,0.7533624115791405,0.7533624115791405,0.0
19.990000000000002,0.7670558131515453,0.7670558131515453,0.0
20.0,0.78808352238663,0.78808352238663,1.0
20.01,0.6926355101567747,0.78808352238663,1.0
20.02,0.6976904934616837,0.78808352238663,1.0
20.03,0.7356139466176445,0.78808352238663,1.0
20.04,0.6045823568180111,0.78808352238663,1.0
20.05,0.6709859000997964,0.78808352238663,1.0
20.06,0.4615186702694773,0.78808352238663,1.0
20.07,0.5172657818328504,0.78808352238663,1.0
20.080000000000002,0.5268614841281881,0.78808352238663,1.0
20.09,0.3325577813894589,0.78808352238663,1.0
20.1,0.3046166060576127,0.78808352238663,1.0
20.11,0.30010397066864747,0.78808352238663,1.0
20.12,0.1806036212466352,0.78808352238663,1.0
20.13,-0.009193573954006717,0.78808352238663,1.0
20.14,-0.016368460684240776,0.78808352238663,1.0
20.150000000000002,-0.11802482945844475,0.78808352238663,1.0
20.16,-0.2049617935803754,0.78808352238663,1.0
20.17,-0.31022954352763654,0.78808352238663,1.0
20.18,-0.33486103631863406,0.78808352238663,1.0
20.19,-0.48053668529758464,0.78808352238663,1.0
20.2,-0.5072423511758863,0.78808352238663,1.0
20.21,-0.6437654063841948,0.78808352238663,1.0
20.22,-0.73517502072815,0.78808352238663,1.0
20.23,-0.8120810211921001,0.78808352238663,1.0
20.240000000000002,-0.83314969324607,0.78808352238663,1.0
20.25,-0.866719853520171,0.78808352238663,1.0
20.26,-0.8738809136957517,0.78808352238663,1.0
20.27,-0.9135988682650371,0.78808352238663,1.0
20.28,-0.9335741686072961,0.78808352238663,1.0
20.29,-0.9798112258904643,0.78808352238663,1.0
20.3,-1.0845201440430614,0.78808352238663,1.0
20.31,-1.0653832305716202,0.78808352238663,1.0
20.32,-1.0780659007704096,0.78808352238663,1.0
20.330000000000002,-1.0853494835401425,0.78808352238663,1.0
20.34,-1.0388952735375376,0.78808352238663,1.0
20.35,-0.9802777479846361,0.78808352238663,1.0
20.36,-1.0066661705505158,0.78808352238663,1.0
20.37,-0.908234141634439,0.78808352238663,1.0
20.38,-0.9036148207988535,0.78808352238663,1.0
20.39,-0.9120164904190651,0.78808352238663,1.0
20.400000000000002,-0.8484274010874737,0.78808352238663,1.0
20.41,-0.6811190274858994,0.78808352238663,1.0
20.42,-0.6879215390274145,0.78808352238663,1.0
20.43,-0.6085988987128615,0.78808352238663,1.0
20.44,-0.5704233170716304,0.78808352238663,1.0
20.45,-0.4603540246389495,0.78808352238663,1.0
20.46,-0.4255093382002304,0.78808352238663,1.0
20.47,-0.4113395356716951,0.78808352238663,1.0
20.48,-0.24983685371236994,0.78808352238663,1.0
20.490000000000002,-0.2150514996329166,0.78808352238663,1.0
20.5,-0.1576846689151617,0.78808352238663,1.0
20.51,-0.059468436954745185,0.78808352238663,1.0
20.52,-0.07862077239559756,0.78808352238663,1.0
20.53,0.06690183796752164,0.78808352238663,1.0
20.54,0.13284509738630584,0.78808352238663,1.0
20.55,0.18949461539195372,0.78808352238663,1.0
20.56,0.16171056331834266,0.78808352238663,1.0
20.57,0.2282612966305636,0.78808352238663,1.0
20.580000000000002,0.2375715150677855,0.78808352238663,1.0
20.59,0.19992345359870778,0.78808352238663,1.0
20.6,0.30078486976408214,0.78808352238663,1.0
20.61,0.21709004264056098,0.78808352238663,1.0
20.62,0.2803209521833292,0.78808352238663,1.0
20.63,0.29935003412861855,0.78808352238663,1.0
20.64,0.2622274185512634,0.78808352238663,1.0
20.650000000000002,0.26953559378746617,0.78808352238663,1.0
20.66,0.24524899144600243,0.78808352238663,1.0
20.67,0.15163516426644408,0.78808352238663,1.0
20.68,0.07965477688587574,0.78808352238663,1.0
20.69,0.0729071681442025,0.78808352238663,1.0
20.7,-0.04065579635021388,0.78808352238663,1.0
20.71,-0.15403614088804662,0.78808352238663,1.0
20.72,-0.1009513343286601,0.78808352238663,1.0
20.73,-0.32584046858845556,0.78808352238663,1.0
20.740000000000002,-0.3941752967405384,0.78808352238663,1.0
20.75,-0.32246600529247627,0.78808352238663,1.0
20.76,-0.516277553313107,0.78808352238663,1.0
20.77,-0.5926597421179557,0.78808352238663,1.0
20.78,-0.6807350029318765,0.78808352238663,1.0
20.79,-0.7134971532740749,0.78808352238663,1.0
20.8,-0.9663944411757148,0.78808352238663,1.0
20.81,-0.8816870755369729,0.78808352238663,1.0
20.82,-1.0866635428490987,0.78808352238663,1.0
20.830000000000002,-1.1528901587418714,0.78808352238663,1.0
20.84,-1.161522171838329,0.78808352238663,1.0
20.85,-1.2528691054513688,0.78808352238663,1.0
20.86,-1.3520456791914213,0.78808352238663,1.0
20.87,-1.3116350518766045,0.78808352238663,1.0
20.88,-1.3530780362405643,0.78808352238663,1.0
20.89,-1.4307492251493639,0.78808352238663,1.0
20.900000000000002,-1.3885692583596048,0.78808352238663,1.0
20.91,-1.4997098300142606,0.78808352238663,1.0
20.92,-1.4170171333435864,0.78808352238663,1.0
20.93,-1.5115858102606383,0.78808352238663,1.0
20.94,-1.4941843052872428,0.78808352238663,1.0
20.95,-1.5023923020845673,0.78808352238663,1.0
20.96,-1.4836488140014925,0.78808352238663,1.0
20.97,-1.3385074335504532,0.78808352238663,1.0
20.98,-1.3526695282452517,0.78808352238663,1.0
20.990000000000002,-1.2165991526029165,0.78808352238663,1.0
21.0,-1.2506222629303552,0.78808352238663,1.0
21.01,-1.2024775092257978,0.78808352238663,1.0
21.02,-1.0287018673408177,0.78808352238663,1.0
21.03,-1.052553987276359,0.78808352238663,1.0
21.04,-0.9838829804356398,0.78808352238663,1.0
21.05,-0.8120987121406605,0.78808352238663,1.0
21.06,-0.7743652405068522,0.78808352238663,1.0
21.07,-0.7613561256879937,0.78808352238663,1.0
21.080000000000002,-0.6503749007238164,0.78808352238663,1.0
21.09,-0.5520752273610356,0.78808352238663,1.0
21.1,-0.4299279415291101,0.78808352238663,1.0
21.11,-0.40291367064225514,0.78808352238663,1.0
21.12,-0.2897105823148551,0.78808352238663,1.0
21.13,-0.2550717130007993,0.78808352238663,1.0
21.14,-0.2569355318352845,0.78808352238663,1.0
21.150000000000002,-0.24343212746231768,0.78808352238663,1.0
21.16,-0.14877367571867828,0.78808352238663,1.0
21.17,-0.13881637119295753,0.78808352238663,1.0
21.18,0.10569590633101533,0.78808352238663,1.0
21.19,-0.09588912805590433,0.78808352238663,1.0
21.2,-0.02646662974252334,0.78808352238663,1.0
21.21,0.046616071880085874,0.78808352238663,1.0
21.22,0.0925872229567386,0.78808352238663,1.0
21.23,0.03152041579955811,0.78808352238663,1.0
21.240000000000002,-0.027446106233351752,0.78808352238663,1.0
21.25,0.10408571524232968,0.78808352238663,1.0
21.26,-0.051063101165165214,0.78808352238663,1.0
21.27,-0.05263238870274878,0.78808352238663,1.0
21.28,-0.14069777955208362,0.78808352238663,1.0
21.29,-0.2148814127652563,0.78808352238663,1.0
21.3,-0.18449562237133033,0.78808352238663,1.0
21.31,-0.3834653916976922,0.78808352238663,1.0
21.32,-0.5113758181734469,0.78808352238663,1.0
21.330000000000002,-0.4754956904092193,0.78808352238663,1.0
21.34,-0.5837327428200493,0.78808352238663,1.0
21.35,-0.652042571934595,0.78808352238663,1.0
21.36,-0.7213286126189387,0.78808352238663,1.0
21.37,-0.7972844550607192,0.78808352238663,1.0
21.38,-0.9628522229363546,0.78808352238663,1.0
21.39,-0.9315228606097243,0.78808352238663,1.0
21.400000000000002,-1.1197767741953308,0.78808352238663,1.0
21.41,-1.1544932398535814,0.78808352238663,1.0
21.42,-1.1333940037847328,0.78808352238663,1.0
21.43,-1.3684825724578376,0.78808352238663,1.0
21.44,-1.3492217957751689,0.78808352238663,1.0
21.45,-1.4132941352172503,0.78808352238663,1.0
21.46,-1.363277298225777,0.78808352238663,1.0
21.47,-1.5455481438400178,0.78808352238663,1.0
21.48,-1.5201138222647943,0.78808352238663,1.0
21.490000000000002,-1.5181999402148416,0.78808352238663,1.0
21.5,-1.4830592912809923,0.78808352238663,1.0
21.51,-1.4918645743853058,0.78808352238663,1.0
21.52,-1.5091172497843548,0.78808352238663,1.0
21.53,-1.482154130650485,0.78808352238663,1.0
21.54,-1.4709064660660387,0.78808352238663,1.0
21.55,-1.4580209000190534,0.78808352238663,1.0
21.56,-1.3919154277142893,0.78808352238663,1.0
21.57,-1.392237807422884,0.78808352238663,1.0
21.580000000000002,-1.3233971549796641,0.78808352238663,1.0
21.59,-1.1807538132963715,0.78808352238663,1.0
21.6,-1.1677383451082382,0.78808352238663,1.0
21.61,-1.084696854369452,0.78808352238663,1.0
21.62,-1.0950182306012382,0.78808352238663,1.0
21.63,-0.966558137950153,0.78808352238663,1.0
21.64,-0.8477858072427459,0.78808352238663,1.0
21.650000000000002,-0.7354732743760145,0.78808352238663,1.0
21.66,-0.5810666850103066,0.78808352238663,1.0
21.67,-0.7023789536281484,0.78808352238663,1.0
21.68,-0.44791558235612505,0.78808352238663,1.0
21.69,-0.33633744437136603,0.78808352238663,1.0
21.7,-0.25548654072041177,0.78808352238663,1.0
21.71,-0.2231071436801429,0.78808352238663,1.0
21.72,-0.22822756913038839,0.78808352238663,1.0
21.73,-0.13644877396753774,0.78808352238663,1.0
21.740000000000002,0.009646139868886183,0.78808352238663,1.0
21.75,0.016719875537115625,0.78808352238663,1.0
21.76,-0.020042179604702892,0.78808352238663,1.0
21.77,0.14617157581174567,0.78808352238663,1.0
21.78,0.15543720249171533,0.78808352238663,1.0
21.79,0.10209737518494744,0.78808352238663,1.0
21.8,0.22747813998904098,0.78808352238663,1.0
21.81,0.18963152281914197,0.78808352238663,1.0
21.82,0.2755044802439749,0.78808352238663,1.0
21.830000000000002,0.1264780881672669,0.78808352238663,1.0
21.84,0.08673467894817599,0.78808352238663,1.0
21.85,0.11744749850856273,0.78808352238663,1.0
21.86,0.024834309153226597,0.78808352238663,1.0
21.87,0.04732345420255357,0.78808352238663,1.0
21.88,-0.03512446249885026,0.78808352238663,1.0
21.89,-0.030966591877062855,0.78808352238663,1.0
21.900000000000002,-0.18742142350454355,0.78808352238663,1.0
21.91,-0.20341632752804156,0.78808352238663,1.0
21.92,-0.2839835130693521,0.78808352238663,1.0
21.93,-0.39549383621130507,0.78808352238663,1.0
21.94,-0.4703505428178268,0.78808352238663,1.0
21.95,-0.5712916946207961,0.78808352238663,1.0
21.96,-0.6580080315290852,0.78808352238663,1.0
21.97,-0.7535293219394819,0.78808352238663,1.0
21.98,-0.7421931226771403,0.78808352238663,1.0
21.990000000000002,-0.922644051085751,0.78808352238663,1.0
22.0,-0.9750169640227686,0.78808352238663,1.0
22.01,-0.9816369812338059,0.78808352238663,1.0
22.02,-1.0097161174714189,0.78808352238663,1.0
22.03,-1.1526847562801907,0.78808352238663,1.0
22.04,-1.1610275440877738,0.78808352238663,1.0
22.05,-1.2532529142819513,0.78808352238663,1.0
22.06,-1.2233093370925818,0.78808352238663,1.0
22.07,-1.1539486990597494,0.78808352238663,1.0
22.080000000000002,-1.2262161133403695,0.78808352238663,1.0
22.09,-1.249543335687424,0.78808352238663,1.0
22.1,-1.2030918156738966,0.78808352238663,1.0
22.11,-1.1730634468688514,0.78808352238663,1.0
22.12,-1.2064949273777659,0.78808352238663,1.0
22.13,-1.0775509642180168,0.78808352238663,1.0
22.14,-1.1187174767996042,0.78808352238663,1.0
22.150000000000002,-1.1171605647342693,0.78808352238663,1.0
22.16,-0.9866651768450327,0.78808352238663,1.0
22.17,-1.0069826965795872,0.78808352238663,1.0
22.18,-0.877585592277264,0.78808352238663,1.0
22.19,-0.6825075110213958,0.78808352238663,1.0
22.2,-0.7408764144687521,0.78808352238663,1.0
22.21,-0.6871584749809192,0.78808352238663,1.0
22.22,-0.5220249832881325,0.78808352238663,1.0
22.23,-0.412292265273117,0.78808352238663,1.0
22.240000000000002,-0.2720765223635963,0.78808352238663,1.0
22.25,-0.21887878636641556,0.78808352238663,1.0
22.26,-0.07561378356150916,0.78808352238663,1.0
22.27,-0.02765408485321319,0.78808352238663,1.0
22.28,0.06681355198113259,0.78808352238663,1.0
22.29,0.0734399995320768,0.78808352238663,1.0
22.3,0.31141799356211936,0.78808352238663,1.0
22.31,0.2206564375246886,0.78808352238663,1.0
22.32,0.3835273566047944,0.78808352238663,1.0
22.330000000000002,0.33228309112856164,0.78808352238663,1.0
22.34,0.398311540630999,0.78808352238663,1.0
22.35,0.44122738998198596,0.78808352238663,1.0
22.36,0.5615489022498635,0.78808352238663,1.0
22.37,0.4634891235971912,0.78808352238663,1.0
22.38,0.49321875651285607,0.78808352238663,1.0
22.39,0.4777491913565452,0.78808352238663,1.0
22.400000000000002,0.5202143088342648,0.78808352238663,1.0
22.41,0.30874931576588627,0.78808352238663,1.0
22.42,0.5413995816936576,0.78808352238663,1.0
22.43,0.3097635885813108,0.78808352238663,1.0
22.44,0.2781110898314139,0.78808352238663,1.0
22.45,0.28199059806683974,0.78808352238663,1.0
22.46,0.28785774972936723,0.78808352238663,1.0
22.47,0.17412913645707367,0.78808352238663,1.0
22.48,0.09057960280024885,0.78808352238663,1.0
22.490000000000002,-0.05940655147441731,0.78808352238663,1.0
22.5,-0.06235020907644062,0.78808352238663,1.0
22.51,-0.11450799869954333,0.78808352238663,1.0
22.52,-0.22964150810902625,0.78808352238663,1.0
22.53,-0.3191640325442212,0.78808352238663,1.0
22.54,-0.4526942033936246,0.78808352238663,1.0
22.55,-0.390454316675449,0.78808352238663,1.0
22.56,-0.6395967191161749,0.78808352238663,1.0
22.57,-0.6405600970852319,0.78808352238663,1.0
22.580000000000002,-0.6637844480329076,0.78808352238663,1.0
22.59,-0.8325056364594221,0.78808352238663,1.0
22.6,-0.8354082588275709,0.78808352238663,1.0
22.61,-0.8240581878844732,0.78808352238663,1.0
22.62,-0.9486322140746138,0.78808352238663,1.0
22.63,-0.9543067960762908,0.78808352238663,1.0
22.64,-1.0314813101620435,0.78808352238663,1.0
22.650000000000002,-0.9859321592933367,0.78808352238663,1.0
22.66,-0.9734862298236073,0.78808352238663,1.0
22.67,-0.9227487925448155,0.78808352238663,1.0
22.68,-0.9814981376971462,0.78808352238663,1.0
22.69,-0.9233970593783621,0.78808352238663,1.0
22.7,-0.7741040328140482,0.78808352238663,1.0
22.71,-0.8985620379482516,0.78808352238663,1.0
22.72,-0.7424494661009289,0.78808352238663,1.0
22.73,-0.692349143988563,0.78808352238663,1.0
22.740000000000002,-0.6331051951264999,0.78808352238663,1.0
22.75,-0.5678467078494758,0.78808352238663,1.0
22.76,-0.5471383938332351,0.78808352238663,1.0
22.77,-0.44738932774994417,0.78808352238663,1.0
22.78,-0.25603635435105876,0.78808352238663,1.0
22.79,-0.17541899245265513,0.78808352238663,1.0
22.8,-0.05930080701549097,0.78808352238663,1.0
22.81,-0.00884828963723952,0.78808352238663,1.0
22.82,-0.0009523432448091951,0.78808352238663,1.0
22.830000000000002,0.06873391388902339,0.78808352238663,1.0
22.84,0.22609900834686095,0.78808352238663,1.0
22.85,0.28274788386722327,0.78808352238663,1.0
22.86,0.4509680076484066,0.78808352238663,1.0
22.87,0.44162533576979757,0.78808352238663,1.0
22.88,0.5461782105825834,0.78808352238663,1.0
22.89,0.614767027976815,0.78808352238663,1.0
22.900000000000002,0.6352829622680652,0.78808352238663,1.0
22.91,0.5816816558539102,0.78808352238663,1.0
22.92,0.5861808106595239,0.78808352238663,1.0
22.93,0.6464473491656091,0.78808352238663,1.0
22.94,0.5646083437085647,0.78808352238663,1.0
22.95,0.4956821644567867,0.78808352238663,1.0
22.96,0.5058378561822473,0.78808352238663,1.0
22.97,0.6197316235812098,0.78808352238663,1.0
22.98,0.5721713904349419,0.78808352238663,1.0
22.990000000000002,0.524180321207964,0.78808352238663,1.0
23.0,0.5269601063473652,0.78808352238663,1.0
23.01,0.3703952779907036,0.78808352238663,1.0
23.02,0.3473960612489491,0.78808352238663,1.0
23.03,0.20773296809949146,0.78808352238663,1.0
23.04,0.15661138238518818,0.78808352238663,1.0
23.05,0.05924592348056246,0.78808352238663,1.0
23.06,-0.09711751670321084,0.78808352238663,1.0
23.07,-0.19853116054665182,0.78808352238663,1.0
23.080000000000002,-0.32636718414736043,0.78808352238663,1.0
23.09,-0.2611977585020537,0.78808352238663,1.0
23.1,-0.4279528606816894,0.78808352238663,1.0
23.11,-0.41657198671732115,0.78808352238663,1.0
23.12,-0.531131921542265,0.78808352238663,1.0
23.13,-0.6887050355553817,0.78808352238663,1.0
23.14,-0.7411028298108346,0.78808352238663,1.0
23.150000000000002,-0.7445780983671922,0.78808352238663,1.0
23.16,-0.8214961414664408,0.78808352238663,1.0
23.17,-0.8595926086234604,0.78808352238663,1.0
23.18,-1.0083900735993525,0.78808352238663,1.0
23.19,-0.9476529272217564,0.78808352238663,1.0
23.2,-0.9751298837552158,0.78808352238663,1.0
23.21,-0.9470171167039919,0.78808352238663,1.0
23.22,-1.0144148668924111,0.78808352238663,1.0
23.23,-0.9385937188661035,0.78808352238663,1.0
23.240000000000002,-1.0389191089966272,0.78808352238663,1.0
23.25,-0.9313070685478,0.78808352238663,1.0
23.26,-0.8833402641133986,0.78808352238663,1.0
23.27,-0.8619326362255972,0.78808352238663,1.0
23.28,-0.6834289893324043,0.78808352238663,1.0
23.29,-0.7200132438068546,0.78808352238663,1.0
23.3,-0.7310824567155709,0.78808352238663,1.0
23.31,-0.5674450306531335,0.78808352238663,1.0
23.32,-0.5077973021730986,0.78808352238663,1.0
23.330000000000002,-0.462454920500621,0.78808352238663,1.0
23.34,-0.35363259119699614,0.78808352238663,1.0
23.35,-0.2743142133794009,0.78808352238663,1.0
23.36,-0.2640551132301582,0.78808352238663,1.0
23.37,-0.09698564716414548,0.78808352238663,1.0
23.38,0.005288109395181817,0.78808352238663,1.0
23.39,0.08579728831085193,0.78808352238663,1.0
23.400000000000002,0.08918651760636914,0.78808352238663,1.0
23.41,0.17331704105237428,0.78808352238663,1.0
23.42,0.30185726262229273,0.78808352238663,1.0
23.43,0.4679650952200941,0.78808352238663,1.0
23.44,0.3191893743451928,0.78808352238663,1.0
23.45,0.4308386482285007,0.78808352238663,1.0
23.46,0.4540063620739055,0.78808352238663,1.0
23.47,0.4798589533712217,0.78808352238663,1.0
23.48,0.471042616591459,0.78808352238663,1.0
23.490000000000002,0.4778704981947197,0.78808352238663,1.0
23.5,0.4603629142131356,0.78808352238663,1.0
23.51,0.5402763429729502,0.78808352238663,1.0
23.52,0.3591720984395091,0.78808352238663,1.0
23.53,0.3014582701438417,0.78808352238663,1.0
23.54,0.253497962775387,0.78808352238663,1.0
23.55,0.15326352614947136,0.78808352238663,1.0
23.56,0.08143203266218652,0.78808352238663,1.0
23.57,0.06633056843022606,0.78808352238663,1.0
23.580000000000002,-0.043031823764722366,0.78808352238663,1.0
23.59,-0.06977422600430155,0.78808352238663,1.0
23.6,-0.22505333836707486,0.78808352238663,1.0
23.61,-0.16507164688441284,0.78808352238663,1.0
23.62,-0.34595686719707064,0.78808352238663,1.0
23.63,-0.5525421478359266,0.78808352238663,1.0
23.64,-0.5726623488446234,0.78808352238663,1.0
23.650000000000002,-0.7022269720024524,0.78808352238663,1.0
23.66,-0.710059526424155,0.78808352238663,1.0
23.67,-0.8310392505279556,0.78808352238663,1.0
23.68,-0.9540978754009708,0.78808352238663,1.0
23.69,-0.9975769514846293,0.78808352238663,1.0
23.7,-1.0353858447814646,0.78808352238663,1.0
23.71,-1.1136529755070572,0.78808352238663,1.0
23.72,-1.1004676299857974,0.78808352238663,1.0
23.73,-1.2666027525395502,0.78808352238663,1.0
23.740000000000002,-1.113021134873528,0.78808352238663,1.0
23.75,-1.2743936552881605,0.78808352238663,1.0
23.76,-1.2294267125736713,0.78808352238663,1.0
23.77,-1.2241546403781527,0.78808352238663,1.0
23.78,-1.1967178643725245,0.78808352238663,1.0
23.79,-1.126544802393739,0.78808352238663,1.0
23.8,-1.1322736182417525,0.78808352238663,1.0
23.81,-1.073644363713386,0.78808352238663,1.0
23.82,-0.962562715300289,0.78808352238663,1.0
23.830000000000002,-1.0367345790820415,0.78808352238663,1.0
23.84,-0.8911740967261299,0.78808352238663,1.0
23.85,-0.8108363901432009,0.78808352238663,1.0
23.86,-0.6865901938145837,0.78808352238663,1.0
23.87,-0.6571794640701432,0.78808352238663,1.0
23.88,-0.583944090153668,0.78808352238663,1.0
23.89,-0.39378084036193006,0.78808352238663,1.0
23.900000000000002,-0.3571268297001795,0.78808352238663,1.0
23.91,-0.27447414845378737,0.78808352238663,1.0
23.92,-0.1687185485079628,0.78808352238663,1.0
23.93,-0.1195609107327219,0.78808352238663,1.0
23.94,-0.03997684775577509,0.78808352238663,1.0
23.95,0.07948855238678937,0.78808352238663,1.0
23.96,0.017527888945306103,0.78808352238663,1.0
23.97,0.16686981426432107,0.78808352238663,1.0
23.98,0.2673418502610335,0.78808352238663,1.0
23.990000000000002,0.19654909665738896,0.78808352238663,1.0
24.0,0.25629446498661035,0.78808352238663,1.0
24.01,0.31187327644989565,0.78808352238663,1.0
24.02,0.35018248027146304,0.78808352238663,1.0
24.03,0.227339333777832,0.78808352238663,1.0
24.04,0.34542001450321025,0.78808352238663,1.0
24.05,0.22596951032898327,0.78808352238663,1.0
24.060000000000002,0.21288666713101434,0.78808352238663,1.0
24.07,0.1931434463154051,0.78808352238663,1.0
24.080000000000002,0.0760510780060859,0.78808352238663,1.0
24.09,-0.0466964206256375,0.78808352238663,1.0
24.1,-0.05540766815895676,0.78808352238663,1.0
24.11,-0.080186993948753,0.78808352238663,1.0
24.12,-0.15268695006256344,0.78808352238663,1.0
24.13,-0.33100966624039074,0.78808352238663,1.0
24.14,-0.3920553801517632,0.78808352238663,1.0
24.150000000000002,-0.5253389702356804,0.78808352238663,1.0
24.16,-0.5641336491112918,0.78808352238663,1.0
24.17,-0.6674887895280632,0.78808352238663,1.0
24.18,-0.6748173218054317,0.78808352238663,1.0
24.19,-0.900151724050309,0.78808352238663,1.0
24.2,-0.9694367212251261,0.78808352238663,1.0
24.21,-0.9843105954924135,0.78808352238663,1.0
24.22,-1.05854907265845,0.78808352238663,1.0
24.23,-1.1426061300121404,0.78808352238663,1.0
24.240000000000002,-1.1687192791383767,0.78808352238663,1.0
24.25,-1.275335266983645,0.78808352238663,1.0
24.26,-1.293322408280552,0.78808352238663,1.0
24.27,-1.2740404107827115,0.78808352238663,1.0
24.28,-1.298593197191965,0.78808352238663,1.0
24.29,-1.173465379809186,0.78808352238663,1.0
24.3,-1.2512297366955818,0.78808352238663,1.0
24.310000000000002,-1.2629368310520859,0.78808352238663,1.0
24.32,-1.1559681933374222,0.78808352238663,1.0
24.330000000000002,-1.1914011746050188,0.78808352238663,1.0
24.34,-1.1511594821824231,0.78808352238663,1.0
24.35,-1.1110516492047005,0.78808352238663,1.0
24.36,-0.8942402924981552,0.78808352238663,1.0
24.37,-0.9930373789056353,0.78808352238663,1.0
24.38,-0.8816913050183217,0.78808352238663,1.0
24.39,-0.7062082173665568,0.78808352238663,1.0
24.400000000000002,-0.600532484905521,0.78808352238663,1.0
24.41,-0.521628969571937,0.78808352238663,1.0
24.42,-0.42363310958544487,0.78808352238663,1.0
24.43,-0.30369564407641414,0.78808352238663,1.0
24.44,-0.19924595518440155,0.78808352238663,1.0
24.45,-0.19592599612510458,0.78808352238663,1.0
24.46,-0.08153892112851463,0.78808352238663,1.0
24.47,-0.06608407756861501,0.78808352238663,1.0
24.48,0.02138530560555829,0.78808352238663,1.0
24.490000000000002,0.13774496966097816,0.78808352238663,1.0
24.5,0.3187131250005192,0.78808352238663,1.0
24.51,0.17420473625938893,0.78808352238663,1.0
24.52,0.3089138628522832,0.78808352238663,1.0
24.53,0.40131936128811246,0.78808352238663,1.0
24.54,0.4174449326045238,0.78808352238663,1.0
24.55,0.4314440964371111,0.78808352238663,1.0
24.560000000000002,0.3638024754956122,0.78808352238663,1.0
24.57,0.3693782578932543,0.78808352238663,1.0
24.580000000000002,0.36543455147279347,0.78808352238663,1.0
24.59,0.33135739161244204,0.78808352238663,1.0
24.6,0.30423738986220866,0.78808352238663,1.0
24.61,0.24364419815556848,0.78808352238663,1.0
24.62,0.10134886397369036,0.78808352238663,1.0
24.63,-0.01733706414355779,0.78808352238663,1.0
24.64,0.054897958401144975,0.78808352238663,1.0
24.650000000000002,-0.11458980548516767,0.78808352238663,1.0
24.66,-0.19341982551688314,0.78808352238663,1.0
24.67,-0.3354789805669239,0.78808352238663,1.0
24.68,-0.3404559661739316,0.78808352238663,1.0
24.69,-0.4606653427605201,0.78808352238663,1.0
24.7,-0.543292363379662,0.78808352238663,1.0
24.71,-0.7020578397915107,0.78808352238663,1.0
24.72,-0.7472636810209655,0.78808352238663,1.0
24.73,-0.8343666191638762,0.78808352238663,1.0
24.740000000000002,-0.8608007188411202,0.78808352238663,1.0
24.75,-0.8762935505130078,0.78808352238663,1.0
24.76,-0.9109894046233604,0.78808352238663,1.0
24.77,-0.9640139280653979,0.78808352238663,1.0
24.78,-1.0506206928755932,0.78808352238663,1.0
24.79,-1.0121142189866528,0.78808352238663,1.0
24.8,-1.1299175094440548,0.78808352238663,1.0
24.810000000000002,-1.0834933190735083,0.78808352238663,1.0
24.82,-0.9638888200321505,0.78808352238663,1.0
24.830000000000002,-0.9310983775723418,0.78808352238663,1.0
24.84,-0.8910351611462843,0.78808352238663,1.0
24.85,-0.914930998300312,0.78808352238663,1.0
24.86,-0.8839480544688333,0.78808352238663,1.0
24.87,-0.7701391067379557,0.78808352238663,1.0
24.88,-0.6976305569467824,0.78808352238663,1.0
24.89,-0.6533276941806938,0.78808352238663,1.0
24.900000000000002,-0.5277876484601838,0.78808352238663,1.0
24.91,-0.47538589558652766,0.78808352238663,1.0
24.92,-0.44241776587021575,0.78808352238663,1.0
24.93,-0.18964962994124737,0.78808352238663,1.0
24.94,-0.16409958492949994,0.78808352238663,1.0
24.95,-0.03549147192024629,0.78808352238663,1.0
24.96,0.012218403966957475,0.78808352238663,1.0
24.97,0.14497292733680314,0.78808352238663,1.0
24.98,0.24954919519952914,0.78808352238663,1.0
24.990000000000002,0.29519001337377093,0.78808352238663,1.0
25.0,0.5121081418267295,0.78808352238663,1.0
25.01,0.5030415624434099,0.78808352238663,1.0
25.02,0.6767637029216556,0.78808352238663,1.0
25.03,0.591718956056131,0.78808352238663,1.0
25.04,0.6589970765508293,0.78808352238663,1.0
25.05,0.6853278340889346,0.78808352238663,1.0
25.060000000000002,0.7557289524863462,0.78808352238663,1.0
25.07,0.7913126136410892,0.78808352238663,1.0
25.080000000000002,0.7359697757721557,0.78808352238663,1.0
25.09,0.7465064455327899,0.78808352238663,1.0
25.1,0.6726528664383228,0.78808352238663,1.0
25.11,0.707035841244586,0.78808352238663,1.0
25.12,0.5610192633050872,0.78808352238663,1.0
25.13,0.5565825555668492,0.78808352238663,1.0
25.14,0.5595200947298692,0.78808352238663,1.0
25.150000000000002,0.4078180198117147,0.78808352238663,1.0
25.16,0.313610829860567,0.78808352238663,1.0
25.17,0.2683147981238078,0.78808352238663,1.0
25.18,0.11744696006345597,0.78808352238663,1.0
25.19,0.02748435720944659,0.78808352238663,1.0
25.2,0.0416242111338742,0.78808352238663,1.0
25.21,-0.13873456849864918,0.78808352238663,1.0
25.22,-0.23173591377315833,0.78808352238663,1.0
25.23,-0.20333231961841813,0.78808352238663,1.0
25.240000000000002,-0.39111784388398485,0.78808352238663,1.0
25.25,-0.486812465749755,0.78808352238663,1.0
25.26,-0.5948279371135854,0.78808352238663,1.0
25.27,-0.4529529270896512,0.78808352238663,1.0
25.28,-0.6712686580861658,0.78808352238663,1.0
25.29,-0.5934139740074349,0.78808352238663,1.0
25.3,-0.6461001441896514,0.78808352238663,1.0
25.310000000000002,-0.5775135397411159,0.78808352238663,1.0
25.32,-0.6857766029842576,0.78808352238663,1.0
25.330000000000002,-0.6264918710467463,0.78808352238663,1.0
25.34,-0.5565601268589478,0.78808352238663,1.0
25.35,-0.5848712426736544,0.78808352238663,1.0
25.36,-0.4775157134555242,0.78808352238663,1.0
25.37,-0.39251255362796056,0.78808352238663,1.0
25.38,-0.39019332553424885,0.78808352238663,1.0
25.39,-0.371519172549043,0.78808352238663,1.0
25.400000000000002,-0.2535003409109962,0.78808352238663,1.0
25.41,-0.16382606250697274,0.78808352238663,1.0
25.42,0.06298795387124037,0.78808352238663,1.0
25.43,0.08454258789949534,0.78808352238663,1.0
25.44,0.1267640134433811,0.78808352238663,1.0
25.45,0.3307719288445755,0.78808352238663,1.0
25.46,0.3470655033621223,0.78808352238663,1.0
25.47,0.5905221958114286,0.78808352238663,1.0
25.48,0.5354825908158469,0.78808352238663,1.0
25.490000000000002,0.7352690635218077,0.78808352238663,1.0
25.5,0.7278001462326525,0.78808352238663,1.0
25.51,0.9541834866587172,0.78808352238663,1.0
25.52,0.9516872155404147,0.78808352238663,1.0
25.53,1.0654965179124551,0.78808352238663,1.0
25.54,1.1056311039811892,0.78808352238663,1.0
25.55,1.104699822473336,0.78808352238663,1.0
25.560000000000002,1.0311410638759164,0.78808352238663,1.0
25.57,1.1436424054694898,0.78808352238663,1.0
25.580000000000002,1.1529449042558129,0.78808352238663,1.0
25.59,1.1443933713215895,0.78808352238663,1.0
25.6,1.2246442544062563,0.78808352238663,1.0
25.61,1.0871568594696803,0.78808352238663,1.0
25.62,1.0553380205670475,0.78808352238663,1.0
25.63,0.9287666830536497,0.78808352238663,1.0
25.64,0.846666892571647,0.78808352238663,1.0
25.650000000000002,0.8047551468627623,0.78808352238663,1.0
25.66,0.7159852777023648,0.78808352238663,1.0
25.67,0.6004072086781826,0.78808352238663,1.0
25.68,0.5701673128390868,0.78808352238663,1.0
25.69,0.4417308557943982,0.78808352238663,1.0
25.7,0.4114132134079898,0.78808352238663,1.0
25.71,0.30971722850230343,0.78808352238663,1.0
25.72,0.3018523687700254,0.78808352238663,1.0
25.73,0.16294647681183116,0.78808352238663,1.0
25.740000000000002,0.05543723672192513,0.78808352238663,1.0
25.75,-0.08297922156580151,0.78808352238663,1.0
25.76,-0.1038248882033051,0.78808352238663,1.0
25.77,-0.21356928172194817,0.78808352238663,1.0
25.78,-0.3008408955533202,0.78808352238663,1.0
25.79,-0.32213771629605503,0.78808352238663,1.0
25.8,-0.3463060132652555,0.78808352238663,1.0
25.810000000000002,-0.3347331240487576,0.78808352238663,1.0
25.82,-0.3469822858318188,0.78808352238663,1.0
25.830000000000002,-0.31439410563707487,0.78808352238663,1.0
25.84,-0.3583412859484321,0.78808352238663,1.0
25.85,-0.26027720718814673,0.78808352238663,1.0
25.86,-0.2996844410606277,0.78808352238663,1.0
25.87,-0.2047188794647608,0.78808352238663,1.0
25.88,-0.03759785208752631,0.78808352238663,1.0
25.89,-0.039293142048916374,0.78808352238663,1.0
25.900000000000002,0.14268210560713868,0.78808352238663,1.0
25.91,0.10521129547290275,0.78808352238663,1.0
25.92,0.23491795605651816,0.78808352238663,1.0
25.93,0.2787387767492739,0.78808352238663,1.0
25.94,0.5226619617938782,0.78808352238663,1.0
25.95,0.6053098571780182,0.78808352238663,1.0
25.96,0.657107795508195,0.78808352238663,1.0
25.97,0.7045927055813372,0.78808352238663,1.0
25.98,0.8691416823486934,0.78808352238663,1.0
25.990000000000002,0.9793590969451476,0.78808352238663,1.0
26.0,1.0671157222326397,0.78808352238663,1.0
26.01,1.0709551391550947,0.78808352238663,1.0
26.02,1.1879038801537845,0.78808352238663,1.0
26.03,1.1997166821829275,0.78808352238663,1.0
26.04,1.266302649052974,0.78808352238663,1.0
26.05,1.2505975386349033,0.78808352238663,1.0
26.060000000000002,1.385254050233467,0.78808352238663,1.0
26.07,1.3045486642157575,0.78808352238663,1.0
26.080000000000002,1.316522739647466,0.78808352238663,1.0
26.09,1.3224733733755913,0.78808352238663,1.0
26.1,1.2583116839744775,0.78808352238663,1.0
26.11,1.2264088793334407,0.78808352238663,1.0
26.12,1.133042361814836,0.78808352238663,1.0
26.13,1.0592953276658508,0.78808352238663,1.0
26.14,1.0884683958535257,0.78808352238663,1.0
26.150000000000002,1.0118204700518365,0.78808352238663,1.0
26.16,0.8510247109602683,0.78808352238663,1.0
26.17,0.7235098769068289,0.78808352238663,1.0
26.18,0.6950958467071794,0.78808352238663,1.0
26.19,0.557750947012809,0.78808352238663,1.0
26.2,0.4097938186917279,0.78808352238663,1.0
26.21,0.3149657861566209,0.78808352238663,1.0
26.22,0.21053373255710772,0.78808352238663,1.0
26.23,0.17875051741233167,0.78808352238663,1.0
26.240000000000002,0.017169030240732464,0.78808352238663,1.0
26.25,-0.12529394231253155,0.78808352238663,1.0
26.26,-0.13556414497959812,0.78808352238663,1.0
26.27,-0.21295528965865362,0.78808352238663,1.0
26.28,-0.2715555951267662,0.78808352238663,1.0
26.29,-0.31908962218845893,0.78808352238663,1.0
26.3,-0.23000768143033035,0.78808352238663,1.0
26.310000000000002,-0.32785135572181245,0.78808352238663,1.0
26.32,-0.3394757131770223,0.78808352238663,1.0
26.330000000000002,-0.35830027470470205,0.78808352238663,1.0
26.34,-0.33927305183569767,0.78808352238663,1.0
26.35,-0.24944774143520282,0.78808352238663,1.0
26.36,-0.1555557607169984,0.78808352238663,1.0
26.37,-0.2385118929107234,0.78808352238663,1.0
26.38,0.015700878925766437,0.78808352238663,1.0
26.39,0.022707726176820875,0.78808352238663,1.0
26.400000000000002,0.1444919027282251,0.78808352238663,1.0
26.41,0.22340532825822113,0.78808352238663,1.0
26.42,0.2908700684535054,0.78808352238663,1.0
26.43,0.3976686909680589,0.78808352238663,1.0
26.44,0.518771267921102,0.78808352238663,1.0
26.45,0.5398609829400606,0.78808352238663,1.0
26.46,0.7696808423894714,0.78808352238663,1.0
26.47,0.7477308614362108,0.78808352238663,1.0
26.48,0.8041874080209519,0.78808352238663,1.0
26.490000000000002,0.9915337464335794,0.78808352238663,1.0
26.5,1.0483697852476241,0.78808352238663,1.0
26.51,1.0440691446407249,0.78808352238663,1.0
26.52,1.1418031907245092,0.78808352238663,1.0
26.53,1.0974352470877649,0.78808352238663,1.0
26.54,1.1317728019356446,0.78808352238663,1.0
26.55,1.2412030150479638,0.78808352238663,1.0
26.560000000000002,1.1429669853738278,0.78808352238663,1.0
26.57,1.2814547189448227,0.78808352238663,1.0
26.580000000000002,1.1727577412358312,0.78808352238663,1.0
26.59,1.0710370886888407,0.78808352238663,1.0
26.6,1.108412559659979,0.78808352238663,1.0
26.61,1.0253883036934603,0.78808352238663,1.0
26.62,0.9390413981850628,0.78808352238663,1.0
26.63,0.8848726665674348,0.78808352238663,1.0
26.64,0.8365198150670837,0.78808352238663,1.0
26.650000000000002,0.713856294490972,0.78808352238663,1.0
26.66,0.6389471442103684,0.78808352238663,1.0
26.67,0.4711379001450781,0.78808352238663,1.0
26.68,0.4111110893892463,0.78808352238663,1.0
26.69,0.254787702391077,0.78808352238663,1.0
26.7,0.09985916444420864,0.78808352238663,1.0
26.71,0.06621498080342036,0.78808352238663,1.0
26.72,-0.08691276693824335,0.78808352238663,1.0
26.73,-0.13362909907196757,0.78808352238663,1.0
26.740000000000002,-0.24080463697224408,0.78808352238663,1.0
26.75,-0.24365612173641465,0.78808352238663,1.0
26.76,-0.28922833344238374,0.78808352238663,1.0
26.77,-0.4085521123731507,0.78808352238663,1.0
26.78,-0.4388373729393684,0.78808352238663,1.0
26.79,-0.4407226775049685,0.78808352238663,1.0
26.8,-0.43262079893259603,0.78808352238663,1.0
26.810000000000002,-0.40575462401220247,0.78808352238663,1.0
26.82,-0.5069732468580589,0.78808352238663,1.0
26.830000000000002,-0.41544958965407514,0.78808352238663,1.0
26.84,-0.36482803852945284,0.78808352238663,1.0
26.85,-0.40857057687160636,0.78808352238663,1.0
26.86,-0.26962742696944725,0.78808352238663,1.0
26.87,-0.17930312398698595,0.78808352238663,1.0
26.88,-0.19824040827260198,0.78808352238663,1.0
26.89,0.024492304271021337,0.78808352238663,1.0
26.900000000000002,0.0822286591858796,0.78808352238663,1.0
26.91,0.15416740531999862,0.78808352238663,1.0
26.92,0.2620879879607667,0.78808352238663,1.0
26.93,0.3007563797605405,0.78808352238663,1.0
26.94,0.47541458660528213,0.78808352238663,1.0
26.95,0.5783632231206939,0.78808352238663,1.0
26.96,0.6485625200387765,0.78808352238663,1.0
26.97,0.7797143721750168,0.78808352238663,1.0
26.98,0.890932839500693,0.78808352238663,1.0
26.990000000000002,0.8048787625617493,0.78808352238663,1.0
27.0,0.9439111548207375,0.78808352238663,1.0
27.01,1.010386668337659,0.78808352238663,1.0
27.02,0.9918421537225641,0.78808352238663,1.0
27.03,0.9681049284699363,0.78808352238663,1.0
27.04,1.005504667783469,0.78808352238663,1.0
27.05,1.03851868339614,0.78808352238663,1.0
27.060000000000002,1.058364674157207,0.78808352238663,1.0
27.07,0.8986833749741372,0.78808352238663,1.0
27.080000000000002,0.8783098825610911,0.78808352238663,1.0
27.09,0.8134608265301364,0.78808352238663,1.0
27.1,0.7922485877753047,0.78808352238663,1.0
27.11,0.6240087159523677,0.78808352238663,1.0
27.12,0.5180957230085105,0.78808352238663,1.0
27.13,0.4733751149180736,0.78808352238663,1.0
27.14,0.3096667567618929,0.78808352238663,1.0
27.150000000000002,0.3190326066952054,0.78808352238663,1.0
27.16,0.20069358365253342,0.78808352238663,1.0
27.17,0.06005672854979295,0.78808352238663,1.0
27.18,-0.02159000018327406,0.78808352238663,1.0
27.19,-0.19274263487807536,0.78808352238663,1.0
27.2,-0.18454081570647024,0.78808352238663,1.0
27.21,-0.33041496324734254,0.78808352238663,1.0
27.22,-0.42462337749766443,0.78808352238663,1.0
27.23,-0.4990508665460015,0.78808352238663,1.0
27.240000000000002,-0.4994423334632826,0.78808352238663,1.0
27.25,-0.5877784422775273,0.78808352238663,1.0
27.26,-0.5148741548223208,0.78808352238663,1.0
27.27,-0.6352122936760086,0.78808352238663,1.0
27.28,-0.6647187097355731,0.78808352238663,1.0
27.29,-0.5919453601861399,0.78808352238663,1.0
27.3,-0.6139788861509018,0.78808352238663,1.0
27.310000000000002,-0.622431942936398,0.78808352238663,1.0
27.32,-0.5373020864878121,0.78808352238663,1.0
27.330000000000002,-0.4878774160069361,0.78808352238663,1.0
27.34,-0.33124836791424683,0.78808352238663,1.0
27.35,-0.3581003920135094,0.78808352238663,1.0
27.36,-0.25389036713361435,0.78808352238663,1.0
27.37,-0.1372800883723887,0.78808352238663,1.0
27.38,-0.0007507278082732882,0.78808352238663,1.0
27.39,0.0279848733070389,0.78808352238663,1.0
27.400000000000002,0.07259200727968623,0.78808352238663,1.0
27.41,0.28026516006052893,0.78808352238663,1.0
27.42,0.45494535481118026,0.78808352238663,1.0
27.43,0.5480576396207262,0.78808352238663,1.0
27.44,0.6142184504019339,0.78808352238663,1.0
27.45,0.6656642810694415,0.78808352238663,1.0
27.46,0.7612421933179789,0.78808352238663,1.0
27.47,0.8600803786092824,0.78808352238663,1.0
27.48,0.8576544098951349,0.78808352238663,1.0
27.490000000000002,0.8389604446070729,0.78808352238663,1.0
27.5,0.9755422250243596,0.78808352238663,1.0
27.51,0.917322301527052,0.78808352238663,1.0
27.52,1.012966110845581,0.78808352238663,1.0
27.53,0.9428926936897926,0.78808352238663,1.0
27.54,0.8829932539446073,0.78808352238663,1.0
27.55,0.8877335272795018,0.78808352238663,1.0
27.560000000000002,0.7765458087471571,0.78808352238663,1.0
27.57,0.8229205593743063,0.78808352238663,1.0
27.580000000000002,0.7369562894679473,0.78808352238663,1.0
27.59,0.5791215520322189,0.78808352238663,1.0
27.6,0.4100268299144666,0.78808352238663,1.0
27.61,0.485808778215273,0.78808352238663,1.0
27.62,0.38783160364619523,0.78808352238663,1.0
27.63,0.22873976667123427,0.78808352238663,1.0
27.64,0.09523454335417929,0.78808352238663,1.0
27.650000000000002,0.02216459894465822,0.78808352238663,1.0
27.66,-0.0923076743157451,0.78808352238663,1.0
27.67,-0.24058795753255657,0.78808352238663,1.0
27.68,-0.4159132487429543,0.78808352238663,1.0
27.69,-0.3254884288856846,0.78808352238663,1.0
27.7,-0.41449120956748275,0.78808352238663,1.0
27.71,-0.46761642376004064,0.78808352238663,1.0
27.72,-0.5639195099374085,0.78808352238663,1.0
27.73,-0.5276329562980722,0.78808352238663,1.0
27.740000000000002,-0.5873727367012329,0.78808352238663,1.0
27.75,-0.5737152532267432,0.78808352238663,1.0
27.76,-0.5886024481362808,0.78808352238663,1.0
27.77,-0.4855076325509119,0.78808352238663,1.0
27.78,-0.4796064741696589,0.78808352238663,1.0
27.79,-0.45392386385625133,0.78808352238663,1.0
27.8,-0.3879143027368433,0.78808352238663,1.0
27.810000000000002,-0.2568998582841201,0.78808352238663,1.0
27.82,-0.12085840834506417,0.78808352238663,1.0
27.830000000000002,-0.06246862829702082,0.78808352238663,1.0
27.84,0.10787615375285792,0.78808352238663,1.0
27.85,0.03448082236429398,0.78808352238663,1.0
27.86,0.20141661040527928,0.78808352238663,1.0
27.87,0.28670629255873814,0.78808352238663,1.0
27.88,0.4132918179348487,0.78808352238663,1.0
27.89,0.6079678062174934,0.78808352238663,1.0
27.900000000000002,0.6909932477509813,0.78808352238663,1.0
27.91,0.7528559407999058,0.78808352238663,1.0
27.92,0.8034162436043153,0.78808352238663,1.0
27.93,0.9513132661972992,0.78808352238663,1.0
27.94,0.9563972876029818,0.78808352238663,1.0
27.95,1.115352332521001,0.78808352238663,1.0
27.96,1.0357585260188393,0.78808352238663,1.0
27.97,1.0673998600345451,0.78808352238663,1.0
27.98,1.1808592017021513,0.78808352238663,1.0
27.990000000000002,1.1085563320626262,0.78808352238663,1.0
28.0,1.0558765320926151,0.78808352238663,1.0
28.01,1.0961164243655308,0.78808352238663,1.0
28.02,1.0643359087080855,0.78808352238663,1.0
28.03,0.9626375294282051,0.78808352238663,1.0
28.04,0.904681294830762,0.78808352238663,1.0
28.05,0.9060999165948285,0.78808352238663,1.0
28.060000000000002,0.7978884634097314,0.78808352238663,1.0
28.07,0.6177450790709903,0.78808352238663,1.0
28.080000000000002,0.5659527603551613,0.78808352238663,1.0
28.09,0.4672168933210558,0.78808352238663,1.0
28.1,0.33560046283341305,0.78808352238663,1.0
28.11,0.33588627832772244,0.78808352238663,1.0
28.12,0.1306035764538883,0.78808352238663,1.0
28.13,0.006213986818989825,0.78808352238663,1.0
28.14,0.0008239772471071993,0.78808352238663,1.0
28.150000000000002,-0.15477493031054845,0.78808352238663,1.0
28.16,-0.20041263220135602,0.78808352238663,1.0
28.17,-0.09749881804566429,0.78808352238663,1.0
28.18,-0.31712821253285883,0.78808352238663,1.0
28.19,-0.36299558492672035,0.78808352238663,1.0
28.2,-0.27734124926079007,0.78808352238663,1.0
28.21,-0.39194578143683856,0.78808352238663,1.0
28.22,-0.24013586597457137,0.78808352238663,1.0
28.23,-0.2792336748029782,0.78808352238663,1.0
28.240000000000002,-0.28366375120768694,0.78808352238663,1.0
28.25,-0.280870825325357,0.78808352238663,1.0
28.26,-0.22140519846024387,0.78808352238663,1.0
28.27,-0.021975438748677356,0.78808352238663,1.0
28.28,0.06412472252892443,0.78808352238663,1.0
28.29,0.15689151949780467,0.78808352238663,1.0
28.3,0.2259023055903852,0.78808352238663,1.0
28.310000000000002,0.3820166335196079,0.78808352238663,1.0
28.32,0.3685525343612901,0.78808352238663,1.0
28.330000000000002,0.5733817282782973,0.78808352238663,1.0
28.34,0.7501022149168779,0.78808352238663,1.0
28.35,0.7800874290569377,0.78808352238663,1.0
28.36,0.9096560978258227,0.78808352238663,1.0
28.37,0.9496771545521384,0.78808352238663,1.0
28.38,1.1201798594077386,0.78808352238663,1.0
28.39,1.1563604226768875,0.78808352238663,1.0
28.400000000000002,1.3209318378836572,0.78808352238663,1.0
28.41,1.3485997266511176,0.78808352238663,1.0
28.42,1.270101098789468,0.78808352238663,1.0
28.43,1.3611364428051993,0.78808352238663,1.0
28.44,1.422672918565433,0.78808352238663,1.0
28.45,1.2971928357835347,0.78808352238663,1.0
28.46,1.451421053820995,0.78808352238663,1.0
28.47,1.35704622400704,0.78808352238663,1.0
28.48,1.1719833015786598,0.78808352238663,1.0
28.490000000000002,1.211437063788447,0.78808352238663,1.0
28.5,1.1404850512717526,0.78808352238663,1.0
28.51,1.147889501660076,0.78808352238663,1.0
28.52,1.0488018594683273,0.78808352238663,1.0
28.53,0.9071000873613115,0.78808352238663,1.0
28.54,0.8298000666681935,0.78808352238663,1.0
28.55,0.7022901273330803,0.78808352238663,1.0
28.560000000000002,0.6259176858201038,0.78808352238663,1.0
28.57,0.5069891530747752,0.78808352238663,1.0
28.580000000000002,0.447412015043311,0.78808352238663,1.0
28.59,0.2984990353607836,0.78808352238663,1.0
28.6,0.12468264450068484,0.78808352238663,1.0
28.61,0.10758726094129356,0.78808352238663,1.0
28.62,0.10362413000658399,0.78808352238663,1.0
28.63,0.0022929303943183266,0.78808352238663,1.0
28.64,0.062000477754924344,0.78808352238663,1.0
28.650000000000002,-0.14370054425013057,0.78808352238663,1.0
28.66,-0.11037120422974211,0.78808352238663,1.0
28.67,-0.02693859191133685,0.78808352238663,1.0
28.68,-0.030356340523049474,0.78808352238663,1.0
28.69,-0.07866202863883287,0.78808352238663,1.0
28.7,0.021945469178848764,0.78808352238663,1.0
28.71,0.05499681759575903,0.78808352238663,1.0
28.72,0.07627942130707677,0.78808352238663,1.0
28.73,0.2871778256667571,0.78808352238663,1.0
28.740000000000002,0.3492306507854288,0.78808352238663,1.0
28.75,0.4149845114739792,0.78808352238663,1.0
28.76,0.500724681578969,0.78808352238663,1.0
28.77,0.614045794502321,0.78808352238663,1.0
28.78,0.6048782042680236,0.78808352238663,1.0
28.79,0.8589605307533903,0.78808352238663,1.0
28.8,1.0043779318892263,0.78808352238663,1.0
28.810000000000002,1.0505707576215537,0.78808352238663,1.0
28.82,1.2593715093861495,0.78808352238663,1.0
28.830000000000002,1.321008909877954,0.78808352238663,1.0
28.84,1.3188375014762932,0.78808352238663,1.0
28.85,1.4361001146740087,0.78808352238663,1.0
28.86,1.486217875534976,0.78808352238663,1.0
28.87,1.4040129360343325,0.78808352238663,1.0
28.88,1.5960377497641167,0.78808352238663,1.0
28.89,1.4860470839207385,0.78808352238663,1.0
28.900000000000002,1.563551052288763,0.78808352238663,1.0
28.91,1.5563333419201566,0.78808352238663,1.0
28.92,1.5178862363584544,0.78808352238663,1.0
28.93,1.476173720421162,0.78808352238663,1.0
28.94,1.4038420001659722,0.78808352238663,1.0
28.95,1.4155991247163782,0.78808352238663,1.0
28.96,1.2134872000113455,0.78808352238663,1.0
28.97,1.2152666980206244,0.78808352238663,1.0
28.98,1.059365851020036,0.78808352238663,1.0
28.990000000000002,0.9282895496710581,0.78808352238663,1.0
29.0,0.8346086684616063,0.78808352238663,1.0
29.01,0.6870593014012162,0.78808352238663,1.0
29.02,0.5834139353596842,0.78808352238663,1.0
29.03,0.4725170533020306,0.78808352238663,1.0
29.04,0.48893023524068646,0.78808352238663,1.0
29.05,0.27109475788103615,0.78808352238663,1.0
29.060000000000002,0.2015058569379764,0.78808352238663,1.0
29.07,0.17428234834933543,0.78808352238663,1.0
29.080000000000002,0.07709024772975537,0.78808352238663,1.0
29.09,0.012127787674493962,0.78808352238663,1.0
29.1,0.0351432921783944,0.78808352238663,1.0
29.11,-0.05266444265079573,0.78808352238663,1.0
29.12,-0.08014450471737944,0.78808352238663,1.0
29.13,0.06659961743659837,0.78808352238663,1.0
29.14,-0.10304238175578007,0.78808352238663,1.0
29.150000000000002,-0.0333465742019301,0.78808352238663,1.0
29.16,0.18792260425146523,0.78808352238663,1.0
29.17,0.1598829463796244,0.78808352238663,1.0
29.18,0.18408399902773898,0.78808352238663,1.0
29.19,0.28125845557874196,0.78808352238663,1.0
29.2,0.42067366232619546,0.78808352238663,1.0
29.21,0.6368616705738559,0.78808352238663,1.0
29.22,0.6456541829513907,0.78808352238663,1.0
29.23,0.6784931513771619,0.78808352238663,1.0
29.240000000000002,0.7974680319390772,0.78808352238663,1.0
29.25,0.9000325599439504,0.78808352238663,1.0
29.26,1.0980443926900203,0.78808352238663,1.0
29.27,1.1827978356053774,0.78808352238663,1.0
29.28,1.2707052806487797,0.78808352238663,1.0
29.29,1.254925391969562,0.78808352238663,1.0
29.3,1.3504913579413325,0.78808352238663,1.0
29.310000000000002,1.5790842890127867,0.78808352238663,1.0
29.32,1.4234121459955085,0.78808352238663,1.0
29.330000000000002,1.5417692953275401,0.78808352238663,1.0
29.34,1.5430861733757866,0.78808352238663,1.0
29.35,1.4952526635548882,0.78808352238663,1.0
29.36,1.5003647122414598,0.78808352238663,1.0
29.37,1.410832993931845,0.78808352238663,1.0
29.38,1.4083806148276345,0.78808352238663,1.0
29.39,1.3240732031457358,0.78808352238663,1.0
29.400000000000002,1.2040513704358298,0.78808352238663,1.0
29.41,1.1309133224900707,0.78808352238663,1.0
29.42,1.0207695203913352,0.78808352238663,1.0
29.43,0.8133958302215749,0.78808352238663,1.0
29.44,0.6762362058068353,0.78808352238663,1.0
29.45,0.5918230565613121,0.78808352238663,1.0
29.46,0.4682239877069885,0.78808352238663,1.0
29.47,0.44627787916275763,0.78808352238663,1.0
29.48,0.21676975262967935,0.78808352238663,1.0
29.490000000000002,0.2863318229428817,0.78808352238663,1.0
29.5,0.05065523498187108,0.78808352238663,1.0
29.51,0.02174343130690748,0.78808352238663,1.0
29.52,-0.09785325204892115,0.78808352238663,1.0
29.53,-0.16674311964848154,0.78808352238663,1.0
29.54,-0.12448355662458832,0.78808352238663,1.0
29.55,-0.18541599588140378,0.78808352238663,1.0
29.560000000000002,-0.25295563781453423,0.78808352238663,1.0
29.57,-0.2324881506241918,0.78808352238663,1.0
29.580000000000002,-0.19080230150833455,0.78808352238663,1.0
29.59,-0.17717880124510632,0.78808352238663,1.0
29.6,-0.14265746536080348,0.78808352238663,1.0
29.61,-0.0951653747201362,0.78808352238663,1.0
29.62,0.03585953722447133,0.78808352238663,1.0
29.63,0.07218835706439153,0.78808352238663,1.0
29.64,0.10920146939228109,0.78808352238663,1.0
29.650000000000002,0.2848849193239381,0.78808352238663,1.0
29.66,0.38621218725434936,0.78808352238663,1.0
29.67,0.5030997099840838,0.78808352238663,1.0
29.68,0.5519835474878676,0.78808352238663,1.0
29.69,0.700580985240999,0.78808352238663,1.0
29.7,0.8274750145358458,0.78808352238663,1.0
29.71,0.923586727455381,0.78808352238663,1.0
29.72,0.9577281718573185,0.78808352238663,1.0
29.73,1.0528243674501216,0.78808352238663,1.0
29.740000000000002,1.1740776246755757,0.78808352238663,1.0
29.75,1.1227921618249588,0.78808352238663,1.0
29.76,1.2827467205451075,0.78808352238663,1.0
29.77,1.215402313309819,0.78808352238663,1.0
29.78,1.1022320448024956,0.78808352238663,1.0
29.79,1.177207799704139,0.78808352238663,1.0
29.8,1.177986518026997,0.78808352238663,1.0
29.810000000000002,1.1155432715560325,0.78808352238663,1.0
29.82,1.070055286361818,0.78808352238663,1.0
29.830000000000002,0.949539703057605,0.78808352238663,1.0
29.84,0.8196916119216577,0.78808352238663,1.0
29.85,0.7728463608664922,0.78808352238663,1.0
29.86,0.7154237037699362,0.78808352238663,1.0
29.87,0.595387480227347,0.78808352238663,1.0
29.88,0.3839302626970409,0.78808352238663,1.0
29.89,0.3432994244990764,0.78808352238663,1.0
29.900000000000002,0.14331429736806195,0.78808352238663,1.0
29.91,0.1078933360273181,0.78808352238663,1.0
29.92,0.0037790661035882467,0.78808352238663,1.0
29.93,-0.23318474390699961,0.78808352238663,1.0
29.94,-0.25545933560605644,0.78808352238663,1.0
29.95,-0.39348447102860473,0.78808352238663,1.0
29.96,-0.4166963313971562,0.78808352238663,1.0
29.97,-0.457646003568747,0.78808352238663,1.0
29.98,-0.5670977856058259,0.78808352238663,1.0
29.990000000000002,-0.6096629615323257,0.78808352238663,1.0
30.0,-0.5444454244733573,0.78808352238663,1.0
30.01,-0.5939471817039246,0.78808352238663,1.0
30.02,-0.5973989988109402,0.78808352238663,1.0
30.03,-0.47954199504205397,0.78808352238663,1.0
30.04,-0.4721175818646496,0.78808352238663,1.0
30.05,-0.3200632922081861,0.78808352238663,1.0
30.060000000000002,-0.3258495424777309,0.78808352238663,1.0
30.07,-0.26863936807193683,0.78808352238663,1.0
30.080000000000002,-0.24251409166868865,0.78808352238663,1.0
30.09,-0.05487244895077523,0.78808352238663,1.0
30.1,0.049566646664643194,0.78808352238663,1.0
30.11,0.028389797448788844,0.78808352238663,1.0
30.12,0.32385693892658546,0.78808352238663,1.0
30.13,0.33943623197931483,0.78808352238663,1.0
30.14,0.5445502839799068,0.78808352238663,1.0
30.150000000000002,0.6056136474536782,0.78808352238663,1.0
30.16,0.6399614618601892,0.78808352238663,1.0
30.17,0.7466470641131107,0.78808352238663,1.0
30.18,0.743996385808688,0.78808352238663,1.0
30.19,0.7429597487511389,0.78808352238663,1.0
30.2,0.8872714435540008,0.78808352238663,1.0
30.21,0.9846796609062274,0.78808352238663,1.0
30.22,0.9481856914746967,0.78808352238663,1.0
30.23,0.8665036491858502,0.78808352238663,1.0
30.240000000000002,0.9200295252800408,0.78808352238663,1.0
30.25,0.7796398483875704,0.78808352238663,1.0
30.26,0.6932481992288756,0.78808352238663,1.0
30.27,0.6487517276727128,0.78808352238663,1.0
30.28,0.5437229579525246,0.78808352238663,1.0
30.29,0.37906601442388255,0.78808352238663,1.0
30.3,0.3815945402065856,0.78808352238663,1.0
30.310000000000002,0.16169912487297208,0.78808352238663,1.0
30.32,0.11845443210058451,0.78808352238663,1.0
30.330000000000002,-0.04357143480107074,0.78808352238663,1.0
30.34,-0.2584857653919258,0.78808352238663,1.0
30.35,-0.3405615171068348,0.78808352238663,1.0
30.36,-0.3645512956037853,0.78808352238663,1.0
30.37,-0.44116061092032177,0.78808352238663,1.0
30.38,-0.5886011392484598,0.78808352238663,1.0
30.39,-0.7684348834204422,0.78808352238663,1.0
30.400000000000002,-0.7318441129540911,0.78808352238663,1.0
30.41,-0.7592469001508452,0.78808352238663,1.0
30.42,-0.9122584624312866,0.78808352238663,1.0
30.43,-0.9009403355304082,0.78808352238663,1.0
30.44,-0.8622866444029132,0.78808352238663,1.0
30.45,-0.9178520639301093,0.78808352238663,1.0
30.46,-0.7805047982087443,0.78808352238663,1.0
30.47,-0.7364405634634357,0.78808352238663,1.0
30.48,-0.7037152393789452,0.78808352238663,1.0
30.490000000000002,-0.5767199857186047,0.78808352238663,1.0
30.5,-0.5010464669722523,0.78808352238663,1.0
30.51,-0.4853913203806209,0.78808352238663,1.0
30.52,-0.2999062068756057,0.78808352238663,1.0
30.53,-0.16674079868371666,0.78808352238663,1.0
30.54,-0.0334000554270331,0.78808352238663,1.0
30.55,0.1322168378137095,0.78808352238663,1.0
30.560000000000002,0.2382151802285532,0.78808352238663,1.0
30.57,0.2890811364703663,0.78808352238663,1.0
30.580000000000002,0.33927712204160754,0.78808352238663,1.0
30.59,0.45077070621264687,0.78808352238663,1.0
30.6,0.5427980746246038,0.78808352238663,1.0
30.61,0.6027198616017471,0.78808352238663,1.0
30.62,0.5887963729033863,0.78808352238663,1.0
30.63,0.637186940520133,0.78808352238663,1.0
30.64,0.7362730730675274,0.78808352238663,1.0
30.650000000000002,0.6779634787013487,0.78808352238663,1.0
30.66,0.7295406944634183,0.78808352238663,1.0
30.67,0.5946485753491618,0.78808352238663,1.0
30.68,0.5379572457513226,0.78808352238663,1.0
30.69,0.48458664704184384,0.78808352238663,1.0
30.7,0.39413170917698437,0.78808352238663,1.0
30.71,0.25887073641930336,0.78808352238663,1.0
30.72,0.2891536385744218,0.78808352238663,1.0
30.73,0.19630168714630644,0.78808352238663,1.0
30.740000000000002,0.011022769726498682,0.78808352238663,1.0
30.75,-0.09054557802168968,0.78808352238663,1.0
30.76,-0.1898532441693923,0.78808352238663,1.0
30.77,-0.3248635419708227,0.78808352238663,1.0
30.78,-0.43134906249399785,0.78808352238663,1.0
30.79,-0.5484849350904883,0.78808352238663,1.0
30.8,-0.7238913991916895,0.78808352238663,1.0
30.810000000000002,-0.8019826355464263,0.78808352238663,1.0
30.82,-0.7445984811327987,0.78808352238663,1.0
30.830000000000002,-0.9056858972533948,0.78808352238663,1.0
30.84,-0.9797512997544281,0.78808352238663,1.0
30.85,-0.8708192900546526,0.78808352238663,1.0
30.86,-0.9432258166636516,0.78808352238663,1.0
30.87,-0.8828710288956589,0.78808352238663,1.0
30.88,-0.8054064022838671,0.78808352238663,1.0
30.89,-0.8503419827809342,0.78808352238663,1.0
30.900000000000002,-0.7575068599212011,0.78808352238663,1.0
30.91,-0.6667444459529697,0.78808352238663,1.0
30.92,-0.6439795342058852,0.78808352238663,1.0
30.93,-0.5001909049439752,0.78808352238663,1.0
30.94,-0.3344678157624461,0.78808352238663,1.0
30.95,-0.36885825566713837,0.78808352238663,1.0
30.96,-0.14334707611368483,0.78808352238663,1.0
30.970000000000002,-0.018043438977741702,0.78808352238663,1.0
30.98,0.09475409648498248,0.78808352238663,1.0
30.990000000000002,0.13649090187168772,0.78808352238663,1.0
31.0,0.2997644381442556,0.78808352238663,1.0
31.01,0.37302412325610773,0.78808352238663,1.0
31.02,0.5424247761294652,0.78808352238663,1.0
31.03,0.4974976199855824,0.78808352238663,1.0
31.04,0.6831253586757957,0.78808352238663,1.0
31.05,0.7620580967908118,0.78808352238663,1.0
31.060000000000002,0.820202246195662,0.78808352238663,1.0
31.07,0.683834275885883,0.78808352238663,1.0
31.080000000000002,0.7623598663623911,0.78808352238663,1.0
31.09,0.7226450434989321,0.78808352238663,1.0
31.1,0.5837090813652199,0.78808352238663,1.0
31.11,0.5989891951584565,0.78808352238663,1.0
31.12,0.42390157385621957,0.78808352238663,1.0
31.13,0.46506074096772276,0.78808352238663,1.0
31.14,0.2874766680915034,0.78808352238663,1.0
31.150000000000002,0.2020656813964742,0.78808352238663,1.0
31.16,0.02166590130295512,0.78808352238663,1.0
31.17,0.015210491472201285,0.78808352238663,1.0
31.18,-0.10931239408417495,0.78808352238663,1.0
31.19,-0.2789591366496502,0.78808352238663,1.0
31.2,-0.38345370668408607,0.78808352238663,1.0
31.21,-0.4778712812307206,0.78808352238663,1.0
31.220000000000002,-0.45639327282271425,0.78808352238663,1.0
31.23,-0.6339794820847383,0.78808352238663,1.0
31.240000000000002,-0.7134253264349548,0.78808352238663,1.0
31.25,-0.82205538448675,0.78808352238663,1.0
31.26,-0.7963707659918603,0.78808352238663,1.0
31.27,-0.8711102299611755,0.78808352238663,1.0
31.28,-0.820226375429969,0.78808352238663,1.0
31.29,-0.8473661651339548,0.78808352238663,1.0
31.3,-0.8467715062395829,0.78808352238663,1.0
31.310000000000002,-0.734393183765391,0.78808352238663,1.0
31.32,-0.7324372741986608,0.78808352238663,1.0
31.330000000000002,-0.589371245785727,0.78808352238663,1.0
31.34,-0.4829898249797147,0.78808352238663,1.0
31.35,-0.3661744549870644,0.78808352238663,1.0
31.36,-0.3442896639308215,0.78808352238663,1.0
31.37,-0.18688343431988144,0.78808352238663,1.0
31.38,-0.08302394943418914,0.78808352238663,1.0
31.39,0.049523998190143345,0.78808352238663,1.0
31.400000000000002,0.24241109517624326,0.78808352238663,1.0
31.41,0.22993135499284828,0.78808352238663,1.0
31.42,0.42907140479133055,0.78808352238663,1.0
31.43,0.5550288320352682,0.78808352238663,1.0
31.44,0.6004978232108076,0.78808352238663,1.0
31.45,0.7115570702026576,0.78808352238663,1.0
31.46,0.720119669779893,0.78808352238663,1.0
31.470000000000002,0.700886226418421,0.78808352238663,1.0
31.48,0.8543742523088411,0.78808352238663,1.0
31.490000000000002,0.7783761084571349,0.78808352238663,1.0
31.5,0.8145091929146817,0.78808352238663,1.0
31.51,0.8285589535285312,0.78808352238663,1.0
31.52,0.7623498790577969,0.78808352238663,1.0
31.53,0.5944524314446498,0.78808352238663,1.0
31.54,0.6668995274021245,0.78808352238663,1.0
31.55,0.6116947262341851,0.78808352238663,1.0
31.560000000000002,0.40987417013447003,0.78808352238663,1.0
31.57,0.34940334578665105,0.78808352238663,1.0
31.580000000000002,0.15053169805349853,0.78808352238663,1.0
31.59,0.036931615857177885,0.78808352238663,1.0
31.6,-0.02205015305470652,0.78808352238663,1.0
31.61,-0.14722676840283477,0.78808352238663,1.0
31.62,-0.20369930397927685,0.78808352238663,1.0
31.63,-0.31215394019264264,0.78808352238663,1.0
31.64,-0.38896214861037326,0.78808352238663,1.0
31.650000000000002,-0.6262924373677564,0.78808352238663,1.0
31.66,-0.620851692952007,0.78808352238663,1.0
31.67,-0.7198843920196978,0.78808352238663,1.0
31.68,-0.6551817596121529,0.78808352238663,1.0
31.69,-0.7030656123989178,0.78808352238663,1.0
31.7,-0.7226697324702221,0.78808352238663,1.0
31.71,-0.707504811600335,0.78808352238663,1.0
31.720000000000002,-0.6374276830769103,0.78808352238663,1.0
31.73,-0.5974903299081618,0.78808352238663,1.0
31.740000000000002,-0.5886556872936378,0.78808352238663,1.0
31.75,-0.43962134376618833,0.78808352238663,1.0
31.76,-0.30149187354182116,0.78808352238663,1.0
31.77,-0.1649691453625442,0.78808352238663,1.0
31.78,-0.07653515294699054,0.78808352238663,1.0
31.79,-0.010448498942290468,0.78808352238663,1.0
31.8,0.1457728391564796,0.78808352238663,1.0
31.810000000000002,0.23057004616511081,0.78808352238663,1.0
31.82,0.34395387141511913,0.78808352238663,1.0
31.830000000000002,0.47889851924520577,0.78808352238663,1.0
31.84,0.638627578157021,0.78808352238663,1.0
31.85,0.6690113802431139,0.78808352238663,1.0
31.86,0.7946200471329296,0.78808352238663,1.0
31.87,0.8594770962672456,0.78808352238663,1.0
31.88,0.949607684185586,0.78808352238663,1.0
31.89,0.9579849189909586,0.78808352238663,1.0
31.900000000000002,0.886938670267941,0.78808352238663,1.0
31.91,0.898718570678317,0.78808352238663,1.0
31.92,0.9838672775636157,0.78808352238663,1.0
31.93,0.8608660407289705,0.78808352238663,1.0
31.94,0.8293601695775101,0.78808352238663,1.0
31.95,0.6737283671784275,0.78808352238663,1.0
31.96,0.535734045361475,0.78808352238663,1.0
31.970000000000002,0.5138044895127354,0.78808352238663,1.0
31.98,0.3922230205456478,0.78808352238663,1.0
31.990000000000002,0.3052676250176862,0.78808352238663,1.0
32.0,0.1294478279241091,0.78808352238663,1.0
32.01,0.04790951661081767,0.04790951661081767,0.0
32.02,-0.04821873508361918,-0.04821873508361918,0.0
32.03,-0.13063029127879003,-0.13063029127879003,0.0
32.04,-0.30038541170173483,-0.30038541170173483,0.0
32.05,-0.3914749594213306,-0.3914749594213306,0.0
32.06,-0.329584349128473,-0.329584349128473,0.0
32.07,-0.5482841173609347,-0.5482841173609347,0.0
32.08,-0.557789687152475,-0.557789687152475,0.0
32.09,-0.6827109514637754,-0.6827109514637754,0.0
32.1,-0.6624745445018606,-0.6624745445018606,0.0
32.11,-0.6124145981152269,-0.6124145981152269,0.0
32.12,-0.596716003295456,-0.596716003295456,0.0
32.13,-0.6734936794156492,-0.6734936794156492,0.0
32.14,-0.6302203887835808,-0.6302203887835808,0.0
32.15,-0.5528409779337028,-0.5528409779337028,0.0
32.160000000000004,-0.3575748766344371,-0.3575748766344371,0.0
32.17,-0.31798342957565157,-0.31798342957565157,0.0
32.18,-0.2599813851622067,-0.2599813851622067,0.0
32.19,-0.17594306287394584,-0.17594306287394584,0.0
32.2,0.007627619205719319,0.007627619205719319,0.0
32.21,0.11014961971658305,0.11014961971658305,0.0
32.22,0.23896111613484444,0.23896111613484444,0.0
32.230000000000004,0.3024334349085759,0.3024334349085759,0.0
32.24,0.4849686356914705,0.4849686356914705,0.0
32.25,0.5940886078954507,0.5940886078954507,0.0
32.26,0.7052871830884223,0.7052871830884223,0.0
32.27,0.8009953468117736,0.8009953468117736,0.0
32.28,0.8942477742275016,0.8942477742275016,0.0
32.29,0.9656438016934463,0.9656438016934463,0.0
32.3,0.9117362983484585,0.9117362983484585,0.0
32.31,0.9089398158322471,0.9089398158322471,0.0
32.32,0.9301927534808353,0.9301927534808353,0.0
32.33,0.8680915322279981,0.8680915322279981,0.0
32.34,0.81581060781952,0.81581060781952,0.0
32.35,0.6967659766491656,0.6967659766491656,0.0
32.36,0.6476566758443749,0.6476566758443749,0.0
32.37,0.5778509727515617,0.5778509727515617,0.0
32.38,0.45034080345880095,0.45034080345880095,0.0
32.39,0.3344748365919732,0.3344748365919732,0.0
32.4,0.17129866917378406,0.17129866917378406,0.0
32.410000000000004,0.12766493199431436,0.12766493199431436,0.0
32.42,-0.1722561529283926,-0.1722561529283926,0.0
32.43,-0.12921577281834307,-0.12921577281834307,0.0
32.44,-0.32102536492035316,-0.32102536492035316,0.0
32.45,-0.4583197484873634,-0.4583197484873634,0.0
32.46,-0.5465680383504523,-0.5465680383504523,0.0
32.47,-0.6126566060341492,-0.6126566060341492,0.0
32.480000000000004,-0.685773856905239,-0.685773856905239,0.0
32.49,-0.7239960644575643,-0.7239960644575643,0.0
32.5,-0.8096576796945997,-0.8096576796945997,0.0
32.51,-0.8296106822069407,-0.8296106822069407,0.0
32.52,-0.8189404673581475,-0.8189404673581475,0.0
32.53,-0.7926925729427362,-0.7926925729427362,0.0
32.54,-0.7419410632696661,-0.7419410632696661,0.0
32.55,-0.7499475273787316,-0.7499475273787316,0.0
32.56,-0.5367343094396196,-0.5367343094396196,0.0
32.57,-0.5281053996754764,-0.5281053996754764,0.0
32.58,-0.45560414431808954,-0.45560414431808954,0.0
32.59,-0.375343713891709,-0.375343713891709,0.0
32.6,-0.24154466522424922,-0.24154466522424922,0.0
32.61,-0.05593041996346816,-0.05593041996346816,0.0
32.62,0.04380500950664691,0.04380500950664691,0.0
32.63,0.10041237908567766,0.10041237908567766,0.0
32.64,0.15349989958852778,0.15349989958852778,0.0
32.65,0.30250684706721975,0.30250684706721975,0.0
32.660000000000004,0.44156156361607857,0.44156156361607857,0.0
32.67,0.5703522131504819,0.5703522131504819,0.0
32.68,0.5887501737044869,0.5887501737044869,0.0
32.69,0.6218914293384954,0.6218914293384954,0.0
32.7,0.66295774516691,0.66295774516691,0.0
32.71,0.7032796768865232,0.7032796768865232,0.0
32.72,0.7139604479228352,0.7139604479228352,0.0
32.730000000000004,0.5725779090865754,0.5725779090865754,0.0
32.74,0.6128237065857043,0.6128237065857043,0.0
32.75,0.5229268101545589,0.5229268101545589,0.0
32.76,0.3227265368832596,0.3227265368832596,0.0
32.77,0.3256705488781574,0.3256705488781574,0.0
32.78,0.1573910111663609,0.1573910111663609,0.0
32.79,0.029222578396853383,0.029222578396853383,0.0
32.8,-0.07730392665982752,-0.07730392665982752,0.0
32.81,-0.17750395027767638,-0.17750395027767638,0.0
32.82,-0.3245861535097313,-0.3245861535097313,0.0
32.83,-0.4211588619824824,-0.4211588619824824,0.0
32.84,-0.5207465837238975,-0.5207465837238975,0.0
32.85,-0.6384589751675671,-0.6384589751675671,0.0
32.86,-0.7752706388527564,-0.7752706388527564,0.0
32.87,-0.8986112853788201,-0.8986112853788201,0.0
32.88,-0.9690913233629896,-0.9690913233629896,0.0
32.89,-1.0403919980490615,-1.0403919980490615,0.0
32.9,-1.1293944143295243,-1.1293944143295243,0.0
32.910000000000004,-1.1346370608093468,-1.1346370608093468,0.0
32.92,-0.9404377882564038,-0.9404377882564038,0.0
32.93,-1.0250081818181715,-1.0250081818181715,0.0
32.94,-1.0667315619691102,-1.0667315619691102,0.0
32.95,-0.9590721306471344,-0.9590721306471344,0.0
32.96,-0.9420656934725572,-0.9420656934725572,0.0
32.97,-0.8649543641886196,-0.8649543641886196,0.0
32.980000000000004,-0.6853369907049408,-0.6853369907049408,0.0
32.99,-0.5717384966052272,-0.5717384966052272,0.0
33.0,-0.5511000570321446,-0.5511000570321446,0.0
33.01,-0.37882246045851264,-0.37882246045851264,0.0
33.02,-0.3215248653252059,-0.3215248653252059,0.0
33.03,-0.21396229137679826,-0.21396229137679826,0.0
33.04,-0.04126005410732042,-0.04126005410732042,0.0
33.05,0.09686933545104909,0.09686933545104909,0.0
33.06,0.15051986726467298,0.15051986726467298,0.0
33.07,0.22369236633341838,0.22369236633341838,0.0
33.08,0.21700882466736876,0.21700882466736876,0.0
33.09,0.23102791108970688,0.23102791108970688,0.0
33.1,0.27906945193366584,0.27906945193366584,0.0
33.11,0.33704780919941235,0.33704780919941235,0.0
33.12,0.3364825466736865,0.3364825466736865,0.0
33.13,0.34118929152589766,0.34118929152589766,0.0
33.14,0.2543016533431834,0.2543016533431834,0.0
33.15,0.16233063073873233,0.16233063073873233,0.0
33.160000000000004,0.11315092981462721,0.11315092981462721,0.0
33.17,-0.020966595728311055,-0.020966595728311055,0.0
33.18,-0.15784304269256755,-0.15784304269256755,0.0
33.19,-0.19213563880867446,-0.19213563880867446,0.0
33.2,-0.2965054538768528,-0.2965054538768528,0.0
33.21,-0.5562312385352254,-0.5562312385352254,0.0
33.22,-0.7209889726308759,-0.7209889726308759,0.0
33.230000000000004,-0.8242643349640837,-0.8242643349640837,0.0
33.24,-0.8501102846825975,-0.8501102846825975,0.0
33.25,-0.9834548956737517,-0.9834548956737517,0.0
33.26,-0.9853477420889346,-0.9853477420889346,0.0
33.27,-1.2327451323238865,-1.2327451323238865,0.0
33.28,-1.2692970992350279,-1.2692970992350279,0.0
33.29,-1.273814603719165,-1.273814603719165,0.0
33.3,-1.329001664599741,-1.329001664599741,0.0
33.31,-1.3261509411295724,-1.3261509411295724,0.0
33.32,-1.3868372183687283,-1.3868372183687283,0.0
33.33,-1.3837725898401116,-1.3837725898401116,0.0
33.34,-1.3757780305046747,-1.3757780305046747,0.0
33.35,-1.2725560189622838,-1.2725560189622838,0.0
33.36,-1.2537804224280933,-1.2537804224280933,0.0
33.37,-1.0496457317353158,-1.0496457317353158,0.0
33.38,-1.0199103928185234,-1.0199103928185234,0.0
33.39,-0.9075428729235615,-0.9075428729235615,0.0
33.4,-0.8271412468307574,-0.8271412468307574,0.0
33.410000000000004,-0.5837910427729516,-0.5837910427729516,0.0
33.42,-0.5464583483106928,-0.5464583483106928,0.0
33.43,-0.5339518586751663,-0.5339518586751663,0.0
33.44,-0.22254609551589444,-0.22254609551589444,0.0
33.45,-0.1517932967864637,-0.1517932967864637,0.0
33.46,-0.10728053424504291,-0.10728053424504291,0.0
33.47,0.005551762466817878,0.005551762466817878,0.0
33.480000000000004,0.051382343686339094,0.051382343686339094,0.0
33.49,0.1004051470977908,0.1004051470977908,0.0
33.5,0.15075320737837128,0.15075320737837128,0.0
33.51,0.11356491333318808,0.11356491333318808,0.0
33.52,0.10945589987289217,0.10945589987289217,0.0
33.53,0.004881059639655683,0.004881059639655683,0.0
33.54,-0.015022083807609832,-0.015022083807609832,0.0
33.55,-0.056510423261704634,-0.056510423261704634,0.0
33.56,-0.1509380370307427,-0.1509380370307427,0.0
33.57,-0.37697330504280324,-0.37697330504280324,0.0
33.58,-0.3812839976951951,-0.3812839976951951,0.0
33.59,-0.45402343620394436,-0.45402343620394436,0.0
33.6,-0.5540094679862642,-0.5540094679862642,0.0
33.61,-0.8614509088277504,-0.8614509088277504,0.0
33.62,-0.880753802403439,-0.880753802403439,0.0
33.63,-1.014445551985639,-1.014445551985639,0.0
33.64,-1.1437180828411269,-1.1437180828411269,0.0
33.65,-1.2029607767488733,-1.2029607767488733,0.0
33.660000000000004,-1.3700560853643562,-1.3700560853643562,0.0
33.67,-1.4445199981012666,-1.4445199981012666,0.0
33.68,-1.482128780317435,-1.482128780317435,0.0
33.69,-1.4675428008937605,-1.4675428008937605,0.0
33.7,-1.566141993213025,-1.566141993213025,0.0
33.71,-1.5852255244260312,-1.5852255244260312,0.0
33.72,-1.6191061018501411,-1.6191061018501411,0.0
33.730000000000004,-1.504640940839304,-1.504640940839304,0.0
33.74,-1.4224659354494706,-1.4224659354494706,0.0
33.75,-1.393904581671266,-1.393904581671266,0.0
33.76,-1.2658000808440795,-1.2658000808440795,0.0
33.77,-1.203049296845409,-1.203049296845409,0.0
33.78,-0.9999368688833532,-0.9999368688833532,0.0
33.79,-0.8933636197408016,-0.8933636197408016,0.0
33.8,-0.8459363300588485,-0.8459363300588485,0.0
33.81,-0.6161400345944982,-0.6161400345944982,0.0
33.82,-0.6514251310848076,-0.6514251310848076,0.0
33.83,-0.40631278080313554,-0.40631278080313554,0.0
33.84,-0.2572479970564387,-0.2572479970564387,0.0
33.85,-0.21163408510278914,-0.21163408510278914,0.0
33.86,-0.11394789484508128,-0.11394789484508128,0.0
33.87,-0.06629156605324038,-0.06629156605324038,0.0
33.88,0.0038409688217884153,0.0038409688217884153,0.0
33.89,0.08032054779071973,0.08032054779071973,0.0
33.9,0.03428826586453193,0.03428826586453193,0.0
33.910000000000004,-0.04628532807010122,-0.04628532807010122,0.0
33.92,-0.011601407465206326,-0.011601407465206326,0.0
33.93,-0.07246144146849998,-0.07246144146849998,0.0
33.94,-0.09034400555546918,-0.09034400555546918,0.0
33.95,-0.17429630147723285,-0.17429630147723285,0.0
33.96,-0.3861739814166197,-0.3861739814166197,0.0
33.97,-0.4479550591950556,-0.4479550591950556,0.0
33.980000000000004,-0.5228794431811669,-0.5228794431811669,0.0
33.99,-0.7189914305269831,-0.7189914305269831,0.0
34.0,-0.7695861564808586,-0.7695861564808586,0.0
34.01,-0.9224569287626438,-0.9224569287626438,0.0
34.02,-1.1231808548479514,-1.1231808548479514,0.0
34.03,-1.1772857359413882,-1.1772857359413882,0.0
34.04,-1.3288815737846398,-1.3288815737846398,0.0
34.05,-1.3214277044312768,-1.3214277044312768,0.0
34.06,-1.3706552549533408,-1.3706552549533408,0.0
34.07,-1.4724187641756887,-1.4724187641756887,0.0
34.08,-1.505716556053363,-1.505716556053363,0.0
34.09,-1.4410063824835004,-1.4410063824835004,0.0
34.1,-1.5667142794232674,-1.5667142794232674,0.0
34.11,-1.5006040548111494,-1.5006040548111494,0.0
34.12,-1.4422458908219908,-1.4422458908219908,0.0
34.13,-1.3076715030705783,-1.3076715030705783,0.0
34.14,-1.351059545463751,-1.351059545463751,0.0
34.15,-1.1841116593250105,-1.1841116593250105,0.0
34.160000000000004,-1.0085731273353251,-1.0085731273353251,0.0
34.17,-1.0914809419421845,-1.0914809419421845,0.0
34.18,-0.8178003134407466,-0.8178003134407466,0.0
34.19,-0.6771387791073288,-0.6771387791073288,0.0
34.2,-0.5403550914591917,-0.5403550914591917,0.0
34.21,-0.3362773556291766,-0.3362773556291766,0.0
34.22,-0.26413327659136554,-0.26413327659136554,0.0
34.230000000000004,-0.19327331922550195,-0.19327331922550195,0.0
34.24,-0.13985843837373124,-0.13985843837373124,0.0
34.25,0.10365263441988137,0.10365263441988137,0.0
34.26,0.04592921048455534,0.04592921048455534,0.0
34.27,0.14934387905142454,0.14934387905142454,0.0
34.28,0.16112576996602856,0.16112576996602856,0.0
34.29,0.11793326556410211,0.11793326556410211,0.0
34.300000000000004,0.09783010102268064,0.09783010102268064,0.0
34.31,0.10801084613458756,0.10801084613458756,0.0
34.32,0.07193541486569333,0.07193541486569333,0.0
34.33,0.018593629704683035,0.018593629704683035,0.0
34.34,-0.12989036782015118,-0.12989036782015118,0.0
34.35,-0.18082110276823515,-0.18082110276823515,0.0
34.36,-0.38142245274396336,-0.38142245274396336,0.0
34.37,-0.4218617243287657,-0.4218617243287657,0.0
34.38,-0.6104024964866688,-0.6104024964866688,0.0
34.39,-0.6602596509528063,-0.6602596509528063,0.0
34.4,-0.8274721546038828,-0.8274721546038828,0.0
34.410000000000004,-0.8962278705433848,-0.8962278705433848,0.0
34.42,-1.0592929711473806,-1.0592929711473806,0.0
34.43,-1.0967822709629171,-1.0967822709629171,0.0
34.44,-1.2261963793018378,-1.2261963793018378,0.0
34.45,-1.2666642942537651,-1.2666642942537651,0.0
34.46,-1.3752578311535746,-1.3752578311535746,0.0
34.47,-1.2861529372766825,-1.2861529372766825,0.0
34.480000000000004,-1.2211895759895275,-1.2211895759895275,0.0
34.49,-1.3264156458896044,-1.3264156458896044,0.0
34.5,-1.258160653190187,-1.258160653190187,0.0
34.51,-1.2202907413160038,-1.2202907413160038,0.0
34.52,-1.1928592477797872,-1.1928592477797872,0.0
34.53,-0.9512804608907749,-0.9512804608907749,0.0
34.54,-0.9353170333587006,-0.9353170333587006,0.0
34.550000000000004,-0.7865635786995571,-0.7865635786995571,0.0
34.56,-0.6961909072923123,-0.6961909072923123,0.0
34.57,-0.5012284135988826,-0.5012284135988826,0.0
34.58,-0.4660692369565452,-0.4660692369565452,0.0
34.59,-0.16849580217946322,-0.16849580217946322,0.0
34.6,-0.16459277139799533,-0.16459277139799533,0.0
34.61,-0.09431544195362807,-0.09431544195362807,0.0
34.62,0.10002304014644531,0.10002304014644531,0.0
34.63,0.19398654657915448,0.19398654657915448,0.0
34.64,0.2447418184062013,0.2447418184062013,0.0
34.65,0.2671080996549467,0.2671080996549467,0.0
34.660000000000004,0.30122262497336805,0.30122262497336805,0.0
34.67,0.38166214587472935,0.38166214587472935,0.0
34.68,0.19993740003710603,0.19993740003710603,0.0
34.69,0.3992652236794625,0.3992652236794625,0.0
34.7,0.2365973225614889,0.2365973225614889,0.0
34.71,0.28284931615420206,0.28284931615420206,0.0
34.72,0.15007953568570898,0.15007953568570898,0.0
34.730000000000004,0.1183219164273655,0.1183219164273655,0.0
34.74,-0.06702559936687486,-0.06702559936687486,0.0
34.75,-0.1973599179620363,-0.1973599179620363,0.0
34.76,-0.36247102530258424,-0.36247102530258424,0.0
34.77,-0.4485054177986389,-0.4485054177986389,0.0
34.78,-0.5489599230875358,-0.5489599230875358,0.0
34.79,-0.7385347264970195,-0.7385347264970195,0.0
34.800000000000004,-0.7284531283580205,-0.7284531283580205,0.0
34.81,-0.8405677697414731,-0.8405677697414731,0.0
34.82,-0.9751103296837584,-0.9751103296837584,0.0
34.83,-1.0076259029669403,-1.0076259029669403,0.0
34.84,-1.0279195656048232,-1.0279195656048232,0.0
34.85,-1.1599757744552783,-1.1599757744552783,0.0
34.86,-1.107793490923371,-1.107793490923371,0.0
34.87,-1.0767311286218806,-1.0767311286218806,0.0
34.88,-1.0846873840788824,-1.0846873840788824,0.0
34.89,-1.0113167307750937,-1.0113167307750937,0.0
34.9,-0.930685862598427,-0.930685862598427,0.0
34.910000000000004,-0.8207974571363266,-0.8207974571363266,0.0
34.92,-0.7588446495645809,-0.7588446495645809,0.0
34.93,-0.5329406793368229,-0.5329406793368229,0.0
34.94,-0.4583320724757373,-0.4583320724757373,0.0
34.95,-0.2376293829979949,-0.2376293829979949,0.0
34.96,-0.13875428280361746,-0.13875428280361746,0.0
34.97,-0.056617484602959955,-0.056617484602959955,0.0
34.980000000000004,0.1454707652372182,0.1454707652372182,0.0
34.99,0.1802631959249033,0.1802631959249033,0.0
35.0,0.28385849039049693,0.28385849039049693,0.0
35.01,0.4506910382880608,0.4506910382880608,0.0
35.02,0.47464451254971635,0.47464451254971635,0.0
35.03,0.5188512173924353,0.5188512173924353,0.0
35.04,0.5948712615873744,0.5948712615873744,0.0
35.050000000000004,0.5201077542373517,0.5201077542373517,0.0
35.06,0.6633481858340106,0.6633481858340106,0.0
35.07,0.48752519983172393,0.48752519983172393,0.0
35.08,0.43443735825152424,0.43443735825152424,0.0
35.09,0.4003103491388903,0.4003103491388903,0.0
35.1,0.19619669711874388,0.19619669711874388,0.0
35.11,0.2276117893772551,0.2276117893772551,0.0
35.12,0.033005450462332137,0.033005450462332137,0.0
35.13,-0.03509001005016432,-0.03509001005016432,0.0
35.14,-0.10908746665067146,-0.10908746665067146,0.0
35.15,-0.32270216199653556,-0.32270216199653556,0.0
35.160000000000004,-0.4185859929036329,-0.4185859929036329,0.0
35.17,-0.5949513298458149,-0.5949513298458149,0.0
35.18,-0.6349902122131087,-0.6349902122131087,0.0
35.19,-0.7789187251416829,-0.7789187251416829,0.0
35.2,-0.8455282152184633,-0.8455282152184633,0.0
35.21,-0.9802233955619161,-0.9802233955619161,0.0
35.22,-0.8932443216044635,-0.8932443216044635,0.0
35.230000000000004,-0.9148755080416109,-0.9148755080416109,0.0
35.24,-1.014122093133591,-1.014122093133591,0.0
35.25,-1.0124942384513989,-1.0124942384513989,0.0
35.26,-1.0395987396584982,-1.0395987396584982,0.0
35.27,-0.7596548402770691,-0.7596548402770691,0.0
35.28,-0.7219240961465311,-0.7219240961465311,0.0
35.29,-0.678581956407031,-0.678581956407031,0.0
35.300000000000004,-0.5173646578445249,-0.5173646578445249,0.0
35.31,-0.4736632919475209,-0.4736632919475209,0.0
35.32,-0.2131085024549088,-0.2131085024549088,0.0
35.33,-0.11627130523409615,-0.11627130523409615,0.0
35.34,0.07652002085434424,0.07652002085434424,0.0
35.35,0.09750074574366274,0.09750074574366274,0.0
35.36,0.2635794740439367,0.2635794740439367,0.0
35.37,0.29475513350711907,0.29475513350711907,0.0
35.38,0.459689492713243,0.459689492713243,0.0
35.39,0.642545045004375,0.642545045004375,0.0
35.4,0.5864696352709493,0.5864696352709493,0.0
35.410000000000004,0.5734397856505681,0.5734397856505681,0.0
35.42,0.5520539240743969,0.5520539240743969,0.0
35.43,0.6102980301963001,0.6102980301963001,0.0
35.44,0.572819063545545,0.572819063545545,0.0
35.45,0.5289967261228639,0.5289967261228639,0.0
35.46,0.4366410592042255,0.4366410592042255,0.0
35.47,0.3820920635658013,0.3820920635658013,0.0
35.480000000000004,0.3657580773000345,0.3657580773000345,0.0
35.49,0.20435291450545806,0.20435291450545806,0.0
35.5,0.06947296917352266,0.06947296917352266,0.0
35.51,-0.15936494180999633,-0.15936494180999633,0.0
35.52,-0.21183845064652163,-0.21183845064652163,0.0
35.53,-0.3059699511523474,-0.3059699511523474,0.0
35.54,-0.49414493745883803,-0.49414493745883803,0.0
35.550000000000004,-0.6002090869700333,-0.6002090869700333,0.0
35.56,-0.6997604758073506,-0.6997604758073506,0.0
35.57,-0.7857303300760816,-0.7857303300760816,0.0
35.58,-0.9315802529181774,-0.9315802529181774,0.0
35.59,-0.9223284166552802,-0.9223284166552802,0.0
35.6,-1.014620149965701,-1.014620149965701,0.0
35.61,-0.9572761115863175,-0.9572761115863175,0.0
35.62,-0.9570488798472945,-0.9570488798472945,0.0
35.63,-0.8754363925927457,-0.8754363925927457,0.0
35.64,-0.8763322462763001,-0.8763322462763001,0.0
35.65,-0.6902356710038297,-0.6902356710038297,0.0
35.660000000000004,-0.7351911426457408,-0.7351911426457408,0.0
35.67,-0.7199145568579127,-0.7199145568579127,0.0
35.68,-0.4681808697243939,-0.4681808697243939,0.0
35.69,-0.3016175467578369,-0.3016175467578369,0.0
35.7,-0.272896917924747,-0.272896917924747,0.0
35.71,-0.10495440176713655,-0.10495440176713655,0.0
35.72,-0.061962300633012,-0.061962300633012,0.0
35.730000000000004,0.21607341433333088,0.21607341433333088,0.0
35.74,0.33286462201995964,0.33286462201995964,0.0
35.75,0.31730512606898853,0.31730512606898853,0.0
35.76,0.49079269477344506,0.49079269477344506,0.0
35.77,0.630263334085293,0.630263334085293,0.0
35.78,0.5503868222449326,0.5503868222449326,0.0
35.79,0.47557336619413915,0.47557336619413915,0.0
35.800000000000004,0.6433521599011016,0.6433521599011016,0.0
35.81,0.5657781098385195,0.5657781098385195,0.0
35.82,0.5036446505202424,0.5036446505202424,0.0
35.83,0.3147538823621776,0.3147538823621776,0.0
35.84,0.3588276829089019,0.3588276829089019,0.0
35.85,0.295511970600007,0.295511970600007,0.0
35.86,0.10124204029263467,0.10124204029263467,0.0
35.87,-0.13492534540788437,-0.13492534540788437,0.0
35.88,-0.10791252162293899,-0.10791252162293899,0.0
35.89,-0.282965664015807,-0.282965664015807,0.0
35.9,-0.4157488248332255,-0.4157488248332255,0.0
35.910000000000004,-0.5613871116201007,-0.5613871116201007,0.0
35.92,-0.663893595905465,-0.663893595905465,0.0
35.93,-0.8392762398575291,-0.8392762398575291,0.0
35.94,-0.9396757104729412,-0.9396757104729412,0.0
35.95,-0.9600978084062994,-0.9600978084062994,0.0
35.96,-1.1041893784229087,-1.1041893784229087,0.0
35.97,-1.0925021852158527,-1.0925021852158527,0.0
35.980000000000004,-1.1691184647527695,-1.1691184647527695,0.0
35.99,-1.0460741067449206,-1.0460741067449206,0.0
36.0,-1.0049394628855084,-1.0049394628855084,0.0
36.01,-0.9742180293086689,-0.9742180293086689,0.0
36.02,-0.8885660880624061,-0.8885660880624061,0.0
36.03,-0.8419121269435165,-0.8419121269435165,0.0
36.04,-0.777325369895363,-0.777325369895363,0.0
36.050000000000004,-0.6167643831474259,-0.6167643831474259,0.0
36.06,-0.4797237246773898,-0.4797237246773898,0.0
36.07,-0.2671462112430136,-0.2671462112430136,0.0
36.08,-0.20345272598598738,-0.20345272598598738,0.0
36.09,0.05098690960476171,0.05098690960476171,0.0
36.1,0.05798169272359571,0.05798169272359571,0.0
36.11,0.1418651512852529,0.1418651512852529,0.0
36.12,0.19477518572122893,0.19477518572122893,0.0
36.13,0.3536524488900045,0.3536524488900045,0.0
36.14,0.4061341756102961,0.4061341756102961,0.0
36.15,0.3107718273731508,0.3107718273731508,0.0
36.160000000000004,0.48033318223921095,0.48033318223921095,0.0
36.17,0.5330312464367224,0.5330312464367224,0.0
36.18,0.380431568117046,0.380431568117046,0.0
36.19,0.33693824085590524,0.33693824085590524,0.0
36.2,0.21965521658917397,0.21965521658917397,0.0
36.21,0.18863995982291581,0.18863995982291581,0.0
36.22,0.06568866906071835,0.06568866906071835,0.0
36.230000000000004,-0.00619363188914579,-0.00619363188914579,0.0
36.24,-0.2305789267781116,-0.2305789267781116,0.0
36.25,-0.2937627539247356,-0.2937627539247356,0.0
36.26,-0.46156769039463136,-0.46156769039463136,0.0
36.27,-0.6257082486602145,-0.6257082486602145,0.0
36.28,-0.7371194116787777,-0.7371194116787777,0.0
36.29,-0.8994152405528207,-0.8994152405528207,0.0
36.300000000000004,-1.0210056284523912,-1.0210056284523912,0.0
36.31,-1.1762602800538309,-1.1762602800538309,0.0
36.32,-1.241242394795169,-1.241242394795169,0.0
36.33,-1.1460901920204627,-1.1460901920204627,0.0
36.34,-1.2263405157457883,-1.2263405157457883,0.0
36.35,-1.1915159855932562,-1.1915159855932562,0.0
36.36,-1.3054146389970276,-1.3054146389970276,0.0
36.37,-1.1337670714258128,-1.1337670714258128,0.0
36.38,-1.1037630068423063,-1.1037630068423063,0.0
36.39,-1.0289232723903976,-1.0289232723903976,0.0
36.4,-0.8408125860740158,-0.8408125860740158,0.0
36.410000000000004,-0.8311555127113712,-0.8311555127113712,0.0
36.42,-0.6067174083090221,-0.6067174083090221,0.0
36.43,-0.5526794830125481,-0.5526794830125481,0.0
36.44,-0.43490715074394504,-0.43490715074394504,0.0
36.45,-0.3222557025807826,-0.3222557025807826,0.0
36.46,-0.1848595042101237,-0.1848595042101237,0.0
36.47,-0.06254649880092406,-0.06254649880092406,0.0
36.480000000000004,0.10827133353312979,0.10827133353312979,0.0
36.49,0.11595946160851689,0.11595946160851689,0.0
36.5,0.1876973399773869,0.1876973399773869,0.0
36.51,0.25032119613432113,0.25032119613432113,0.0
36.52,0.24731774933782946,0.24731774933782946,0.0
36.53,0.3234772900781008,0.3234772900781008,0.0
36.54,0.2502551833649008,0.2502551833649008,0.0
36.550000000000004,0.10253647675324207,0.10253647675324207,0.0
36.56,0.12226237633264148,0.12226237633264148,0.0
36.57,0.10865159970595173,0.10865159970595173,0.0
36.58,0.014925030238494563,0.014925030238494563,0.0
36.59,-0.20779252415164856,-0.20779252415164856,0.0
36.6,-0.2764125028733505,-0.2764125028733505,0.0
36.61,-0.427647459788065,-0.427647459788065,0.0
36.62,-0.5745981704441215,-0.5745981704441215,0.0
36.63,-0.642904359150928,-0.642904359150928,0.0
36.64,-0.9049529161717662,-0.9049529161717662,0.0
36.65,-1.0215166019487056,-1.0215166019487056,0.0
36.660000000000004,-1.0659733000136427,-1.0659733000136427,0.0
36.67,-1.2038254896589096,-1.2038254896589096,0.0
36.68,-1.295469367768711,-1.295469367768711,0.0
36.69,-1.3188031945853402,-1.3188031945853402,0.0
36.7,-1.270323216942706,-1.270323216942706,0.0
36.71,-1.2658202419520581,-1.2658202419520581,0.0
36.72,-1.2036134035406503,-1.2036134035406503,0.0
36.730000000000004,-1.2875580400626585,-1.2875580400626585,0.0
36.74,-1.199682125629435,-1.199682125629435,0.0
36.75,-1.1018627731393849,-1.1018627731393849,0.0
36.76,-1.03202680902971,-1.03202680902971,0.0
36.77,-0.9307647340162264,-0.9307647340162264,0.0
36.78,-0.7434947038702728,-0.7434947038702728,0.0
36.79,-0.5131700212212936,-0.5131700212212936,0.0
36.800000000000004,-0.4673513452925485,-0.4673513452925485,0.0
36.81,-0.25818918192891005,-0.25818918192891005,0.0
36.82,-0.31103647973419757,-0.31103647973419757,0.0
36.83,-0.10057985608860237,-0.10057985608860237,0.0
36.84,0.08021202472140165,0.08021202472140165,0.0
36.85,0.08589832479623227,0.08589832479623227,0.0
36.86,0.11800400730014826,0.11800400730014826,0.0
36.87,0.31001870754232563,0.31001870754232563,0.0
36.88,0.2865150603692922,0.2865150603692922,0.0
36.89,0.2064852009491488,0.2064852009491488,0.0
36.9,0.2953039666310065,0.2953039666310065,0.0
36.910000000000004,0.2427808798274873,0.2427808798274873,0.0
36.92,0.23124663717969973,0.23124663717969973,0.0
36.93,0.1224083749445744,0.1224083749445744,0.0
36.94,0.04713115248785771,0.04713115248785771,0.0
36.95,-0.047435869437345346,-0.047435869437345346,0.0
36.96,-0.2393840712989102,-0.2393840712989102,0.0
36.97,-0.3967639305261123,-0.3967639305261123,0.0
36.980000000000004,-0.5400874091375979,-0.5400874091375979,0.0
36.99,-0.6254905975341027,-0.6254905975341027,0.0
37.0,-0.7550028545550671,-0.7550028545550671,0.0
37.01,-0.826961680831807,-0.826961680831807,0.0
37.02,-0.9060009059194232,-0.9060009059194232,0.0
37.03,-1.092107332627622,-1.092107332627622,0.0
37.04,-1.1739623343141545,-1.1739623343141545,0.0
37.050000000000004,-1.2318824915128772,-1.2318824915128772,0.0
37.06,-1.3207607722986272,-1.3207607722986272,0.0
37.07,-1.219468796581809,-1.219468796581809,0.0
37.08,-1.1491351810780612,-1.1491351810780612,0.0
37.09,-1.1034090162101406,-1.1034090162101406,0.0
37.1,-1.1217428334275237,-1.1217428334275237,0.0
37.11,-1.0505913532463733,-1.0505913532463733,0.0
37.12,-0.8908647453061638,-0.8908647453061638,0.0
37.13,-0.824768967777131,-0.824768967777131,0.0
37.14,-0.6674159384590006,-0.6674159384590006,0.0
37.15,-0.4282111165795088,-0.4282111165795088,0.0
37.160000000000004,-0.3684198342766131,-0.3684198342766131,0.0
37.17,-0.1689939930549829,-0.1689939930549829,0.0
37.18,-0.0051601999761966555,-0.0051601999761966555,0.0
37.19,0.04169993776949593,0.04169993776949593,0.0
37.2,0.2131119278312611,0.2131119278312611,0.0
37.21,0.2557581674557785,0.2557581674557785,0.0
37.22,0.44289518669344646,0.44289518669344646,0.0
37.230000000000004,0.4714930874703148,0.4714930874703148,0.0
37.24,0.3677222330497449,0.3677222330497449,0.0
37.25,0.45434336559550126,0.45434336559550126,0.0
37.26,0.35606726531253036,0.35606726531253036,0.0
37.27,0.43144988063917356,0.43144988063917356,0.0
37.28,0.41123999087813506,0.41123999087813506,0.0
37.29,0.23329441611213053,0.23329441611213053,0.0
37.300000000000004,0.18800652226250608,0.18800652226250608,0.0
37.31,0.005759008479629013,0.005759008479629013,0.0
37.32,-0.18398783674481192,-0.18398783674481192,0.0
37.33,-0.2574244877657592,-0.2574244877657592,0.0
37.34,-0.4322329185158178,-0.4322329185158178,0.0
37.35,-0.599858132368776,-0.599858132368776,0.0
37.36,-0.6821474554381213,-0.6821474554381213,0.0
37.37,-0.8011583781620764,-0.8011583781620764,0.0
37.38,-0.8142890191334358,-0.8142890191334358,0.0
37.39,-0.9177234553337825,-0.9177234553337825,0.0
37.4,-0.9083858747778871,-0.9083858747778871,0.0
37.410000000000004,-1.0498613784427084,-1.0498613784427084,0.0
37.42,-1.0755157354217668,-1.0755157354217668,0.0
37.43,-1.0034076212995484,-1.0034076212995484,0.0
37.44,-0.9881624831254012,-0.9881624831254012,0.0
37.45,-0.8660787853597858,-0.8660787853597858,0.0
37.46,-0.8238161765669462,-0.8238161765669462,0.0
37.47,-0.7413618414816474,-0.7413618414816474,0.0
37.480000000000004,-0.645738065745582,-0.645738065745582,0.0
37.49,-0.4284097732535923,-0.4284097732535923,0.0
37.5,-0.28719449618692516,-0.28719449618692516,0.0
37.51,-0.17224911641578272,-0.17224911641578272,0.0
37.52,-0.06437883663126182,-0.06437883663126182,0.0
37.53,0.11294868756570928,0.11294868756570928,0.0
37.54,0.2601545683751225,0.2601545683751225,0.0
37.550000000000004,0.349686539660667,0.349686539660667,0.0
37.56,0.46355844436726307,0.46355844436726307,0.0
37.57,0.49679668234062857,0.49679668234062857,0.0
37.58,0.7154165470055877,0.7154165470055877,0.0
37.59,0.6770498103015162,0.6770498103015162,0.0
37.6,0.7727134577464524,0.7727134577464524,0.0
37.61,0.703514235193244,0.703514235193244,0.0
37.62,0.746010861232781,0.746010861232781,0.0
37.63,0.568547112145738,0.568547112145738,0.0
37.64,0.5332601724543549,0.5332601724543549,0.0
37.65,0.49445145774057075,0.49445145774057075,0.0
37.660000000000004,0.3843503148429376,0.3843503148429376,0.0
37.67,0.20048819345385113,0.20048819345385113,0.0
37.68,0.1167320882624143,0.1167320882624143,0.0
37.69,-0.029018671738142775,-0.029018671738142775,0.0
37.7,-0.16090965542472266,-0.16090965542472266,0.0
37.71,-0.28232193637796305,-0.28232193637796305,0.0
37.72,-0.3256611344401794,-0.3256611344401794,0.0
37.730000000000004,-0.5036507328818821,-0.5036507328818821,0.0
37.74,-0.7238662482782369,-0.7238662482782369,0.0
37.75,-0.631756535118372,-0.631756535118372,0.0
37.76,-0.7161660515123227,-0.7161660515123227,0.0
37.77,-0.6469425738443912,-0.6469425738443912,0.0
37.78,-0.7429276659419277,-0.7429276659419277,0.0
37.79,-0.6447325323063817,-0.6447325323063817,0.0
37.800000000000004,-0.6299934637559326,-0.6299934637559326,0.0
37.81,-0.5615780147604635,-0.5615780147604635,0.0
37.82,-0.5469377063185391,-0.5469377063185391,0.0
37.83,-0.41070140421083856,-0.41070140421083856,0.0
37.84,-0.14038474152766092,-0.14038474152766092,0.0
37.85,-0.13167231672569257,-0.13167231672569257,0.0
37.86,0.07169063344224882,0.07169063344224882,0.0
37.87,0.19230010407233772,0.19230010407233772,0.0
37.88,0.2771821414711871,0.2771821414711871,0.0
37.89,0.4864796884531563,0.4864796884531563,0.0
37.9,0.6884672916140833,0.6884672916140833,0.0
37.910000000000004,0.8057425512302303,0.8057425512302303,0.0
37.92,0.8248646354406772,0.8248646354406772,0.0
37.93,0.845944245489464,0.845944245489464,0.0
37.94,1.0056934129821997,1.0056934129821997,0.0
37.95,1.0187587120523198,1.0187587120523198,0.0
37.96,1.0602308764805053,1.0602308764805053,0.0
37.97,0.900523507450537,0.900523507450537,0.0
37.980000000000004,0.9256595204853132,0.9256595204853132,0.0
37.99,0.8059203860118292,0.8059203860118292,0.0
38.0,0.7731211809194503,0.7731211809194503,0.0
38.01,0.6211743831249241,0.6211743831249241,0.0
38.02,0.5451948338054977,0.5451948338054977,0.0
38.03,0.40860886569148214,0.40860886569148214,0.0
38.04,0.16239067105829538,0.16239067105829538,0.0
38.050000000000004,0.15233348153356596,0.15233348153356596,0.0
38.06,-0.05160838718808686,-0.05160838718808686,0.0
38.07,-0.1432818454195211,-0.1432818454195211,0.0
38.08,-0.25153174415549995,-0.25153174415549995,0.0
38.09,-0.3775909870860672,-0.3775909870860672,0.0
38.1,-0.4493452497747318,-0.4493452497747318,0.0
38.11,-0.47567690155412673,-0.47567690155412673,0.0
38.12,-0.5160766007327195,-0.5160766007327195,0.0
38.13,-0.4967923870695853,-0.4967923870695853,0.0
38.14,-0.541257127876233,-0.541257127876233,0.0
38.15,-0.3225828754344849,-0.3225828754344849,0.0
38.160000000000004,-0.27044684210274034,-0.27044684210274034,0.0
38.17,-0.1733541607534736,-0.1733541607534736,0.0
38.18,0.04646901507522744,0.04646901507522744,0.0
38.19,0.07448090603258933,0.07448090603258933,0.0
38.2,0.12656832499372983,0.12656832499372983,0.0
38.21,0.3482751828475187,0.3482751828475187,0.0
38.22,0.5403110935104776,0.5403110935104776,0.0
38.230000000000004,0.6049726977436629,0.6049726977436629,0.0
38.24,0.7518326969058469,0.7518326969058469,0.0
38.25,0.8138547834436178,0.8138547834436178,0.0
38.26,1.0222699990185546,1.0222699990185546,0.0
38.27,1.0404666791486807,1.0404666791486807,0.0
38.28,1.1303960414132783,1.1303960414132783,0.0
38.29,1.2995742830515102,1.2995742830515102,0.0
38.300000000000004,1.2072457380241817,1.2072457380241817,0.0
38.31,1.2672690300395968,1.2672690300395968,0.0
38.32,1.1295342834407993,1.1295342834407993,0.0
38.33,1.0803118263157785,1.0803118263157785,0.0
38.34,0.9758726581173163,0.9758726581173163,0.0
38.35,0.8635247798746353,0.8635247798746353,0.0
38.36,0.8871435301058977,0.8871435301058977,0.0
38.37,0.6276224880613763,0.6276224880613763,0.0
38.38,0.5767665019722387,0.5767665019722387,0.0
38.39,0.3291473915694832,0.3291473915694832,0.0
38.4,0.3043799413366921,0.3043799413366921,0.0
38.410000000000004,0.1378924468084155,0.1378924468084155,0.0
38.42,-0.03413421506649417,-0.03413421506649417,0.0
38.43,-0.18097437920584564,-0.18097437920584564,0.0
38.44,-0.20868182691356307,-0.20868182691356307,0.0
38.45,-0.2167838486513456,-0.2167838486513456,0.0
38.46,-0.2615032651458261,-0.2615032651458261,0.0
38.47,-0.26550820716282797,-0.26550820716282797,0.0
38.480000000000004,-0.3514327963181359,-0.3514327963181359,0.0
38.49,-0.2764110220370667,-0.2764110220370667,0.0
38.5,-0.2975439185878902,-0.2975439185878902,0.0
38.51,-0.1733635908256677,-0.1733635908256677,0.0
38.52,0.015551487252204899,0.015551487252204899,0.0
38.53,0.048023556643323584,0.048023556643323584,0.0
38.54,0.29731027171696495,0.29731027171696495,0.0
38.550000000000004,0.392511493913554,0.392511493913554,0.0
38.56,0.564961010809456,0.564961010809456,0.0
38.57,0.6634520537805884,0.6634520537805884,0.0
38.58,0.8268940660524384,0.8268940660524384,0.0
38.59,0.8792333648307964,0.8792333648307964,0.0
38.6,1.102326453998301,1.102326453998301,0.0
38.61,1.2402816327085837,1.2402816327085837,0.0
38.62,1.2256834014399287,1.2256834014399287,0.0
38.63,1.256229281818638,1.256229281818638,0.0
38.64,1.2201007224360598,1.2201007224360598,0.0
38.65,1.3980383681719037,1.3980383681719037,0.0
38.660000000000004,1.2323223917503996,1.2323223917503996,0.0
38.67,1.1730839328347562,1.1730839328347562,0.0
38.68,1.2487774804901934,1.2487774804901934,0.0
38.69,1.0194199917675144,1.0194199917675144,0.0
38.7,0.9106097568119569,0.9106097568119569,0.0
38.71,0.8117280865397216,0.8117280865397216,0.0
38.72,0.6996471412084829,0.6996471412084829,0.0
38.730000000000004,0.5196750098710867,0.5196750098710867,0.0
38.74,0.28731023181131127,0.28731023181131127,0.0
38.75,0.11062428471806629,0.11062428471806629,0.0
38.76,0.08543722728970854,0.08543722728970854,0.0
38.77,0.013041260531070353,0.013041260531070353,0.0
38.78,-0.1626689710818539,-0.1626689710818539,0.0
38.79,-0.17676333839051506,-0.17676333839051506,0.0
38.800000000000004,-0.2597900538732333,-0.2597900538732333,0.0
38.81,-0.22489918637395545,-0.22489918637395545,0.0
38.82,-0.2649722377601921,-0.2649722377601921,0.0
38.83,-0.26134707042070104,-0.26134707042070104,0.0
38.84,-0.2715788555643155,-0.2715788555643155,0.0
38.85,-0.13656609579875978,-0.13656609579875978,0.0
38.86,-0.03070308208671524,-0.03070308208671524,0.0
38.87,0.07763323131399313,0.07763323131399313,0.0
38.88,0.1493800853492292,0.1493800853492292,0.0
38.89,0.3113698986685287,0.3113698986685287,0.0
38.9,0.3862856442261917,0.3862856442261917,0.0
38.910000000000004,0.5330416625980825,0.5330416625980825,0.0
38.92,0.7802654966093818,0.7802654966093818,0.0
38.93,0.8648467753441464,0.8648467753441464,0.0
38.94,0.8812527556265655,0.8812527556265655,0.0
38.95,1.0686847886431776,1.0686847886431776,0.0
38.96,1.1995044510889203,1.1995044510889203,0.0
38.97,1.2161897612251686,1.2161897612251686,0.0
38.980000000000004,1.3236512671132306,1.3236512671132306,0.0
38.99,1.1946421606461413,1.1946421606461413,0.0
39.0,1.2882546458938302,1.2882546458938302,0.0
39.01,1.1883569946450714,1.1883569946450714,0.0
39.02,1.0434996905466238,1.0434996905466238,0.0
39.03,1.0758248824185221,1.0758248824185221,0.0
39.04,0.926516754179476,0.926516754179476,0.0
39.050000000000004,0.8653240031899867,0.8653240031899867,0.0
39.06,0.6576471123733107,0.6576471123733107,0.0
39.07,0.3648276135710533,0.3648276135710533,0.0
39.08,0.36276642974493084,0.36276642974493084,0.0
39.09,0.15703562066617982,0.15703562066617982,0.0
39.1,-0.007598718756221701,-0.007598718756221701,0.0
39.11,-0.04921338031332778,-0.04921338031332778,0.0
39.12,-0.2574069893503282,-0.2574069893503282,0.0
39.13,-0.20615000038073394,-0.20615000038073394,0.0
39.14,-0.28940128420429023,-0.28940128420429023,0.0
39.15,-0.28253424788902815,-0.28253424788902815,0.0
39.160000000000004,-0.46740087589048745,-0.46740087589048745,0.0
39.17,-0.3113263856095649,-0.3113263856095649,0.0
39.18,-0.31678459884827953,-0.31678459884827953,0.0
39.19,-0.2841229974227287,-0.2841229974227287,0.0
39.2,-0.18988179282209372,-0.18988179282209372,0.0
39.21,-0.06858451795231196,-0.06858451795231196,0.0
39.22,0.08120020187850646,0.08120020187850646,0.0
39.230000000000004,0.1298350693878623,0.1298350693878623,0.0
39.24,0.3255884480345106,0.3255884480345106,0.0
39.25,0.4807903461770031,0.4807903461770031,0.0
39.26,0.6277483884286009,0.6277483884286009,0.0
39.27,0.7146905386323053,0.7146905386323053,0.0
39.28,0.8968978521202603,0.8968978521202603,0.0
39.29,0.89486537815663,0.89486537815663,0.0
39.300000000000004,0.9983194855424362,0.9983194855424362,0.0
39.31,1.0525022873291738,1.0525022873291738,0.0
39.32,1.1465402267624643,1.1465402267624643,0.0
39.33,1.1666054531745083,1.1666054531745083,0.0
39.34,1.1300350809312438,1.1300350809312438,0.0
39.35,1.04486830973754,1.04486830973754,0.0
39.36,1.022175619382222,1.022175619382222,0.0
39.37,0.8818211166997435,0.8818211166997435,0.0
39.38,0.7970656020173731,0.7970656020173731,0.0
39.39,0.6424884302327707,0.6424884302327707,0.0
39.4,0.5497660058049598,0.5497660058049598,0.0
39.410000000000004,0.32455844017960656,0.32455844017960656,0.0
39.42,0.20244398098868135,0.20244398098868135,0.0
39.43,0.0017340500268206993,0.0017340500268206993,0.0
39.44,-0.06706998724999114,-0.06706998724999114,0.0
39.45,-0.294729011532901,-0.294729011532901,0.0
39.46,-0.33456591653725976,-0.33456591653725976,0.0
39.47,-0.38827108365850355,-0.38827108365850355,0.0
39.480000000000004,-0.5587140339618935,-0.5587140339618935,0.0
39.49,-0.41243478607240985,-0.41243478607240985,0.0
39.5,-0.49068000935815836,-0.49068000935815836,0.0
39.51,-0.4750738516482926,-0.4750738516482926,0.0
39.52,-0.46302766035064385,-0.46302766035064385,0.0
39.53,-0.4170090133198847,-0.4170090133198847,0.0
39.54,-0.2671666426316588,-0.2671666426316588,0.0
39.550000000000004,-0.23000568737799296,-0.23000568737799296,0.0
39.56,-0.15623540562514032,-0.15623540562514032,0.0
39.57,0.01877187546207479,0.01877187546207479,0.0
39.58,0.23671795526539802,0.23671795526539802,0.0
39.59,0.31407243002093044,0.31407243002093044,0.0
39.6,0.470863975710141,0.470863975710141,0.0
39.61,0.6288364314372149,0.6288364314372149,0.0
39.62,0.7550783745081029,0.7550783745081029,0.0
39.63,0.8121301414429569,0.8121301414429569,0.0
39.64,0.9780830986554139,0.9780830986554139,0.0
39.65,0.9953947245876418,0.9953947245876418,0.0
39.660000000000004,1.0058728097762086,1.0058728097762086,0.0
39.67,0.98955291859651,0.98955291859651,0.0
39.68,1.012309314546187,1.012309314546187,0.0
39.69,1.0843798795695159,1.0843798795695159,0.0
39.7,0.8336538180042079,0.8336538180042079,0.0
39.71,0.6889034694924988,0.6889034694924988,0.0
39.72,0.6167077367032494,0.6167077367032494,0.0
39.730000000000004,0.5054644036295063,0.5054644036295063,0.0
39.74,0.2976644218774541,0.2976644218774541,0.0
39.75,0.1804980473352449,0.1804980473352449,0.0
39.76,0.02295069567065902,0.02295069567065902,0.0
39.77,-0.1879831806156052,-0.1879831806156052,0.0
39.78,-0.2775709866608459,-0.2775709866608459,0.0
39.79,-0.34390525162203145,-0.34390525162203145,0.0
39.800000000000004,-0.5608151275470727,-0.5608151275470727,0.0
39.81,-0.5733987742356467,-0.5733987742356467,0.0
39.82,-0.5502361349250555,-0.5502361349250555,0.0
39.83,-0.707451438615734,-0.707451438615734,0.0
39.84,-0.61611367302895,-0.61611367302895,0.0
39.85,-0.6298551854713883,-0.6298551854713883,0.0
39.86,-0.5038822813325177,-0.5038822813325177,0.0
39.87,-0.4659000163442348,-0.4659000163442348,0.0
39.88,-0.3893492047205937,-0.3893492047205937,0.0
39.89,-0.23326998627602952,-0.23326998627602952,0.0
39.9,-0.03859966187571365,-0.03859966187571365,0.0
39.910000000000004,0.10441436921281866,0.10441436921281866,0.0
39.92,0.23251019873012965,0.23251019873012965,0.0
39.93,0.3993176087125859,0.3993176087125859,0.0
39.94,0.4736856053931773,0.4736856053931773,0.0
39.95,0.6020060717394877,0.6020060717394877,0.0
39.96,0.8285599009167202,0.8285599009167202,0.0
39.97,0.8053715438137187,0.8053715438137187,0.0
39.980000000000004,0.9785784443802186,0.9785784443802186,0.0
39.99,1.0008506324143025,1.0008506324143025,0.0
